ISO-10303-21;
HEADER;
FILE_DESCRIPTION(('STEP AP203'),
    '1');
FILE_NAME('XGZP-2',
    '',
    ('UNSPECIFIED'),
    ('UNSPECIFIED'),
    'C3D Converter',
    'C3D Toolkit',
    '');
FILE_SCHEMA(('CONFIG_CONTROL_DESIGN'));
ENDSEC;

DATA;
#1=PRODUCT_DEFINITION('','UNSPECIFIED',#88,#91);
#2=SHAPE_DEFINITION_REPRESENTATION(#86,#3);
#3=SHAPE_REPRESENTATION('NONE',(#4),#8);
#4=AXIS2_PLACEMENT_3D('',#5,#6,#7);
#5=CARTESIAN_POINT('',(0.,0.,0.));
#6=DIRECTION('',(0.,0.,1.));
#7=DIRECTION('',(1.,0.,0.));
#8=(GEOMETRIC_REPRESENTATION_CONTEXT(3)GLOBAL_UNCERTAINTY_ASSIGNED_CONTEXT((#10))
GLOBAL_UNIT_ASSIGNED_CONTEXT((#9,#11,#12))REPRESENTATION_CONTEXT('NONE','NONE'));
#9=(LENGTH_UNIT()NAMED_UNIT(*)SI_UNIT(.MILLI.,.METRE.));
#10=UNCERTAINTY_MEASURE_WITH_UNIT(LENGTH_MEASURE(1.E-5),#9,'NONE','NONE');
#11=(NAMED_UNIT(*)PLANE_ANGLE_UNIT()SI_UNIT($,.RADIAN.));
#12=(NAMED_UNIT(*)SI_UNIT($,.STERADIAN.)SOLID_ANGLE_UNIT());
#13=MANIFOLD_SOLID_BREP('',#14);
#14=CLOSED_SHELL('',(#113,#122,#131,#140,#149,#158,#167,#176,#185,#194,#203,#212,
#221,#230));
#15=COLOUR_RGB('',0.16078431372549,0.16078431372549,0.16078431372549);
#16=FILL_AREA_STYLE_COLOUR('',#15);
#17=FILL_AREA_STYLE($,(#16));
#18=SURFACE_STYLE_FILL_AREA(#17);
#19=SURFACE_SIDE_STYLE('',(#18));
#20=SURFACE_STYLE_USAGE(.BOTH.,#19);
#21=PRESENTATION_STYLE_ASSIGNMENT((#20));
#22=MECHANICAL_DESIGN_GEOMETRIC_PRESENTATION_REPRESENTATION('NONE',(#23,#33,#43,
#53,#63,#73,#83,#121,#130,#139,#148,#157,#166,#175,#184,#193,#202,#211,#220,#229,
#238,#247,#256,#265,#274,#283,#292,#301,#310,#319,#328,#337,#346,#355,#364,#373,
#382,#391,#400,#409,#418,#427,#436,#445,#454,#463,#472,#481,#490,#499,#508,#517,
#526,#535,#544,#553,#562,#571,#580,#589,#598,#607,#616,#625,#634,#643,#652,#661,
#670,#679,#688,#697,#706,#715,#724,#733,#742,#751,#760,#769,#778,#787,#796,#805,
#814,#823,#832,#841,#850,#859,#868,#877,#886,#895,#904,#913,#922,#931,#940,#949,
#958,#967,#976,#985,#994,#1003,#1012,#1021,#1030,#1039,#1048,#1057,#1066,#1075,#1084,
#1093,#1102,#1111,#1120,#1129,#1138,#1147,#1156,#1165,#1174,#1183,#1192,#1201,#1210,
#1219,#1228,#1237,#1246,#1255,#1264,#1273,#1282,#1291,#1300,#1309,#1318,#1327,#1336,
#1345,#1354,#1363,#1372,#1381,#1390),#8);
#23=STYLED_ITEM('',(#21),#13);
#24=MANIFOLD_SOLID_BREP('',#25);
#25=CLOSED_SHELL('',(#239,#248,#257,#266,#275,#284,#293,#302,#311,#320,#329,#338,
#347,#356));
#26=COLOUR_RGB('',0.16078431372549,0.16078431372549,0.16078431372549);
#27=FILL_AREA_STYLE_COLOUR('',#26);
#28=FILL_AREA_STYLE($,(#27));
#29=SURFACE_STYLE_FILL_AREA(#28);
#30=SURFACE_SIDE_STYLE('',(#29));
#31=SURFACE_STYLE_USAGE(.BOTH.,#30);
#32=PRESENTATION_STYLE_ASSIGNMENT((#31));
#33=STYLED_ITEM('',(#32),#24);
#34=MANIFOLD_SOLID_BREP('',#35);
#35=CLOSED_SHELL('',(#365,#374,#383,#392,#401,#410,#419,#428,#437,#446,#455,#464,
#473,#482));
#36=COLOUR_RGB('',0.16078431372549,0.16078431372549,0.16078431372549);
#37=FILL_AREA_STYLE_COLOUR('',#36);
#38=FILL_AREA_STYLE($,(#37));
#39=SURFACE_STYLE_FILL_AREA(#38);
#40=SURFACE_SIDE_STYLE('',(#39));
#41=SURFACE_STYLE_USAGE(.BOTH.,#40);
#42=PRESENTATION_STYLE_ASSIGNMENT((#41));
#43=STYLED_ITEM('',(#42),#34);
#44=MANIFOLD_SOLID_BREP('',#45);
#45=CLOSED_SHELL('',(#491,#500,#509,#518,#527,#536,#545,#554,#563,#572,#581,#590,
#599,#608));
#46=COLOUR_RGB('',0.16078431372549,0.16078431372549,0.16078431372549);
#47=FILL_AREA_STYLE_COLOUR('',#46);
#48=FILL_AREA_STYLE($,(#47));
#49=SURFACE_STYLE_FILL_AREA(#48);
#50=SURFACE_SIDE_STYLE('',(#49));
#51=SURFACE_STYLE_USAGE(.BOTH.,#50);
#52=PRESENTATION_STYLE_ASSIGNMENT((#51));
#53=STYLED_ITEM('',(#52),#44);
#54=MANIFOLD_SOLID_BREP('',#55);
#55=CLOSED_SHELL('',(#617,#626,#635,#644,#653,#662,#671,#680,#689,#698,#707,#716,
#725,#734));
#56=COLOUR_RGB('',0.16078431372549,0.16078431372549,0.16078431372549);
#57=FILL_AREA_STYLE_COLOUR('',#56);
#58=FILL_AREA_STYLE($,(#57));
#59=SURFACE_STYLE_FILL_AREA(#58);
#60=SURFACE_SIDE_STYLE('',(#59));
#61=SURFACE_STYLE_USAGE(.BOTH.,#60);
#62=PRESENTATION_STYLE_ASSIGNMENT((#61));
#63=STYLED_ITEM('',(#62),#54);
#64=MANIFOLD_SOLID_BREP('',#65);
#65=CLOSED_SHELL('',(#743,#752,#761,#770,#779,#788,#797,#806,#815,#824,#833,#842,
#851,#860));
#66=COLOUR_RGB('',0.16078431372549,0.16078431372549,0.16078431372549);
#67=FILL_AREA_STYLE_COLOUR('',#66);
#68=FILL_AREA_STYLE($,(#67));
#69=SURFACE_STYLE_FILL_AREA(#68);
#70=SURFACE_SIDE_STYLE('',(#69));
#71=SURFACE_STYLE_USAGE(.BOTH.,#70);
#72=PRESENTATION_STYLE_ASSIGNMENT((#71));
#73=STYLED_ITEM('',(#72),#64);
#74=MANIFOLD_SOLID_BREP('',#75);
#75=CLOSED_SHELL('',(#869,#878,#887,#896,#905,#914,#923,#932,#941,#950,#959,#968,
#977,#986,#995,#1004,#1013,#1022,#1031,#1040,#1049,#1058,#1067,#1076,#1085,#1094,
#1103,#1112,#1121,#1130,#1139,#1148,#1157,#1166,#1175,#1184,#1193,#1202,#1211,#1220,
#1229,#1238,#1247,#1256,#1265,#1274,#1283,#1292,#1301,#1310,#1319,#1328,#1337,#1346,
#1355,#1364,#1373,#1382));
#76=COLOUR_RGB('',0.16078431372549,0.16078431372549,0.16078431372549);
#77=FILL_AREA_STYLE_COLOUR('',#76);
#78=FILL_AREA_STYLE($,(#77));
#79=SURFACE_STYLE_FILL_AREA(#78);
#80=SURFACE_SIDE_STYLE('',(#79));
#81=SURFACE_STYLE_USAGE(.BOTH.,#80);
#82=PRESENTATION_STYLE_ASSIGNMENT((#81));
#83=STYLED_ITEM('',(#82),#74);
#84=ADVANCED_BREP_SHAPE_REPRESENTATION('NONE',(#13,#24,#34,#44,#54,#64,#74),#8);
#85=SHAPE_REPRESENTATION_RELATIONSHIP('','',#3,#84);
#86=PRODUCT_DEFINITION_SHAPE('NONE','NONE',#1);
#87=MECHANICAL_CONTEXT('NONE',#92,'mechanical');
#88=PRODUCT_DEFINITION_FORMATION_WITH_SPECIFIED_SOURCE('ANY','UNSPECIFIED',#89,.NOT_KNOWN.);
#89=PRODUCT('','\X2\0414043504420430043B044C\X0\','NONE',(#87));
#90=PRODUCT_RELATED_PRODUCT_CATEGORY('detail','',(#89));
#91=DESIGN_CONTEXT('detailed design',#92,'design');
#92=APPLICATION_CONTEXT('configuration controlled 3d designs of mechanical parts and assemblies');
#93=APPLICATION_PROTOCOL_DEFINITION('international standard','config_control_design',
1994,#92);
#94=CC_DESIGN_DATE_AND_TIME_ASSIGNMENT(#95,#99,(#1));
#95=DATE_AND_TIME(#96,#97);
#96=CALENDAR_DATE(0,1,1);
#97=LOCAL_TIME(0,0,0.,#98);
#98=COORDINATED_UNIVERSAL_TIME_OFFSET(0,0,.AHEAD.);
#99=DATE_TIME_ROLE('creation_date');
#100=CC_DESIGN_APPROVAL(#101,(#1));
#101=APPROVAL(#102,'UNSPECIFIED');
#102=APPROVAL_STATUS('not_yet_approved');
#103=APPROVAL_DATE_TIME(#104,#101);
#104=DATE_AND_TIME(#105,#106);
#105=CALENDAR_DATE(0,1,1);
#106=LOCAL_TIME(0,0,0.,#107);
#107=COORDINATED_UNIVERSAL_TIME_OFFSET(0,0,.AHEAD.);
#108=PERSON('UNSPECIFIED','Пользователь Windows','UNSPECIFIED',('UNSPECIFIED'),(
'UNSPECIFIED'),('UNSPECIFIED'));
#109=ORGANIZATION('UNSPECIFIED','UNSPECIFIED','UNSPECIFIED');
#110=PERSON_AND_ORGANIZATION(#108,#109);
#111=PERSON_AND_ORGANIZATION_ROLE('creator');
#112=CC_DESIGN_PERSON_AND_ORGANIZATION_ASSIGNMENT(#110,#111,(#88,#1));
#113=ADVANCED_FACE('',(#1391),#1393,.T.);
#114=COLOUR_RGB('',0.752941176470588,0.752941176470588,0.752941176470588);
#115=FILL_AREA_STYLE_COLOUR('',#114);
#116=FILL_AREA_STYLE($,(#115));
#117=SURFACE_STYLE_FILL_AREA(#116);
#118=SURFACE_SIDE_STYLE('',(#117));
#119=SURFACE_STYLE_USAGE(.BOTH.,#118);
#120=PRESENTATION_STYLE_ASSIGNMENT((#119));
#121=STYLED_ITEM('',(#120),#113);
#122=ADVANCED_FACE('',(#1398),#1400,.F.);
#123=COLOUR_RGB('',0.752941176470588,0.752941176470588,0.752941176470588);
#124=FILL_AREA_STYLE_COLOUR('',#123);
#125=FILL_AREA_STYLE($,(#124));
#126=SURFACE_STYLE_FILL_AREA(#125);
#127=SURFACE_SIDE_STYLE('',(#126));
#128=SURFACE_STYLE_USAGE(.BOTH.,#127);
#129=PRESENTATION_STYLE_ASSIGNMENT((#128));
#130=STYLED_ITEM('',(#129),#122);
#131=ADVANCED_FACE('',(#1405),#1407,.T.);
#132=COLOUR_RGB('',0.752941176470588,0.752941176470588,0.752941176470588);
#133=FILL_AREA_STYLE_COLOUR('',#132);
#134=FILL_AREA_STYLE($,(#133));
#135=SURFACE_STYLE_FILL_AREA(#134);
#136=SURFACE_SIDE_STYLE('',(#135));
#137=SURFACE_STYLE_USAGE(.BOTH.,#136);
#138=PRESENTATION_STYLE_ASSIGNMENT((#137));
#139=STYLED_ITEM('',(#138),#131);
#140=ADVANCED_FACE('',(#1412),#1414,.T.);
#141=COLOUR_RGB('',0.752941176470588,0.752941176470588,0.752941176470588);
#142=FILL_AREA_STYLE_COLOUR('',#141);
#143=FILL_AREA_STYLE($,(#142));
#144=SURFACE_STYLE_FILL_AREA(#143);
#145=SURFACE_SIDE_STYLE('',(#144));
#146=SURFACE_STYLE_USAGE(.BOTH.,#145);
#147=PRESENTATION_STYLE_ASSIGNMENT((#146));
#148=STYLED_ITEM('',(#147),#140);
#149=ADVANCED_FACE('',(#1419),#1421,.T.);
#150=COLOUR_RGB('',0.752941176470588,0.752941176470588,0.752941176470588);
#151=FILL_AREA_STYLE_COLOUR('',#150);
#152=FILL_AREA_STYLE($,(#151));
#153=SURFACE_STYLE_FILL_AREA(#152);
#154=SURFACE_SIDE_STYLE('',(#153));
#155=SURFACE_STYLE_USAGE(.BOTH.,#154);
#156=PRESENTATION_STYLE_ASSIGNMENT((#155));
#157=STYLED_ITEM('',(#156),#149);
#158=ADVANCED_FACE('',(#1426),#1428,.F.);
#159=COLOUR_RGB('',0.752941176470588,0.752941176470588,0.752941176470588);
#160=FILL_AREA_STYLE_COLOUR('',#159);
#161=FILL_AREA_STYLE($,(#160));
#162=SURFACE_STYLE_FILL_AREA(#161);
#163=SURFACE_SIDE_STYLE('',(#162));
#164=SURFACE_STYLE_USAGE(.BOTH.,#163);
#165=PRESENTATION_STYLE_ASSIGNMENT((#164));
#166=STYLED_ITEM('',(#165),#158);
#167=ADVANCED_FACE('',(#1433),#1435,.T.);
#168=COLOUR_RGB('',0.752941176470588,0.752941176470588,0.752941176470588);
#169=FILL_AREA_STYLE_COLOUR('',#168);
#170=FILL_AREA_STYLE($,(#169));
#171=SURFACE_STYLE_FILL_AREA(#170);
#172=SURFACE_SIDE_STYLE('',(#171));
#173=SURFACE_STYLE_USAGE(.BOTH.,#172);
#174=PRESENTATION_STYLE_ASSIGNMENT((#173));
#175=STYLED_ITEM('',(#174),#167);
#176=ADVANCED_FACE('',(#1440),#1442,.T.);
#177=COLOUR_RGB('',0.752941176470588,0.752941176470588,0.752941176470588);
#178=FILL_AREA_STYLE_COLOUR('',#177);
#179=FILL_AREA_STYLE($,(#178));
#180=SURFACE_STYLE_FILL_AREA(#179);
#181=SURFACE_SIDE_STYLE('',(#180));
#182=SURFACE_STYLE_USAGE(.BOTH.,#181);
#183=PRESENTATION_STYLE_ASSIGNMENT((#182));
#184=STYLED_ITEM('',(#183),#176);
#185=ADVANCED_FACE('',(#1447),#1449,.T.);
#186=COLOUR_RGB('',0.752941176470588,0.752941176470588,0.752941176470588);
#187=FILL_AREA_STYLE_COLOUR('',#186);
#188=FILL_AREA_STYLE($,(#187));
#189=SURFACE_STYLE_FILL_AREA(#188);
#190=SURFACE_SIDE_STYLE('',(#189));
#191=SURFACE_STYLE_USAGE(.BOTH.,#190);
#192=PRESENTATION_STYLE_ASSIGNMENT((#191));
#193=STYLED_ITEM('',(#192),#185);
#194=ADVANCED_FACE('',(#1454),#1456,.T.);
#195=COLOUR_RGB('',0.752941176470588,0.752941176470588,0.752941176470588);
#196=FILL_AREA_STYLE_COLOUR('',#195);
#197=FILL_AREA_STYLE($,(#196));
#198=SURFACE_STYLE_FILL_AREA(#197);
#199=SURFACE_SIDE_STYLE('',(#198));
#200=SURFACE_STYLE_USAGE(.BOTH.,#199);
#201=PRESENTATION_STYLE_ASSIGNMENT((#200));
#202=STYLED_ITEM('',(#201),#194);
#203=ADVANCED_FACE('',(#1461),#1463,.T.);
#204=COLOUR_RGB('',0.752941176470588,0.752941176470588,0.752941176470588);
#205=FILL_AREA_STYLE_COLOUR('',#204);
#206=FILL_AREA_STYLE($,(#205));
#207=SURFACE_STYLE_FILL_AREA(#206);
#208=SURFACE_SIDE_STYLE('',(#207));
#209=SURFACE_STYLE_USAGE(.BOTH.,#208);
#210=PRESENTATION_STYLE_ASSIGNMENT((#209));
#211=STYLED_ITEM('',(#210),#203);
#212=ADVANCED_FACE('',(#1468),#1470,.F.);
#213=COLOUR_RGB('',0.752941176470588,0.752941176470588,0.752941176470588);
#214=FILL_AREA_STYLE_COLOUR('',#213);
#215=FILL_AREA_STYLE($,(#214));
#216=SURFACE_STYLE_FILL_AREA(#215);
#217=SURFACE_SIDE_STYLE('',(#216));
#218=SURFACE_STYLE_USAGE(.BOTH.,#217);
#219=PRESENTATION_STYLE_ASSIGNMENT((#218));
#220=STYLED_ITEM('',(#219),#212);
#221=ADVANCED_FACE('',(#1475),#1477,.T.);
#222=COLOUR_RGB('',0.752941176470588,0.752941176470588,0.752941176470588);
#223=FILL_AREA_STYLE_COLOUR('',#222);
#224=FILL_AREA_STYLE($,(#223));
#225=SURFACE_STYLE_FILL_AREA(#224);
#226=SURFACE_SIDE_STYLE('',(#225));
#227=SURFACE_STYLE_USAGE(.BOTH.,#226);
#228=PRESENTATION_STYLE_ASSIGNMENT((#227));
#229=STYLED_ITEM('',(#228),#221);
#230=ADVANCED_FACE('',(#1482),#1484,.T.);
#231=COLOUR_RGB('',0.752941176470588,0.752941176470588,0.752941176470588);
#232=FILL_AREA_STYLE_COLOUR('',#231);
#233=FILL_AREA_STYLE($,(#232));
#234=SURFACE_STYLE_FILL_AREA(#233);
#235=SURFACE_SIDE_STYLE('',(#234));
#236=SURFACE_STYLE_USAGE(.BOTH.,#235);
#237=PRESENTATION_STYLE_ASSIGNMENT((#236));
#238=STYLED_ITEM('',(#237),#230);
#239=ADVANCED_FACE('',(#1489),#1491,.F.);
#240=COLOUR_RGB('',0.752941176470588,0.752941176470588,0.752941176470588);
#241=FILL_AREA_STYLE_COLOUR('',#240);
#242=FILL_AREA_STYLE($,(#241));
#243=SURFACE_STYLE_FILL_AREA(#242);
#244=SURFACE_SIDE_STYLE('',(#243));
#245=SURFACE_STYLE_USAGE(.BOTH.,#244);
#246=PRESENTATION_STYLE_ASSIGNMENT((#245));
#247=STYLED_ITEM('',(#246),#239);
#248=ADVANCED_FACE('',(#1496),#1498,.T.);
#249=COLOUR_RGB('',0.752941176470588,0.752941176470588,0.752941176470588);
#250=FILL_AREA_STYLE_COLOUR('',#249);
#251=FILL_AREA_STYLE($,(#250));
#252=SURFACE_STYLE_FILL_AREA(#251);
#253=SURFACE_SIDE_STYLE('',(#252));
#254=SURFACE_STYLE_USAGE(.BOTH.,#253);
#255=PRESENTATION_STYLE_ASSIGNMENT((#254));
#256=STYLED_ITEM('',(#255),#248);
#257=ADVANCED_FACE('',(#1503),#1505,.T.);
#258=COLOUR_RGB('',0.752941176470588,0.752941176470588,0.752941176470588);
#259=FILL_AREA_STYLE_COLOUR('',#258);
#260=FILL_AREA_STYLE($,(#259));
#261=SURFACE_STYLE_FILL_AREA(#260);
#262=SURFACE_SIDE_STYLE('',(#261));
#263=SURFACE_STYLE_USAGE(.BOTH.,#262);
#264=PRESENTATION_STYLE_ASSIGNMENT((#263));
#265=STYLED_ITEM('',(#264),#257);
#266=ADVANCED_FACE('',(#1510),#1512,.T.);
#267=COLOUR_RGB('',0.752941176470588,0.752941176470588,0.752941176470588);
#268=FILL_AREA_STYLE_COLOUR('',#267);
#269=FILL_AREA_STYLE($,(#268));
#270=SURFACE_STYLE_FILL_AREA(#269);
#271=SURFACE_SIDE_STYLE('',(#270));
#272=SURFACE_STYLE_USAGE(.BOTH.,#271);
#273=PRESENTATION_STYLE_ASSIGNMENT((#272));
#274=STYLED_ITEM('',(#273),#266);
#275=ADVANCED_FACE('',(#1517),#1519,.T.);
#276=COLOUR_RGB('',0.752941176470588,0.752941176470588,0.752941176470588);
#277=FILL_AREA_STYLE_COLOUR('',#276);
#278=FILL_AREA_STYLE($,(#277));
#279=SURFACE_STYLE_FILL_AREA(#278);
#280=SURFACE_SIDE_STYLE('',(#279));
#281=SURFACE_STYLE_USAGE(.BOTH.,#280);
#282=PRESENTATION_STYLE_ASSIGNMENT((#281));
#283=STYLED_ITEM('',(#282),#275);
#284=ADVANCED_FACE('',(#1524),#1526,.T.);
#285=COLOUR_RGB('',0.752941176470588,0.752941176470588,0.752941176470588);
#286=FILL_AREA_STYLE_COLOUR('',#285);
#287=FILL_AREA_STYLE($,(#286));
#288=SURFACE_STYLE_FILL_AREA(#287);
#289=SURFACE_SIDE_STYLE('',(#288));
#290=SURFACE_STYLE_USAGE(.BOTH.,#289);
#291=PRESENTATION_STYLE_ASSIGNMENT((#290));
#292=STYLED_ITEM('',(#291),#284);
#293=ADVANCED_FACE('',(#1531),#1533,.F.);
#294=COLOUR_RGB('',0.752941176470588,0.752941176470588,0.752941176470588);
#295=FILL_AREA_STYLE_COLOUR('',#294);
#296=FILL_AREA_STYLE($,(#295));
#297=SURFACE_STYLE_FILL_AREA(#296);
#298=SURFACE_SIDE_STYLE('',(#297));
#299=SURFACE_STYLE_USAGE(.BOTH.,#298);
#300=PRESENTATION_STYLE_ASSIGNMENT((#299));
#301=STYLED_ITEM('',(#300),#293);
#302=ADVANCED_FACE('',(#1538),#1540,.T.);
#303=COLOUR_RGB('',0.752941176470588,0.752941176470588,0.752941176470588);
#304=FILL_AREA_STYLE_COLOUR('',#303);
#305=FILL_AREA_STYLE($,(#304));
#306=SURFACE_STYLE_FILL_AREA(#305);
#307=SURFACE_SIDE_STYLE('',(#306));
#308=SURFACE_STYLE_USAGE(.BOTH.,#307);
#309=PRESENTATION_STYLE_ASSIGNMENT((#308));
#310=STYLED_ITEM('',(#309),#302);
#311=ADVANCED_FACE('',(#1545),#1547,.T.);
#312=COLOUR_RGB('',0.752941176470588,0.752941176470588,0.752941176470588);
#313=FILL_AREA_STYLE_COLOUR('',#312);
#314=FILL_AREA_STYLE($,(#313));
#315=SURFACE_STYLE_FILL_AREA(#314);
#316=SURFACE_SIDE_STYLE('',(#315));
#317=SURFACE_STYLE_USAGE(.BOTH.,#316);
#318=PRESENTATION_STYLE_ASSIGNMENT((#317));
#319=STYLED_ITEM('',(#318),#311);
#320=ADVANCED_FACE('',(#1552),#1554,.T.);
#321=COLOUR_RGB('',0.752941176470588,0.752941176470588,0.752941176470588);
#322=FILL_AREA_STYLE_COLOUR('',#321);
#323=FILL_AREA_STYLE($,(#322));
#324=SURFACE_STYLE_FILL_AREA(#323);
#325=SURFACE_SIDE_STYLE('',(#324));
#326=SURFACE_STYLE_USAGE(.BOTH.,#325);
#327=PRESENTATION_STYLE_ASSIGNMENT((#326));
#328=STYLED_ITEM('',(#327),#320);
#329=ADVANCED_FACE('',(#1559),#1561,.T.);
#330=COLOUR_RGB('',0.752941176470588,0.752941176470588,0.752941176470588);
#331=FILL_AREA_STYLE_COLOUR('',#330);
#332=FILL_AREA_STYLE($,(#331));
#333=SURFACE_STYLE_FILL_AREA(#332);
#334=SURFACE_SIDE_STYLE('',(#333));
#335=SURFACE_STYLE_USAGE(.BOTH.,#334);
#336=PRESENTATION_STYLE_ASSIGNMENT((#335));
#337=STYLED_ITEM('',(#336),#329);
#338=ADVANCED_FACE('',(#1566),#1568,.T.);
#339=COLOUR_RGB('',0.752941176470588,0.752941176470588,0.752941176470588);
#340=FILL_AREA_STYLE_COLOUR('',#339);
#341=FILL_AREA_STYLE($,(#340));
#342=SURFACE_STYLE_FILL_AREA(#341);
#343=SURFACE_SIDE_STYLE('',(#342));
#344=SURFACE_STYLE_USAGE(.BOTH.,#343);
#345=PRESENTATION_STYLE_ASSIGNMENT((#344));
#346=STYLED_ITEM('',(#345),#338);
#347=ADVANCED_FACE('',(#1573),#1575,.T.);
#348=COLOUR_RGB('',0.752941176470588,0.752941176470588,0.752941176470588);
#349=FILL_AREA_STYLE_COLOUR('',#348);
#350=FILL_AREA_STYLE($,(#349));
#351=SURFACE_STYLE_FILL_AREA(#350);
#352=SURFACE_SIDE_STYLE('',(#351));
#353=SURFACE_STYLE_USAGE(.BOTH.,#352);
#354=PRESENTATION_STYLE_ASSIGNMENT((#353));
#355=STYLED_ITEM('',(#354),#347);
#356=ADVANCED_FACE('',(#1580),#1582,.F.);
#357=COLOUR_RGB('',0.752941176470588,0.752941176470588,0.752941176470588);
#358=FILL_AREA_STYLE_COLOUR('',#357);
#359=FILL_AREA_STYLE($,(#358));
#360=SURFACE_STYLE_FILL_AREA(#359);
#361=SURFACE_SIDE_STYLE('',(#360));
#362=SURFACE_STYLE_USAGE(.BOTH.,#361);
#363=PRESENTATION_STYLE_ASSIGNMENT((#362));
#364=STYLED_ITEM('',(#363),#356);
#365=ADVANCED_FACE('',(#1587),#1589,.F.);
#366=COLOUR_RGB('',0.752941176470588,0.752941176470588,0.752941176470588);
#367=FILL_AREA_STYLE_COLOUR('',#366);
#368=FILL_AREA_STYLE($,(#367));
#369=SURFACE_STYLE_FILL_AREA(#368);
#370=SURFACE_SIDE_STYLE('',(#369));
#371=SURFACE_STYLE_USAGE(.BOTH.,#370);
#372=PRESENTATION_STYLE_ASSIGNMENT((#371));
#373=STYLED_ITEM('',(#372),#365);
#374=ADVANCED_FACE('',(#1594),#1596,.T.);
#375=COLOUR_RGB('',0.752941176470588,0.752941176470588,0.752941176470588);
#376=FILL_AREA_STYLE_COLOUR('',#375);
#377=FILL_AREA_STYLE($,(#376));
#378=SURFACE_STYLE_FILL_AREA(#377);
#379=SURFACE_SIDE_STYLE('',(#378));
#380=SURFACE_STYLE_USAGE(.BOTH.,#379);
#381=PRESENTATION_STYLE_ASSIGNMENT((#380));
#382=STYLED_ITEM('',(#381),#374);
#383=ADVANCED_FACE('',(#1601),#1603,.T.);
#384=COLOUR_RGB('',0.752941176470588,0.752941176470588,0.752941176470588);
#385=FILL_AREA_STYLE_COLOUR('',#384);
#386=FILL_AREA_STYLE($,(#385));
#387=SURFACE_STYLE_FILL_AREA(#386);
#388=SURFACE_SIDE_STYLE('',(#387));
#389=SURFACE_STYLE_USAGE(.BOTH.,#388);
#390=PRESENTATION_STYLE_ASSIGNMENT((#389));
#391=STYLED_ITEM('',(#390),#383);
#392=ADVANCED_FACE('',(#1608),#1610,.T.);
#393=COLOUR_RGB('',0.752941176470588,0.752941176470588,0.752941176470588);
#394=FILL_AREA_STYLE_COLOUR('',#393);
#395=FILL_AREA_STYLE($,(#394));
#396=SURFACE_STYLE_FILL_AREA(#395);
#397=SURFACE_SIDE_STYLE('',(#396));
#398=SURFACE_STYLE_USAGE(.BOTH.,#397);
#399=PRESENTATION_STYLE_ASSIGNMENT((#398));
#400=STYLED_ITEM('',(#399),#392);
#401=ADVANCED_FACE('',(#1615),#1617,.T.);
#402=COLOUR_RGB('',0.752941176470588,0.752941176470588,0.752941176470588);
#403=FILL_AREA_STYLE_COLOUR('',#402);
#404=FILL_AREA_STYLE($,(#403));
#405=SURFACE_STYLE_FILL_AREA(#404);
#406=SURFACE_SIDE_STYLE('',(#405));
#407=SURFACE_STYLE_USAGE(.BOTH.,#406);
#408=PRESENTATION_STYLE_ASSIGNMENT((#407));
#409=STYLED_ITEM('',(#408),#401);
#410=ADVANCED_FACE('',(#1622),#1624,.T.);
#411=COLOUR_RGB('',0.752941176470588,0.752941176470588,0.752941176470588);
#412=FILL_AREA_STYLE_COLOUR('',#411);
#413=FILL_AREA_STYLE($,(#412));
#414=SURFACE_STYLE_FILL_AREA(#413);
#415=SURFACE_SIDE_STYLE('',(#414));
#416=SURFACE_STYLE_USAGE(.BOTH.,#415);
#417=PRESENTATION_STYLE_ASSIGNMENT((#416));
#418=STYLED_ITEM('',(#417),#410);
#419=ADVANCED_FACE('',(#1629),#1631,.F.);
#420=COLOUR_RGB('',0.752941176470588,0.752941176470588,0.752941176470588);
#421=FILL_AREA_STYLE_COLOUR('',#420);
#422=FILL_AREA_STYLE($,(#421));
#423=SURFACE_STYLE_FILL_AREA(#422);
#424=SURFACE_SIDE_STYLE('',(#423));
#425=SURFACE_STYLE_USAGE(.BOTH.,#424);
#426=PRESENTATION_STYLE_ASSIGNMENT((#425));
#427=STYLED_ITEM('',(#426),#419);
#428=ADVANCED_FACE('',(#1636),#1638,.T.);
#429=COLOUR_RGB('',0.752941176470588,0.752941176470588,0.752941176470588);
#430=FILL_AREA_STYLE_COLOUR('',#429);
#431=FILL_AREA_STYLE($,(#430));
#432=SURFACE_STYLE_FILL_AREA(#431);
#433=SURFACE_SIDE_STYLE('',(#432));
#434=SURFACE_STYLE_USAGE(.BOTH.,#433);
#435=PRESENTATION_STYLE_ASSIGNMENT((#434));
#436=STYLED_ITEM('',(#435),#428);
#437=ADVANCED_FACE('',(#1643),#1645,.T.);
#438=COLOUR_RGB('',0.752941176470588,0.752941176470588,0.752941176470588);
#439=FILL_AREA_STYLE_COLOUR('',#438);
#440=FILL_AREA_STYLE($,(#439));
#441=SURFACE_STYLE_FILL_AREA(#440);
#442=SURFACE_SIDE_STYLE('',(#441));
#443=SURFACE_STYLE_USAGE(.BOTH.,#442);
#444=PRESENTATION_STYLE_ASSIGNMENT((#443));
#445=STYLED_ITEM('',(#444),#437);
#446=ADVANCED_FACE('',(#1650),#1652,.T.);
#447=COLOUR_RGB('',0.752941176470588,0.752941176470588,0.752941176470588);
#448=FILL_AREA_STYLE_COLOUR('',#447);
#449=FILL_AREA_STYLE($,(#448));
#450=SURFACE_STYLE_FILL_AREA(#449);
#451=SURFACE_SIDE_STYLE('',(#450));
#452=SURFACE_STYLE_USAGE(.BOTH.,#451);
#453=PRESENTATION_STYLE_ASSIGNMENT((#452));
#454=STYLED_ITEM('',(#453),#446);
#455=ADVANCED_FACE('',(#1657),#1659,.T.);
#456=COLOUR_RGB('',0.752941176470588,0.752941176470588,0.752941176470588);
#457=FILL_AREA_STYLE_COLOUR('',#456);
#458=FILL_AREA_STYLE($,(#457));
#459=SURFACE_STYLE_FILL_AREA(#458);
#460=SURFACE_SIDE_STYLE('',(#459));
#461=SURFACE_STYLE_USAGE(.BOTH.,#460);
#462=PRESENTATION_STYLE_ASSIGNMENT((#461));
#463=STYLED_ITEM('',(#462),#455);
#464=ADVANCED_FACE('',(#1664),#1666,.T.);
#465=COLOUR_RGB('',0.752941176470588,0.752941176470588,0.752941176470588);
#466=FILL_AREA_STYLE_COLOUR('',#465);
#467=FILL_AREA_STYLE($,(#466));
#468=SURFACE_STYLE_FILL_AREA(#467);
#469=SURFACE_SIDE_STYLE('',(#468));
#470=SURFACE_STYLE_USAGE(.BOTH.,#469);
#471=PRESENTATION_STYLE_ASSIGNMENT((#470));
#472=STYLED_ITEM('',(#471),#464);
#473=ADVANCED_FACE('',(#1671),#1673,.T.);
#474=COLOUR_RGB('',0.752941176470588,0.752941176470588,0.752941176470588);
#475=FILL_AREA_STYLE_COLOUR('',#474);
#476=FILL_AREA_STYLE($,(#475));
#477=SURFACE_STYLE_FILL_AREA(#476);
#478=SURFACE_SIDE_STYLE('',(#477));
#479=SURFACE_STYLE_USAGE(.BOTH.,#478);
#480=PRESENTATION_STYLE_ASSIGNMENT((#479));
#481=STYLED_ITEM('',(#480),#473);
#482=ADVANCED_FACE('',(#1678),#1680,.F.);
#483=COLOUR_RGB('',0.752941176470588,0.752941176470588,0.752941176470588);
#484=FILL_AREA_STYLE_COLOUR('',#483);
#485=FILL_AREA_STYLE($,(#484));
#486=SURFACE_STYLE_FILL_AREA(#485);
#487=SURFACE_SIDE_STYLE('',(#486));
#488=SURFACE_STYLE_USAGE(.BOTH.,#487);
#489=PRESENTATION_STYLE_ASSIGNMENT((#488));
#490=STYLED_ITEM('',(#489),#482);
#491=ADVANCED_FACE('',(#1685),#1687,.F.);
#492=COLOUR_RGB('',0.752941176470588,0.752941176470588,0.752941176470588);
#493=FILL_AREA_STYLE_COLOUR('',#492);
#494=FILL_AREA_STYLE($,(#493));
#495=SURFACE_STYLE_FILL_AREA(#494);
#496=SURFACE_SIDE_STYLE('',(#495));
#497=SURFACE_STYLE_USAGE(.BOTH.,#496);
#498=PRESENTATION_STYLE_ASSIGNMENT((#497));
#499=STYLED_ITEM('',(#498),#491);
#500=ADVANCED_FACE('',(#1692),#1694,.F.);
#501=COLOUR_RGB('',0.752941176470588,0.752941176470588,0.752941176470588);
#502=FILL_AREA_STYLE_COLOUR('',#501);
#503=FILL_AREA_STYLE($,(#502));
#504=SURFACE_STYLE_FILL_AREA(#503);
#505=SURFACE_SIDE_STYLE('',(#504));
#506=SURFACE_STYLE_USAGE(.BOTH.,#505);
#507=PRESENTATION_STYLE_ASSIGNMENT((#506));
#508=STYLED_ITEM('',(#507),#500);
#509=ADVANCED_FACE('',(#1699),#1701,.T.);
#510=COLOUR_RGB('',0.752941176470588,0.752941176470588,0.752941176470588);
#511=FILL_AREA_STYLE_COLOUR('',#510);
#512=FILL_AREA_STYLE($,(#511));
#513=SURFACE_STYLE_FILL_AREA(#512);
#514=SURFACE_SIDE_STYLE('',(#513));
#515=SURFACE_STYLE_USAGE(.BOTH.,#514);
#516=PRESENTATION_STYLE_ASSIGNMENT((#515));
#517=STYLED_ITEM('',(#516),#509);
#518=ADVANCED_FACE('',(#1706),#1708,.T.);
#519=COLOUR_RGB('',0.752941176470588,0.752941176470588,0.752941176470588);
#520=FILL_AREA_STYLE_COLOUR('',#519);
#521=FILL_AREA_STYLE($,(#520));
#522=SURFACE_STYLE_FILL_AREA(#521);
#523=SURFACE_SIDE_STYLE('',(#522));
#524=SURFACE_STYLE_USAGE(.BOTH.,#523);
#525=PRESENTATION_STYLE_ASSIGNMENT((#524));
#526=STYLED_ITEM('',(#525),#518);
#527=ADVANCED_FACE('',(#1713),#1715,.T.);
#528=COLOUR_RGB('',0.752941176470588,0.752941176470588,0.752941176470588);
#529=FILL_AREA_STYLE_COLOUR('',#528);
#530=FILL_AREA_STYLE($,(#529));
#531=SURFACE_STYLE_FILL_AREA(#530);
#532=SURFACE_SIDE_STYLE('',(#531));
#533=SURFACE_STYLE_USAGE(.BOTH.,#532);
#534=PRESENTATION_STYLE_ASSIGNMENT((#533));
#535=STYLED_ITEM('',(#534),#527);
#536=ADVANCED_FACE('',(#1720),#1722,.T.);
#537=COLOUR_RGB('',0.752941176470588,0.752941176470588,0.752941176470588);
#538=FILL_AREA_STYLE_COLOUR('',#537);
#539=FILL_AREA_STYLE($,(#538));
#540=SURFACE_STYLE_FILL_AREA(#539);
#541=SURFACE_SIDE_STYLE('',(#540));
#542=SURFACE_STYLE_USAGE(.BOTH.,#541);
#543=PRESENTATION_STYLE_ASSIGNMENT((#542));
#544=STYLED_ITEM('',(#543),#536);
#545=ADVANCED_FACE('',(#1727),#1729,.T.);
#546=COLOUR_RGB('',0.752941176470588,0.752941176470588,0.752941176470588);
#547=FILL_AREA_STYLE_COLOUR('',#546);
#548=FILL_AREA_STYLE($,(#547));
#549=SURFACE_STYLE_FILL_AREA(#548);
#550=SURFACE_SIDE_STYLE('',(#549));
#551=SURFACE_STYLE_USAGE(.BOTH.,#550);
#552=PRESENTATION_STYLE_ASSIGNMENT((#551));
#553=STYLED_ITEM('',(#552),#545);
#554=ADVANCED_FACE('',(#1734),#1736,.T.);
#555=COLOUR_RGB('',0.752941176470588,0.752941176470588,0.752941176470588);
#556=FILL_AREA_STYLE_COLOUR('',#555);
#557=FILL_AREA_STYLE($,(#556));
#558=SURFACE_STYLE_FILL_AREA(#557);
#559=SURFACE_SIDE_STYLE('',(#558));
#560=SURFACE_STYLE_USAGE(.BOTH.,#559);
#561=PRESENTATION_STYLE_ASSIGNMENT((#560));
#562=STYLED_ITEM('',(#561),#554);
#563=ADVANCED_FACE('',(#1741),#1743,.T.);
#564=COLOUR_RGB('',0.752941176470588,0.752941176470588,0.752941176470588);
#565=FILL_AREA_STYLE_COLOUR('',#564);
#566=FILL_AREA_STYLE($,(#565));
#567=SURFACE_STYLE_FILL_AREA(#566);
#568=SURFACE_SIDE_STYLE('',(#567));
#569=SURFACE_STYLE_USAGE(.BOTH.,#568);
#570=PRESENTATION_STYLE_ASSIGNMENT((#569));
#571=STYLED_ITEM('',(#570),#563);
#572=ADVANCED_FACE('',(#1748),#1750,.F.);
#573=COLOUR_RGB('',0.752941176470588,0.752941176470588,0.752941176470588);
#574=FILL_AREA_STYLE_COLOUR('',#573);
#575=FILL_AREA_STYLE($,(#574));
#576=SURFACE_STYLE_FILL_AREA(#575);
#577=SURFACE_SIDE_STYLE('',(#576));
#578=SURFACE_STYLE_USAGE(.BOTH.,#577);
#579=PRESENTATION_STYLE_ASSIGNMENT((#578));
#580=STYLED_ITEM('',(#579),#572);
#581=ADVANCED_FACE('',(#1755),#1757,.T.);
#582=COLOUR_RGB('',0.752941176470588,0.752941176470588,0.752941176470588);
#583=FILL_AREA_STYLE_COLOUR('',#582);
#584=FILL_AREA_STYLE($,(#583));
#585=SURFACE_STYLE_FILL_AREA(#584);
#586=SURFACE_SIDE_STYLE('',(#585));
#587=SURFACE_STYLE_USAGE(.BOTH.,#586);
#588=PRESENTATION_STYLE_ASSIGNMENT((#587));
#589=STYLED_ITEM('',(#588),#581);
#590=ADVANCED_FACE('',(#1762),#1764,.T.);
#591=COLOUR_RGB('',0.752941176470588,0.752941176470588,0.752941176470588);
#592=FILL_AREA_STYLE_COLOUR('',#591);
#593=FILL_AREA_STYLE($,(#592));
#594=SURFACE_STYLE_FILL_AREA(#593);
#595=SURFACE_SIDE_STYLE('',(#594));
#596=SURFACE_STYLE_USAGE(.BOTH.,#595);
#597=PRESENTATION_STYLE_ASSIGNMENT((#596));
#598=STYLED_ITEM('',(#597),#590);
#599=ADVANCED_FACE('',(#1769),#1771,.T.);
#600=COLOUR_RGB('',0.752941176470588,0.752941176470588,0.752941176470588);
#601=FILL_AREA_STYLE_COLOUR('',#600);
#602=FILL_AREA_STYLE($,(#601));
#603=SURFACE_STYLE_FILL_AREA(#602);
#604=SURFACE_SIDE_STYLE('',(#603));
#605=SURFACE_STYLE_USAGE(.BOTH.,#604);
#606=PRESENTATION_STYLE_ASSIGNMENT((#605));
#607=STYLED_ITEM('',(#606),#599);
#608=ADVANCED_FACE('',(#1776),#1778,.T.);
#609=COLOUR_RGB('',0.752941176470588,0.752941176470588,0.752941176470588);
#610=FILL_AREA_STYLE_COLOUR('',#609);
#611=FILL_AREA_STYLE($,(#610));
#612=SURFACE_STYLE_FILL_AREA(#611);
#613=SURFACE_SIDE_STYLE('',(#612));
#614=SURFACE_STYLE_USAGE(.BOTH.,#613);
#615=PRESENTATION_STYLE_ASSIGNMENT((#614));
#616=STYLED_ITEM('',(#615),#608);
#617=ADVANCED_FACE('',(#1783),#1785,.F.);
#618=COLOUR_RGB('',0.752941176470588,0.752941176470588,0.752941176470588);
#619=FILL_AREA_STYLE_COLOUR('',#618);
#620=FILL_AREA_STYLE($,(#619));
#621=SURFACE_STYLE_FILL_AREA(#620);
#622=SURFACE_SIDE_STYLE('',(#621));
#623=SURFACE_STYLE_USAGE(.BOTH.,#622);
#624=PRESENTATION_STYLE_ASSIGNMENT((#623));
#625=STYLED_ITEM('',(#624),#617);
#626=ADVANCED_FACE('',(#1790),#1792,.T.);
#627=COLOUR_RGB('',0.752941176470588,0.752941176470588,0.752941176470588);
#628=FILL_AREA_STYLE_COLOUR('',#627);
#629=FILL_AREA_STYLE($,(#628));
#630=SURFACE_STYLE_FILL_AREA(#629);
#631=SURFACE_SIDE_STYLE('',(#630));
#632=SURFACE_STYLE_USAGE(.BOTH.,#631);
#633=PRESENTATION_STYLE_ASSIGNMENT((#632));
#634=STYLED_ITEM('',(#633),#626);
#635=ADVANCED_FACE('',(#1797),#1799,.T.);
#636=COLOUR_RGB('',0.752941176470588,0.752941176470588,0.752941176470588);
#637=FILL_AREA_STYLE_COLOUR('',#636);
#638=FILL_AREA_STYLE($,(#637));
#639=SURFACE_STYLE_FILL_AREA(#638);
#640=SURFACE_SIDE_STYLE('',(#639));
#641=SURFACE_STYLE_USAGE(.BOTH.,#640);
#642=PRESENTATION_STYLE_ASSIGNMENT((#641));
#643=STYLED_ITEM('',(#642),#635);
#644=ADVANCED_FACE('',(#1804),#1806,.T.);
#645=COLOUR_RGB('',0.752941176470588,0.752941176470588,0.752941176470588);
#646=FILL_AREA_STYLE_COLOUR('',#645);
#647=FILL_AREA_STYLE($,(#646));
#648=SURFACE_STYLE_FILL_AREA(#647);
#649=SURFACE_SIDE_STYLE('',(#648));
#650=SURFACE_STYLE_USAGE(.BOTH.,#649);
#651=PRESENTATION_STYLE_ASSIGNMENT((#650));
#652=STYLED_ITEM('',(#651),#644);
#653=ADVANCED_FACE('',(#1811),#1813,.T.);
#654=COLOUR_RGB('',0.752941176470588,0.752941176470588,0.752941176470588);
#655=FILL_AREA_STYLE_COLOUR('',#654);
#656=FILL_AREA_STYLE($,(#655));
#657=SURFACE_STYLE_FILL_AREA(#656);
#658=SURFACE_SIDE_STYLE('',(#657));
#659=SURFACE_STYLE_USAGE(.BOTH.,#658);
#660=PRESENTATION_STYLE_ASSIGNMENT((#659));
#661=STYLED_ITEM('',(#660),#653);
#662=ADVANCED_FACE('',(#1818),#1820,.T.);
#663=COLOUR_RGB('',0.752941176470588,0.752941176470588,0.752941176470588);
#664=FILL_AREA_STYLE_COLOUR('',#663);
#665=FILL_AREA_STYLE($,(#664));
#666=SURFACE_STYLE_FILL_AREA(#665);
#667=SURFACE_SIDE_STYLE('',(#666));
#668=SURFACE_STYLE_USAGE(.BOTH.,#667);
#669=PRESENTATION_STYLE_ASSIGNMENT((#668));
#670=STYLED_ITEM('',(#669),#662);
#671=ADVANCED_FACE('',(#1825),#1827,.F.);
#672=COLOUR_RGB('',0.752941176470588,0.752941176470588,0.752941176470588);
#673=FILL_AREA_STYLE_COLOUR('',#672);
#674=FILL_AREA_STYLE($,(#673));
#675=SURFACE_STYLE_FILL_AREA(#674);
#676=SURFACE_SIDE_STYLE('',(#675));
#677=SURFACE_STYLE_USAGE(.BOTH.,#676);
#678=PRESENTATION_STYLE_ASSIGNMENT((#677));
#679=STYLED_ITEM('',(#678),#671);
#680=ADVANCED_FACE('',(#1832),#1834,.T.);
#681=COLOUR_RGB('',0.752941176470588,0.752941176470588,0.752941176470588);
#682=FILL_AREA_STYLE_COLOUR('',#681);
#683=FILL_AREA_STYLE($,(#682));
#684=SURFACE_STYLE_FILL_AREA(#683);
#685=SURFACE_SIDE_STYLE('',(#684));
#686=SURFACE_STYLE_USAGE(.BOTH.,#685);
#687=PRESENTATION_STYLE_ASSIGNMENT((#686));
#688=STYLED_ITEM('',(#687),#680);
#689=ADVANCED_FACE('',(#1839),#1841,.T.);
#690=COLOUR_RGB('',0.752941176470588,0.752941176470588,0.752941176470588);
#691=FILL_AREA_STYLE_COLOUR('',#690);
#692=FILL_AREA_STYLE($,(#691));
#693=SURFACE_STYLE_FILL_AREA(#692);
#694=SURFACE_SIDE_STYLE('',(#693));
#695=SURFACE_STYLE_USAGE(.BOTH.,#694);
#696=PRESENTATION_STYLE_ASSIGNMENT((#695));
#697=STYLED_ITEM('',(#696),#689);
#698=ADVANCED_FACE('',(#1846),#1848,.T.);
#699=COLOUR_RGB('',0.752941176470588,0.752941176470588,0.752941176470588);
#700=FILL_AREA_STYLE_COLOUR('',#699);
#701=FILL_AREA_STYLE($,(#700));
#702=SURFACE_STYLE_FILL_AREA(#701);
#703=SURFACE_SIDE_STYLE('',(#702));
#704=SURFACE_STYLE_USAGE(.BOTH.,#703);
#705=PRESENTATION_STYLE_ASSIGNMENT((#704));
#706=STYLED_ITEM('',(#705),#698);
#707=ADVANCED_FACE('',(#1853),#1855,.T.);
#708=COLOUR_RGB('',0.752941176470588,0.752941176470588,0.752941176470588);
#709=FILL_AREA_STYLE_COLOUR('',#708);
#710=FILL_AREA_STYLE($,(#709));
#711=SURFACE_STYLE_FILL_AREA(#710);
#712=SURFACE_SIDE_STYLE('',(#711));
#713=SURFACE_STYLE_USAGE(.BOTH.,#712);
#714=PRESENTATION_STYLE_ASSIGNMENT((#713));
#715=STYLED_ITEM('',(#714),#707);
#716=ADVANCED_FACE('',(#1860),#1862,.T.);
#717=COLOUR_RGB('',0.752941176470588,0.752941176470588,0.752941176470588);
#718=FILL_AREA_STYLE_COLOUR('',#717);
#719=FILL_AREA_STYLE($,(#718));
#720=SURFACE_STYLE_FILL_AREA(#719);
#721=SURFACE_SIDE_STYLE('',(#720));
#722=SURFACE_STYLE_USAGE(.BOTH.,#721);
#723=PRESENTATION_STYLE_ASSIGNMENT((#722));
#724=STYLED_ITEM('',(#723),#716);
#725=ADVANCED_FACE('',(#1867),#1869,.T.);
#726=COLOUR_RGB('',0.752941176470588,0.752941176470588,0.752941176470588);
#727=FILL_AREA_STYLE_COLOUR('',#726);
#728=FILL_AREA_STYLE($,(#727));
#729=SURFACE_STYLE_FILL_AREA(#728);
#730=SURFACE_SIDE_STYLE('',(#729));
#731=SURFACE_STYLE_USAGE(.BOTH.,#730);
#732=PRESENTATION_STYLE_ASSIGNMENT((#731));
#733=STYLED_ITEM('',(#732),#725);
#734=ADVANCED_FACE('',(#1874),#1876,.F.);
#735=COLOUR_RGB('',0.752941176470588,0.752941176470588,0.752941176470588);
#736=FILL_AREA_STYLE_COLOUR('',#735);
#737=FILL_AREA_STYLE($,(#736));
#738=SURFACE_STYLE_FILL_AREA(#737);
#739=SURFACE_SIDE_STYLE('',(#738));
#740=SURFACE_STYLE_USAGE(.BOTH.,#739);
#741=PRESENTATION_STYLE_ASSIGNMENT((#740));
#742=STYLED_ITEM('',(#741),#734);
#743=ADVANCED_FACE('',(#1881),#1883,.F.);
#744=COLOUR_RGB('',0.752941176470588,0.752941176470588,0.752941176470588);
#745=FILL_AREA_STYLE_COLOUR('',#744);
#746=FILL_AREA_STYLE($,(#745));
#747=SURFACE_STYLE_FILL_AREA(#746);
#748=SURFACE_SIDE_STYLE('',(#747));
#749=SURFACE_STYLE_USAGE(.BOTH.,#748);
#750=PRESENTATION_STYLE_ASSIGNMENT((#749));
#751=STYLED_ITEM('',(#750),#743);
#752=ADVANCED_FACE('',(#1888),#1890,.F.);
#753=COLOUR_RGB('',0.752941176470588,0.752941176470588,0.752941176470588);
#754=FILL_AREA_STYLE_COLOUR('',#753);
#755=FILL_AREA_STYLE($,(#754));
#756=SURFACE_STYLE_FILL_AREA(#755);
#757=SURFACE_SIDE_STYLE('',(#756));
#758=SURFACE_STYLE_USAGE(.BOTH.,#757);
#759=PRESENTATION_STYLE_ASSIGNMENT((#758));
#760=STYLED_ITEM('',(#759),#752);
#761=ADVANCED_FACE('',(#1895),#1897,.T.);
#762=COLOUR_RGB('',0.752941176470588,0.752941176470588,0.752941176470588);
#763=FILL_AREA_STYLE_COLOUR('',#762);
#764=FILL_AREA_STYLE($,(#763));
#765=SURFACE_STYLE_FILL_AREA(#764);
#766=SURFACE_SIDE_STYLE('',(#765));
#767=SURFACE_STYLE_USAGE(.BOTH.,#766);
#768=PRESENTATION_STYLE_ASSIGNMENT((#767));
#769=STYLED_ITEM('',(#768),#761);
#770=ADVANCED_FACE('',(#1902),#1904,.T.);
#771=COLOUR_RGB('',0.752941176470588,0.752941176470588,0.752941176470588);
#772=FILL_AREA_STYLE_COLOUR('',#771);
#773=FILL_AREA_STYLE($,(#772));
#774=SURFACE_STYLE_FILL_AREA(#773);
#775=SURFACE_SIDE_STYLE('',(#774));
#776=SURFACE_STYLE_USAGE(.BOTH.,#775);
#777=PRESENTATION_STYLE_ASSIGNMENT((#776));
#778=STYLED_ITEM('',(#777),#770);
#779=ADVANCED_FACE('',(#1909),#1911,.T.);
#780=COLOUR_RGB('',0.752941176470588,0.752941176470588,0.752941176470588);
#781=FILL_AREA_STYLE_COLOUR('',#780);
#782=FILL_AREA_STYLE($,(#781));
#783=SURFACE_STYLE_FILL_AREA(#782);
#784=SURFACE_SIDE_STYLE('',(#783));
#785=SURFACE_STYLE_USAGE(.BOTH.,#784);
#786=PRESENTATION_STYLE_ASSIGNMENT((#785));
#787=STYLED_ITEM('',(#786),#779);
#788=ADVANCED_FACE('',(#1916),#1918,.T.);
#789=COLOUR_RGB('',0.752941176470588,0.752941176470588,0.752941176470588);
#790=FILL_AREA_STYLE_COLOUR('',#789);
#791=FILL_AREA_STYLE($,(#790));
#792=SURFACE_STYLE_FILL_AREA(#791);
#793=SURFACE_SIDE_STYLE('',(#792));
#794=SURFACE_STYLE_USAGE(.BOTH.,#793);
#795=PRESENTATION_STYLE_ASSIGNMENT((#794));
#796=STYLED_ITEM('',(#795),#788);
#797=ADVANCED_FACE('',(#1923),#1925,.T.);
#798=COLOUR_RGB('',0.752941176470588,0.752941176470588,0.752941176470588);
#799=FILL_AREA_STYLE_COLOUR('',#798);
#800=FILL_AREA_STYLE($,(#799));
#801=SURFACE_STYLE_FILL_AREA(#800);
#802=SURFACE_SIDE_STYLE('',(#801));
#803=SURFACE_STYLE_USAGE(.BOTH.,#802);
#804=PRESENTATION_STYLE_ASSIGNMENT((#803));
#805=STYLED_ITEM('',(#804),#797);
#806=ADVANCED_FACE('',(#1930),#1932,.T.);
#807=COLOUR_RGB('',0.752941176470588,0.752941176470588,0.752941176470588);
#808=FILL_AREA_STYLE_COLOUR('',#807);
#809=FILL_AREA_STYLE($,(#808));
#810=SURFACE_STYLE_FILL_AREA(#809);
#811=SURFACE_SIDE_STYLE('',(#810));
#812=SURFACE_STYLE_USAGE(.BOTH.,#811);
#813=PRESENTATION_STYLE_ASSIGNMENT((#812));
#814=STYLED_ITEM('',(#813),#806);
#815=ADVANCED_FACE('',(#1937),#1939,.T.);
#816=COLOUR_RGB('',0.752941176470588,0.752941176470588,0.752941176470588);
#817=FILL_AREA_STYLE_COLOUR('',#816);
#818=FILL_AREA_STYLE($,(#817));
#819=SURFACE_STYLE_FILL_AREA(#818);
#820=SURFACE_SIDE_STYLE('',(#819));
#821=SURFACE_STYLE_USAGE(.BOTH.,#820);
#822=PRESENTATION_STYLE_ASSIGNMENT((#821));
#823=STYLED_ITEM('',(#822),#815);
#824=ADVANCED_FACE('',(#1944),#1946,.F.);
#825=COLOUR_RGB('',0.752941176470588,0.752941176470588,0.752941176470588);
#826=FILL_AREA_STYLE_COLOUR('',#825);
#827=FILL_AREA_STYLE($,(#826));
#828=SURFACE_STYLE_FILL_AREA(#827);
#829=SURFACE_SIDE_STYLE('',(#828));
#830=SURFACE_STYLE_USAGE(.BOTH.,#829);
#831=PRESENTATION_STYLE_ASSIGNMENT((#830));
#832=STYLED_ITEM('',(#831),#824);
#833=ADVANCED_FACE('',(#1951),#1953,.T.);
#834=COLOUR_RGB('',0.752941176470588,0.752941176470588,0.752941176470588);
#835=FILL_AREA_STYLE_COLOUR('',#834);
#836=FILL_AREA_STYLE($,(#835));
#837=SURFACE_STYLE_FILL_AREA(#836);
#838=SURFACE_SIDE_STYLE('',(#837));
#839=SURFACE_STYLE_USAGE(.BOTH.,#838);
#840=PRESENTATION_STYLE_ASSIGNMENT((#839));
#841=STYLED_ITEM('',(#840),#833);
#842=ADVANCED_FACE('',(#1958),#1960,.T.);
#843=COLOUR_RGB('',0.752941176470588,0.752941176470588,0.752941176470588);
#844=FILL_AREA_STYLE_COLOUR('',#843);
#845=FILL_AREA_STYLE($,(#844));
#846=SURFACE_STYLE_FILL_AREA(#845);
#847=SURFACE_SIDE_STYLE('',(#846));
#848=SURFACE_STYLE_USAGE(.BOTH.,#847);
#849=PRESENTATION_STYLE_ASSIGNMENT((#848));
#850=STYLED_ITEM('',(#849),#842);
#851=ADVANCED_FACE('',(#1965),#1967,.T.);
#852=COLOUR_RGB('',0.752941176470588,0.752941176470588,0.752941176470588);
#853=FILL_AREA_STYLE_COLOUR('',#852);
#854=FILL_AREA_STYLE($,(#853));
#855=SURFACE_STYLE_FILL_AREA(#854);
#856=SURFACE_SIDE_STYLE('',(#855));
#857=SURFACE_STYLE_USAGE(.BOTH.,#856);
#858=PRESENTATION_STYLE_ASSIGNMENT((#857));
#859=STYLED_ITEM('',(#858),#851);
#860=ADVANCED_FACE('',(#1972),#1974,.T.);
#861=COLOUR_RGB('',0.752941176470588,0.752941176470588,0.752941176470588);
#862=FILL_AREA_STYLE_COLOUR('',#861);
#863=FILL_AREA_STYLE($,(#862));
#864=SURFACE_STYLE_FILL_AREA(#863);
#865=SURFACE_SIDE_STYLE('',(#864));
#866=SURFACE_STYLE_USAGE(.BOTH.,#865);
#867=PRESENTATION_STYLE_ASSIGNMENT((#866));
#868=STYLED_ITEM('',(#867),#860);
#869=ADVANCED_FACE('',(#1979,#1981),#1983,.T.);
#870=COLOUR_RGB('',0.16078431372549,0.16078431372549,0.16078431372549);
#871=FILL_AREA_STYLE_COLOUR('',#870);
#872=FILL_AREA_STYLE($,(#871));
#873=SURFACE_STYLE_FILL_AREA(#872);
#874=SURFACE_SIDE_STYLE('',(#873));
#875=SURFACE_STYLE_USAGE(.BOTH.,#874);
#876=PRESENTATION_STYLE_ASSIGNMENT((#875));
#877=STYLED_ITEM('',(#876),#869);
#878=ADVANCED_FACE('',(#1988,#1990),#1992,.T.);
#879=COLOUR_RGB('',0.16078431372549,0.16078431372549,0.16078431372549);
#880=FILL_AREA_STYLE_COLOUR('',#879);
#881=FILL_AREA_STYLE($,(#880));
#882=SURFACE_STYLE_FILL_AREA(#881);
#883=SURFACE_SIDE_STYLE('',(#882));
#884=SURFACE_STYLE_USAGE(.BOTH.,#883);
#885=PRESENTATION_STYLE_ASSIGNMENT((#884));
#886=STYLED_ITEM('',(#885),#878);
#887=ADVANCED_FACE('',(#1997),#1999,.F.);
#888=COLOUR_RGB('',0.752941176470588,0.752941176470588,0.752941176470588);
#889=FILL_AREA_STYLE_COLOUR('',#888);
#890=FILL_AREA_STYLE($,(#889));
#891=SURFACE_STYLE_FILL_AREA(#890);
#892=SURFACE_SIDE_STYLE('',(#891));
#893=SURFACE_STYLE_USAGE(.BOTH.,#892);
#894=PRESENTATION_STYLE_ASSIGNMENT((#893));
#895=STYLED_ITEM('',(#894),#887);
#896=ADVANCED_FACE('',(#2004),#2006,.T.);
#897=COLOUR_RGB('',0.752941176470588,0.752941176470588,0.752941176470588);
#898=FILL_AREA_STYLE_COLOUR('',#897);
#899=FILL_AREA_STYLE($,(#898));
#900=SURFACE_STYLE_FILL_AREA(#899);
#901=SURFACE_SIDE_STYLE('',(#900));
#902=SURFACE_STYLE_USAGE(.BOTH.,#901);
#903=PRESENTATION_STYLE_ASSIGNMENT((#902));
#904=STYLED_ITEM('',(#903),#896);
#905=ADVANCED_FACE('',(#2011),#2013,.T.);
#906=COLOUR_RGB('',0.752941176470588,0.752941176470588,0.752941176470588);
#907=FILL_AREA_STYLE_COLOUR('',#906);
#908=FILL_AREA_STYLE($,(#907));
#909=SURFACE_STYLE_FILL_AREA(#908);
#910=SURFACE_SIDE_STYLE('',(#909));
#911=SURFACE_STYLE_USAGE(.BOTH.,#910);
#912=PRESENTATION_STYLE_ASSIGNMENT((#911));
#913=STYLED_ITEM('',(#912),#905);
#914=ADVANCED_FACE('',(#2018),#2020,.T.);
#915=COLOUR_RGB('',0.752941176470588,0.752941176470588,0.752941176470588);
#916=FILL_AREA_STYLE_COLOUR('',#915);
#917=FILL_AREA_STYLE($,(#916));
#918=SURFACE_STYLE_FILL_AREA(#917);
#919=SURFACE_SIDE_STYLE('',(#918));
#920=SURFACE_STYLE_USAGE(.BOTH.,#919);
#921=PRESENTATION_STYLE_ASSIGNMENT((#920));
#922=STYLED_ITEM('',(#921),#914);
#923=ADVANCED_FACE('',(#2025),#2027,.F.);
#924=COLOUR_RGB('',0.752941176470588,0.752941176470588,0.752941176470588);
#925=FILL_AREA_STYLE_COLOUR('',#924);
#926=FILL_AREA_STYLE($,(#925));
#927=SURFACE_STYLE_FILL_AREA(#926);
#928=SURFACE_SIDE_STYLE('',(#927));
#929=SURFACE_STYLE_USAGE(.BOTH.,#928);
#930=PRESENTATION_STYLE_ASSIGNMENT((#929));
#931=STYLED_ITEM('',(#930),#923);
#932=ADVANCED_FACE('',(#2032),#2034,.T.);
#933=COLOUR_RGB('',0.752941176470588,0.752941176470588,0.752941176470588);
#934=FILL_AREA_STYLE_COLOUR('',#933);
#935=FILL_AREA_STYLE($,(#934));
#936=SURFACE_STYLE_FILL_AREA(#935);
#937=SURFACE_SIDE_STYLE('',(#936));
#938=SURFACE_STYLE_USAGE(.BOTH.,#937);
#939=PRESENTATION_STYLE_ASSIGNMENT((#938));
#940=STYLED_ITEM('',(#939),#932);
#941=ADVANCED_FACE('',(#2039),#2041,.T.);
#942=COLOUR_RGB('',0.752941176470588,0.752941176470588,0.752941176470588);
#943=FILL_AREA_STYLE_COLOUR('',#942);
#944=FILL_AREA_STYLE($,(#943));
#945=SURFACE_STYLE_FILL_AREA(#944);
#946=SURFACE_SIDE_STYLE('',(#945));
#947=SURFACE_STYLE_USAGE(.BOTH.,#946);
#948=PRESENTATION_STYLE_ASSIGNMENT((#947));
#949=STYLED_ITEM('',(#948),#941);
#950=ADVANCED_FACE('',(#2046),#2048,.T.);
#951=COLOUR_RGB('',0.752941176470588,0.752941176470588,0.752941176470588);
#952=FILL_AREA_STYLE_COLOUR('',#951);
#953=FILL_AREA_STYLE($,(#952));
#954=SURFACE_STYLE_FILL_AREA(#953);
#955=SURFACE_SIDE_STYLE('',(#954));
#956=SURFACE_STYLE_USAGE(.BOTH.,#955);
#957=PRESENTATION_STYLE_ASSIGNMENT((#956));
#958=STYLED_ITEM('',(#957),#950);
#959=ADVANCED_FACE('',(#2053),#2055,.T.);
#960=COLOUR_RGB('',0.16078431372549,0.16078431372549,0.16078431372549);
#961=FILL_AREA_STYLE_COLOUR('',#960);
#962=FILL_AREA_STYLE($,(#961));
#963=SURFACE_STYLE_FILL_AREA(#962);
#964=SURFACE_SIDE_STYLE('',(#963));
#965=SURFACE_STYLE_USAGE(.BOTH.,#964);
#966=PRESENTATION_STYLE_ASSIGNMENT((#965));
#967=STYLED_ITEM('',(#966),#959);
#968=ADVANCED_FACE('',(#2060),#2062,.T.);
#969=COLOUR_RGB('',0.16078431372549,0.16078431372549,0.16078431372549);
#970=FILL_AREA_STYLE_COLOUR('',#969);
#971=FILL_AREA_STYLE($,(#970));
#972=SURFACE_STYLE_FILL_AREA(#971);
#973=SURFACE_SIDE_STYLE('',(#972));
#974=SURFACE_STYLE_USAGE(.BOTH.,#973);
#975=PRESENTATION_STYLE_ASSIGNMENT((#974));
#976=STYLED_ITEM('',(#975),#968);
#977=ADVANCED_FACE('',(#2067),#2069,.F.);
#978=COLOUR_RGB('',0.16078431372549,0.16078431372549,0.16078431372549);
#979=FILL_AREA_STYLE_COLOUR('',#978);
#980=FILL_AREA_STYLE($,(#979));
#981=SURFACE_STYLE_FILL_AREA(#980);
#982=SURFACE_SIDE_STYLE('',(#981));
#983=SURFACE_STYLE_USAGE(.BOTH.,#982);
#984=PRESENTATION_STYLE_ASSIGNMENT((#983));
#985=STYLED_ITEM('',(#984),#977);
#986=ADVANCED_FACE('',(#2074),#2076,.T.);
#987=COLOUR_RGB('',0.16078431372549,0.16078431372549,0.16078431372549);
#988=FILL_AREA_STYLE_COLOUR('',#987);
#989=FILL_AREA_STYLE($,(#988));
#990=SURFACE_STYLE_FILL_AREA(#989);
#991=SURFACE_SIDE_STYLE('',(#990));
#992=SURFACE_STYLE_USAGE(.BOTH.,#991);
#993=PRESENTATION_STYLE_ASSIGNMENT((#992));
#994=STYLED_ITEM('',(#993),#986);
#995=ADVANCED_FACE('',(#2081),#2083,.T.);
#996=COLOUR_RGB('',0.16078431372549,0.16078431372549,0.16078431372549);
#997=FILL_AREA_STYLE_COLOUR('',#996);
#998=FILL_AREA_STYLE($,(#997));
#999=SURFACE_STYLE_FILL_AREA(#998);
#1000=SURFACE_SIDE_STYLE('',(#999));
#1001=SURFACE_STYLE_USAGE(.BOTH.,#1000);
#1002=PRESENTATION_STYLE_ASSIGNMENT((#1001));
#1003=STYLED_ITEM('',(#1002),#995);
#1004=ADVANCED_FACE('',(#2088),#2090,.T.);
#1005=COLOUR_RGB('',0.752941176470588,0.752941176470588,0.752941176470588);
#1006=FILL_AREA_STYLE_COLOUR('',#1005);
#1007=FILL_AREA_STYLE($,(#1006));
#1008=SURFACE_STYLE_FILL_AREA(#1007);
#1009=SURFACE_SIDE_STYLE('',(#1008));
#1010=SURFACE_STYLE_USAGE(.BOTH.,#1009);
#1011=PRESENTATION_STYLE_ASSIGNMENT((#1010));
#1012=STYLED_ITEM('',(#1011),#1004);
#1013=ADVANCED_FACE('',(#2095),#2097,.T.);
#1014=COLOUR_RGB('',0.752941176470588,0.752941176470588,0.752941176470588);
#1015=FILL_AREA_STYLE_COLOUR('',#1014);
#1016=FILL_AREA_STYLE($,(#1015));
#1017=SURFACE_STYLE_FILL_AREA(#1016);
#1018=SURFACE_SIDE_STYLE('',(#1017));
#1019=SURFACE_STYLE_USAGE(.BOTH.,#1018);
#1020=PRESENTATION_STYLE_ASSIGNMENT((#1019));
#1021=STYLED_ITEM('',(#1020),#1013);
#1022=ADVANCED_FACE('',(#2102),#2104,.F.);
#1023=COLOUR_RGB('',0.752941176470588,0.752941176470588,0.752941176470588);
#1024=FILL_AREA_STYLE_COLOUR('',#1023);
#1025=FILL_AREA_STYLE($,(#1024));
#1026=SURFACE_STYLE_FILL_AREA(#1025);
#1027=SURFACE_SIDE_STYLE('',(#1026));
#1028=SURFACE_STYLE_USAGE(.BOTH.,#1027);
#1029=PRESENTATION_STYLE_ASSIGNMENT((#1028));
#1030=STYLED_ITEM('',(#1029),#1022);
#1031=ADVANCED_FACE('',(#2109),#2111,.T.);
#1032=COLOUR_RGB('',0.752941176470588,0.752941176470588,0.752941176470588);
#1033=FILL_AREA_STYLE_COLOUR('',#1032);
#1034=FILL_AREA_STYLE($,(#1033));
#1035=SURFACE_STYLE_FILL_AREA(#1034);
#1036=SURFACE_SIDE_STYLE('',(#1035));
#1037=SURFACE_STYLE_USAGE(.BOTH.,#1036);
#1038=PRESENTATION_STYLE_ASSIGNMENT((#1037));
#1039=STYLED_ITEM('',(#1038),#1031);
#1040=ADVANCED_FACE('',(#2116),#2118,.T.);
#1041=COLOUR_RGB('',0.752941176470588,0.752941176470588,0.752941176470588);
#1042=FILL_AREA_STYLE_COLOUR('',#1041);
#1043=FILL_AREA_STYLE($,(#1042));
#1044=SURFACE_STYLE_FILL_AREA(#1043);
#1045=SURFACE_SIDE_STYLE('',(#1044));
#1046=SURFACE_STYLE_USAGE(.BOTH.,#1045);
#1047=PRESENTATION_STYLE_ASSIGNMENT((#1046));
#1048=STYLED_ITEM('',(#1047),#1040);
#1049=ADVANCED_FACE('',(#2123),#2125,.T.);
#1050=COLOUR_RGB('',0.752941176470588,0.752941176470588,0.752941176470588);
#1051=FILL_AREA_STYLE_COLOUR('',#1050);
#1052=FILL_AREA_STYLE($,(#1051));
#1053=SURFACE_STYLE_FILL_AREA(#1052);
#1054=SURFACE_SIDE_STYLE('',(#1053));
#1055=SURFACE_STYLE_USAGE(.BOTH.,#1054);
#1056=PRESENTATION_STYLE_ASSIGNMENT((#1055));
#1057=STYLED_ITEM('',(#1056),#1049);
#1058=ADVANCED_FACE('',(#2130),#2132,.T.);
#1059=COLOUR_RGB('',0.752941176470588,0.752941176470588,0.752941176470588);
#1060=FILL_AREA_STYLE_COLOUR('',#1059);
#1061=FILL_AREA_STYLE($,(#1060));
#1062=SURFACE_STYLE_FILL_AREA(#1061);
#1063=SURFACE_SIDE_STYLE('',(#1062));
#1064=SURFACE_STYLE_USAGE(.BOTH.,#1063);
#1065=PRESENTATION_STYLE_ASSIGNMENT((#1064));
#1066=STYLED_ITEM('',(#1065),#1058);
#1067=ADVANCED_FACE('',(#2137),#2139,.T.);
#1068=COLOUR_RGB('',0.752941176470588,0.752941176470588,0.752941176470588);
#1069=FILL_AREA_STYLE_COLOUR('',#1068);
#1070=FILL_AREA_STYLE($,(#1069));
#1071=SURFACE_STYLE_FILL_AREA(#1070);
#1072=SURFACE_SIDE_STYLE('',(#1071));
#1073=SURFACE_STYLE_USAGE(.BOTH.,#1072);
#1074=PRESENTATION_STYLE_ASSIGNMENT((#1073));
#1075=STYLED_ITEM('',(#1074),#1067);
#1076=ADVANCED_FACE('',(#2144),#2146,.F.);
#1077=COLOUR_RGB('',0.752941176470588,0.752941176470588,0.752941176470588);
#1078=FILL_AREA_STYLE_COLOUR('',#1077);
#1079=FILL_AREA_STYLE($,(#1078));
#1080=SURFACE_STYLE_FILL_AREA(#1079);
#1081=SURFACE_SIDE_STYLE('',(#1080));
#1082=SURFACE_STYLE_USAGE(.BOTH.,#1081);
#1083=PRESENTATION_STYLE_ASSIGNMENT((#1082));
#1084=STYLED_ITEM('',(#1083),#1076);
#1085=ADVANCED_FACE('',(#2151),#2153,.F.);
#1086=COLOUR_RGB('',0.752941176470588,0.752941176470588,0.752941176470588);
#1087=FILL_AREA_STYLE_COLOUR('',#1086);
#1088=FILL_AREA_STYLE($,(#1087));
#1089=SURFACE_STYLE_FILL_AREA(#1088);
#1090=SURFACE_SIDE_STYLE('',(#1089));
#1091=SURFACE_STYLE_USAGE(.BOTH.,#1090);
#1092=PRESENTATION_STYLE_ASSIGNMENT((#1091));
#1093=STYLED_ITEM('',(#1092),#1085);
#1094=ADVANCED_FACE('',(#2158),#2160,.T.);
#1095=COLOUR_RGB('',0.752941176470588,0.752941176470588,0.752941176470588);
#1096=FILL_AREA_STYLE_COLOUR('',#1095);
#1097=FILL_AREA_STYLE($,(#1096));
#1098=SURFACE_STYLE_FILL_AREA(#1097);
#1099=SURFACE_SIDE_STYLE('',(#1098));
#1100=SURFACE_STYLE_USAGE(.BOTH.,#1099);
#1101=PRESENTATION_STYLE_ASSIGNMENT((#1100));
#1102=STYLED_ITEM('',(#1101),#1094);
#1103=ADVANCED_FACE('',(#2165),#2167,.T.);
#1104=COLOUR_RGB('',0.752941176470588,0.752941176470588,0.752941176470588);
#1105=FILL_AREA_STYLE_COLOUR('',#1104);
#1106=FILL_AREA_STYLE($,(#1105));
#1107=SURFACE_STYLE_FILL_AREA(#1106);
#1108=SURFACE_SIDE_STYLE('',(#1107));
#1109=SURFACE_STYLE_USAGE(.BOTH.,#1108);
#1110=PRESENTATION_STYLE_ASSIGNMENT((#1109));
#1111=STYLED_ITEM('',(#1110),#1103);
#1112=ADVANCED_FACE('',(#2172),#2174,.T.);
#1113=COLOUR_RGB('',0.752941176470588,0.752941176470588,0.752941176470588);
#1114=FILL_AREA_STYLE_COLOUR('',#1113);
#1115=FILL_AREA_STYLE($,(#1114));
#1116=SURFACE_STYLE_FILL_AREA(#1115);
#1117=SURFACE_SIDE_STYLE('',(#1116));
#1118=SURFACE_STYLE_USAGE(.BOTH.,#1117);
#1119=PRESENTATION_STYLE_ASSIGNMENT((#1118));
#1120=STYLED_ITEM('',(#1119),#1112);
#1121=ADVANCED_FACE('',(#2179),#2181,.T.);
#1122=COLOUR_RGB('',0.752941176470588,0.752941176470588,0.752941176470588);
#1123=FILL_AREA_STYLE_COLOUR('',#1122);
#1124=FILL_AREA_STYLE($,(#1123));
#1125=SURFACE_STYLE_FILL_AREA(#1124);
#1126=SURFACE_SIDE_STYLE('',(#1125));
#1127=SURFACE_STYLE_USAGE(.BOTH.,#1126);
#1128=PRESENTATION_STYLE_ASSIGNMENT((#1127));
#1129=STYLED_ITEM('',(#1128),#1121);
#1130=ADVANCED_FACE('',(#2186),#2188,.T.);
#1131=COLOUR_RGB('',0.752941176470588,0.752941176470588,0.752941176470588);
#1132=FILL_AREA_STYLE_COLOUR('',#1131);
#1133=FILL_AREA_STYLE($,(#1132));
#1134=SURFACE_STYLE_FILL_AREA(#1133);
#1135=SURFACE_SIDE_STYLE('',(#1134));
#1136=SURFACE_STYLE_USAGE(.BOTH.,#1135);
#1137=PRESENTATION_STYLE_ASSIGNMENT((#1136));
#1138=STYLED_ITEM('',(#1137),#1130);
#1139=ADVANCED_FACE('',(#2193),#2195,.F.);
#1140=COLOUR_RGB('',0.752941176470588,0.752941176470588,0.752941176470588);
#1141=FILL_AREA_STYLE_COLOUR('',#1140);
#1142=FILL_AREA_STYLE($,(#1141));
#1143=SURFACE_STYLE_FILL_AREA(#1142);
#1144=SURFACE_SIDE_STYLE('',(#1143));
#1145=SURFACE_STYLE_USAGE(.BOTH.,#1144);
#1146=PRESENTATION_STYLE_ASSIGNMENT((#1145));
#1147=STYLED_ITEM('',(#1146),#1139);
#1148=ADVANCED_FACE('',(#2200),#2202,.T.);
#1149=COLOUR_RGB('',0.752941176470588,0.752941176470588,0.752941176470588);
#1150=FILL_AREA_STYLE_COLOUR('',#1149);
#1151=FILL_AREA_STYLE($,(#1150));
#1152=SURFACE_STYLE_FILL_AREA(#1151);
#1153=SURFACE_SIDE_STYLE('',(#1152));
#1154=SURFACE_STYLE_USAGE(.BOTH.,#1153);
#1155=PRESENTATION_STYLE_ASSIGNMENT((#1154));
#1156=STYLED_ITEM('',(#1155),#1148);
#1157=ADVANCED_FACE('',(#2207),#2209,.T.);
#1158=COLOUR_RGB('',0.752941176470588,0.752941176470588,0.752941176470588);
#1159=FILL_AREA_STYLE_COLOUR('',#1158);
#1160=FILL_AREA_STYLE($,(#1159));
#1161=SURFACE_STYLE_FILL_AREA(#1160);
#1162=SURFACE_SIDE_STYLE('',(#1161));
#1163=SURFACE_STYLE_USAGE(.BOTH.,#1162);
#1164=PRESENTATION_STYLE_ASSIGNMENT((#1163));
#1165=STYLED_ITEM('',(#1164),#1157);
#1166=ADVANCED_FACE('',(#2214),#2216,.T.);
#1167=COLOUR_RGB('',0.16078431372549,0.16078431372549,0.16078431372549);
#1168=FILL_AREA_STYLE_COLOUR('',#1167);
#1169=FILL_AREA_STYLE($,(#1168));
#1170=SURFACE_STYLE_FILL_AREA(#1169);
#1171=SURFACE_SIDE_STYLE('',(#1170));
#1172=SURFACE_STYLE_USAGE(.BOTH.,#1171);
#1173=PRESENTATION_STYLE_ASSIGNMENT((#1172));
#1174=STYLED_ITEM('',(#1173),#1166);
#1175=ADVANCED_FACE('',(#2289),#2291,.T.);
#1176=COLOUR_RGB('',0.16078431372549,0.16078431372549,0.16078431372549);
#1177=FILL_AREA_STYLE_COLOUR('',#1176);
#1178=FILL_AREA_STYLE($,(#1177));
#1179=SURFACE_STYLE_FILL_AREA(#1178);
#1180=SURFACE_SIDE_STYLE('',(#1179));
#1181=SURFACE_STYLE_USAGE(.BOTH.,#1180);
#1182=PRESENTATION_STYLE_ASSIGNMENT((#1181));
#1183=STYLED_ITEM('',(#1182),#1175);
#1184=ADVANCED_FACE('',(#2296),#2298,.T.);
#1185=COLOUR_RGB('',0.16078431372549,0.16078431372549,0.16078431372549);
#1186=FILL_AREA_STYLE_COLOUR('',#1185);
#1187=FILL_AREA_STYLE($,(#1186));
#1188=SURFACE_STYLE_FILL_AREA(#1187);
#1189=SURFACE_SIDE_STYLE('',(#1188));
#1190=SURFACE_STYLE_USAGE(.BOTH.,#1189);
#1191=PRESENTATION_STYLE_ASSIGNMENT((#1190));
#1192=STYLED_ITEM('',(#1191),#1184);
#1193=ADVANCED_FACE('',(#2303),#2305,.T.);
#1194=COLOUR_RGB('',0.16078431372549,0.16078431372549,0.16078431372549);
#1195=FILL_AREA_STYLE_COLOUR('',#1194);
#1196=FILL_AREA_STYLE($,(#1195));
#1197=SURFACE_STYLE_FILL_AREA(#1196);
#1198=SURFACE_SIDE_STYLE('',(#1197));
#1199=SURFACE_STYLE_USAGE(.BOTH.,#1198);
#1200=PRESENTATION_STYLE_ASSIGNMENT((#1199));
#1201=STYLED_ITEM('',(#1200),#1193);
#1202=ADVANCED_FACE('',(#2310),#2312,.T.);
#1203=COLOUR_RGB('',0.16078431372549,0.16078431372549,0.16078431372549);
#1204=FILL_AREA_STYLE_COLOUR('',#1203);
#1205=FILL_AREA_STYLE($,(#1204));
#1206=SURFACE_STYLE_FILL_AREA(#1205);
#1207=SURFACE_SIDE_STYLE('',(#1206));
#1208=SURFACE_STYLE_USAGE(.BOTH.,#1207);
#1209=PRESENTATION_STYLE_ASSIGNMENT((#1208));
#1210=STYLED_ITEM('',(#1209),#1202);
#1211=ADVANCED_FACE('',(#2317),#2319,.T.);
#1212=COLOUR_RGB('',0.16078431372549,0.16078431372549,0.16078431372549);
#1213=FILL_AREA_STYLE_COLOUR('',#1212);
#1214=FILL_AREA_STYLE($,(#1213));
#1215=SURFACE_STYLE_FILL_AREA(#1214);
#1216=SURFACE_SIDE_STYLE('',(#1215));
#1217=SURFACE_STYLE_USAGE(.BOTH.,#1216);
#1218=PRESENTATION_STYLE_ASSIGNMENT((#1217));
#1219=STYLED_ITEM('',(#1218),#1211);
#1220=ADVANCED_FACE('',(#2392),#2394,.T.);
#1221=COLOUR_RGB('',0.16078431372549,0.16078431372549,0.16078431372549);
#1222=FILL_AREA_STYLE_COLOUR('',#1221);
#1223=FILL_AREA_STYLE($,(#1222));
#1224=SURFACE_STYLE_FILL_AREA(#1223);
#1225=SURFACE_SIDE_STYLE('',(#1224));
#1226=SURFACE_STYLE_USAGE(.BOTH.,#1225);
#1227=PRESENTATION_STYLE_ASSIGNMENT((#1226));
#1228=STYLED_ITEM('',(#1227),#1220);
#1229=ADVANCED_FACE('',(#2399),#2401,.F.);
#1230=COLOUR_RGB('',0.16078431372549,0.16078431372549,0.16078431372549);
#1231=FILL_AREA_STYLE_COLOUR('',#1230);
#1232=FILL_AREA_STYLE($,(#1231));
#1233=SURFACE_STYLE_FILL_AREA(#1232);
#1234=SURFACE_SIDE_STYLE('',(#1233));
#1235=SURFACE_STYLE_USAGE(.BOTH.,#1234);
#1236=PRESENTATION_STYLE_ASSIGNMENT((#1235));
#1237=STYLED_ITEM('',(#1236),#1229);
#1238=ADVANCED_FACE('',(#2406,#2408),#2410,.T.);
#1239=COLOUR_RGB('',0.16078431372549,0.16078431372549,0.16078431372549);
#1240=FILL_AREA_STYLE_COLOUR('',#1239);
#1241=FILL_AREA_STYLE($,(#1240));
#1242=SURFACE_STYLE_FILL_AREA(#1241);
#1243=SURFACE_SIDE_STYLE('',(#1242));
#1244=SURFACE_STYLE_USAGE(.BOTH.,#1243);
#1245=PRESENTATION_STYLE_ASSIGNMENT((#1244));
#1246=STYLED_ITEM('',(#1245),#1238);
#1247=ADVANCED_FACE('',(#2415),#2417,.F.);
#1248=COLOUR_RGB('',0.16078431372549,0.16078431372549,0.16078431372549);
#1249=FILL_AREA_STYLE_COLOUR('',#1248);
#1250=FILL_AREA_STYLE($,(#1249));
#1251=SURFACE_STYLE_FILL_AREA(#1250);
#1252=SURFACE_SIDE_STYLE('',(#1251));
#1253=SURFACE_STYLE_USAGE(.BOTH.,#1252);
#1254=PRESENTATION_STYLE_ASSIGNMENT((#1253));
#1255=STYLED_ITEM('',(#1254),#1247);
#1256=ADVANCED_FACE('',(#2422),#2424,.T.);
#1257=COLOUR_RGB('',0.16078431372549,0.16078431372549,0.16078431372549);
#1258=FILL_AREA_STYLE_COLOUR('',#1257);
#1259=FILL_AREA_STYLE($,(#1258));
#1260=SURFACE_STYLE_FILL_AREA(#1259);
#1261=SURFACE_SIDE_STYLE('',(#1260));
#1262=SURFACE_STYLE_USAGE(.BOTH.,#1261);
#1263=PRESENTATION_STYLE_ASSIGNMENT((#1262));
#1264=STYLED_ITEM('',(#1263),#1256);
#1265=ADVANCED_FACE('',(#2497),#2499,.T.);
#1266=COLOUR_RGB('',0.16078431372549,0.16078431372549,0.16078431372549);
#1267=FILL_AREA_STYLE_COLOUR('',#1266);
#1268=FILL_AREA_STYLE($,(#1267));
#1269=SURFACE_STYLE_FILL_AREA(#1268);
#1270=SURFACE_SIDE_STYLE('',(#1269));
#1271=SURFACE_STYLE_USAGE(.BOTH.,#1270);
#1272=PRESENTATION_STYLE_ASSIGNMENT((#1271));
#1273=STYLED_ITEM('',(#1272),#1265);
#1274=ADVANCED_FACE('',(#2572),#2574,.F.);
#1275=COLOUR_RGB('',0.16078431372549,0.16078431372549,0.16078431372549);
#1276=FILL_AREA_STYLE_COLOUR('',#1275);
#1277=FILL_AREA_STYLE($,(#1276));
#1278=SURFACE_STYLE_FILL_AREA(#1277);
#1279=SURFACE_SIDE_STYLE('',(#1278));
#1280=SURFACE_STYLE_USAGE(.BOTH.,#1279);
#1281=PRESENTATION_STYLE_ASSIGNMENT((#1280));
#1282=STYLED_ITEM('',(#1281),#1274);
#1283=ADVANCED_FACE('',(#2579,#2581),#2583,.T.);
#1284=COLOUR_RGB('',0.16078431372549,0.16078431372549,0.16078431372549);
#1285=FILL_AREA_STYLE_COLOUR('',#1284);
#1286=FILL_AREA_STYLE($,(#1285));
#1287=SURFACE_STYLE_FILL_AREA(#1286);
#1288=SURFACE_SIDE_STYLE('',(#1287));
#1289=SURFACE_STYLE_USAGE(.BOTH.,#1288);
#1290=PRESENTATION_STYLE_ASSIGNMENT((#1289));
#1291=STYLED_ITEM('',(#1290),#1283);
#1292=ADVANCED_FACE('',(#2588),#2590,.F.);
#1293=COLOUR_RGB('',0.16078431372549,0.16078431372549,0.16078431372549);
#1294=FILL_AREA_STYLE_COLOUR('',#1293);
#1295=FILL_AREA_STYLE($,(#1294));
#1296=SURFACE_STYLE_FILL_AREA(#1295);
#1297=SURFACE_SIDE_STYLE('',(#1296));
#1298=SURFACE_STYLE_USAGE(.BOTH.,#1297);
#1299=PRESENTATION_STYLE_ASSIGNMENT((#1298));
#1300=STYLED_ITEM('',(#1299),#1292);
#1301=ADVANCED_FACE('',(#2595,#2597),#2599,.F.);
#1302=COLOUR_RGB('',0.16078431372549,0.16078431372549,0.16078431372549);
#1303=FILL_AREA_STYLE_COLOUR('',#1302);
#1304=FILL_AREA_STYLE($,(#1303));
#1305=SURFACE_STYLE_FILL_AREA(#1304);
#1306=SURFACE_SIDE_STYLE('',(#1305));
#1307=SURFACE_STYLE_USAGE(.BOTH.,#1306);
#1308=PRESENTATION_STYLE_ASSIGNMENT((#1307));
#1309=STYLED_ITEM('',(#1308),#1301);
#1310=ADVANCED_FACE('',(#2604,#2606),#2608,.F.);
#1311=COLOUR_RGB('',0.16078431372549,0.16078431372549,0.16078431372549);
#1312=FILL_AREA_STYLE_COLOUR('',#1311);
#1313=FILL_AREA_STYLE($,(#1312));
#1314=SURFACE_STYLE_FILL_AREA(#1313);
#1315=SURFACE_SIDE_STYLE('',(#1314));
#1316=SURFACE_STYLE_USAGE(.BOTH.,#1315);
#1317=PRESENTATION_STYLE_ASSIGNMENT((#1316));
#1318=STYLED_ITEM('',(#1317),#1310);
#1319=ADVANCED_FACE('',(#2613,#2615),#2617,.T.);
#1320=COLOUR_RGB('',0.16078431372549,0.16078431372549,0.16078431372549);
#1321=FILL_AREA_STYLE_COLOUR('',#1320);
#1322=FILL_AREA_STYLE($,(#1321));
#1323=SURFACE_STYLE_FILL_AREA(#1322);
#1324=SURFACE_SIDE_STYLE('',(#1323));
#1325=SURFACE_STYLE_USAGE(.BOTH.,#1324);
#1326=PRESENTATION_STYLE_ASSIGNMENT((#1325));
#1327=STYLED_ITEM('',(#1326),#1319);
#1328=ADVANCED_FACE('',(#2622,#2624),#2626,.T.);
#1329=COLOUR_RGB('',0.16078431372549,0.16078431372549,0.16078431372549);
#1330=FILL_AREA_STYLE_COLOUR('',#1329);
#1331=FILL_AREA_STYLE($,(#1330));
#1332=SURFACE_STYLE_FILL_AREA(#1331);
#1333=SURFACE_SIDE_STYLE('',(#1332));
#1334=SURFACE_STYLE_USAGE(.BOTH.,#1333);
#1335=PRESENTATION_STYLE_ASSIGNMENT((#1334));
#1336=STYLED_ITEM('',(#1335),#1328);
#1337=ADVANCED_FACE('',(#2631,#2633),#2635,.T.);
#1338=COLOUR_RGB('',0.16078431372549,0.16078431372549,0.16078431372549);
#1339=FILL_AREA_STYLE_COLOUR('',#1338);
#1340=FILL_AREA_STYLE($,(#1339));
#1341=SURFACE_STYLE_FILL_AREA(#1340);
#1342=SURFACE_SIDE_STYLE('',(#1341));
#1343=SURFACE_STYLE_USAGE(.BOTH.,#1342);
#1344=PRESENTATION_STYLE_ASSIGNMENT((#1343));
#1345=STYLED_ITEM('',(#1344),#1337);
#1346=ADVANCED_FACE('',(#2640,#2642),#2644,.T.);
#1347=COLOUR_RGB('',0.16078431372549,0.16078431372549,0.16078431372549);
#1348=FILL_AREA_STYLE_COLOUR('',#1347);
#1349=FILL_AREA_STYLE($,(#1348));
#1350=SURFACE_STYLE_FILL_AREA(#1349);
#1351=SURFACE_SIDE_STYLE('',(#1350));
#1352=SURFACE_STYLE_USAGE(.BOTH.,#1351);
#1353=PRESENTATION_STYLE_ASSIGNMENT((#1352));
#1354=STYLED_ITEM('',(#1353),#1346);
#1355=ADVANCED_FACE('',(#2649,#2651),#2653,.F.);
#1356=COLOUR_RGB('',0.16078431372549,0.16078431372549,0.16078431372549);
#1357=FILL_AREA_STYLE_COLOUR('',#1356);
#1358=FILL_AREA_STYLE($,(#1357));
#1359=SURFACE_STYLE_FILL_AREA(#1358);
#1360=SURFACE_SIDE_STYLE('',(#1359));
#1361=SURFACE_STYLE_USAGE(.BOTH.,#1360);
#1362=PRESENTATION_STYLE_ASSIGNMENT((#1361));
#1363=STYLED_ITEM('',(#1362),#1355);
#1364=ADVANCED_FACE('',(#2658,#2660),#2662,.F.);
#1365=COLOUR_RGB('',0.16078431372549,0.16078431372549,0.16078431372549);
#1366=FILL_AREA_STYLE_COLOUR('',#1365);
#1367=FILL_AREA_STYLE($,(#1366));
#1368=SURFACE_STYLE_FILL_AREA(#1367);
#1369=SURFACE_SIDE_STYLE('',(#1368));
#1370=SURFACE_STYLE_USAGE(.BOTH.,#1369);
#1371=PRESENTATION_STYLE_ASSIGNMENT((#1370));
#1372=STYLED_ITEM('',(#1371),#1364);
#1373=ADVANCED_FACE('',(#2667),#2669,.T.);
#1374=COLOUR_RGB('',0.16078431372549,0.16078431372549,0.16078431372549);
#1375=FILL_AREA_STYLE_COLOUR('',#1374);
#1376=FILL_AREA_STYLE($,(#1375));
#1377=SURFACE_STYLE_FILL_AREA(#1376);
#1378=SURFACE_SIDE_STYLE('',(#1377));
#1379=SURFACE_STYLE_USAGE(.BOTH.,#1378);
#1380=PRESENTATION_STYLE_ASSIGNMENT((#1379));
#1381=STYLED_ITEM('',(#1380),#1373);
#1382=ADVANCED_FACE('',(#2674),#2676,.T.);
#1383=COLOUR_RGB('',0.16078431372549,0.16078431372549,0.16078431372549);
#1384=FILL_AREA_STYLE_COLOUR('',#1383);
#1385=FILL_AREA_STYLE($,(#1384));
#1386=SURFACE_STYLE_FILL_AREA(#1385);
#1387=SURFACE_SIDE_STYLE('',(#1386));
#1388=SURFACE_STYLE_USAGE(.BOTH.,#1387);
#1389=PRESENTATION_STYLE_ASSIGNMENT((#1388));
#1390=STYLED_ITEM('',(#1389),#1382);
#1391=FACE_BOUND('',#1392,.T.);
#1392=EDGE_LOOP('',(#2681,#2682,#2683,#2684));
#1393=CYLINDRICAL_SURFACE('',#1394,0.5);
#1394=AXIS2_PLACEMENT_3D('',#1395,#1396,#1397);
#1395=CARTESIAN_POINT('',(7.17,-8.08939077088235,0.341287154900804));
#1396=DIRECTION('',(-1.,0.,0.));
#1397=DIRECTION('',(0.,1.,2.22044604925031E-16));
#1398=FACE_BOUND('',#1399,.T.);
#1399=EDGE_LOOP('',(#2685,#2686,#2687,#2688,#2689,#2690,#2691,#2692,#2693,#2694,
#2695,#2696));
#1400=PLANE('',#1401);
#1401=AXIS2_PLACEMENT_3D('',#1402,#1403,#1404);
#1402=CARTESIAN_POINT('',(7.17,0.,0.));
#1403=DIRECTION('',(-1.,0.,0.));
#1404=DIRECTION('',(0.,0.,-1.));
#1405=FACE_BOUND('',#1406,.T.);
#1406=EDGE_LOOP('',(#2697,#2698,#2699,#2700));
#1407=PLANE('',#1408);
#1408=AXIS2_PLACEMENT_3D('',#1409,#1410,#1411);
#1409=CARTESIAN_POINT('',(7.17,-8.08939077088235,-0.158712845099196));
#1410=DIRECTION('',(0.,2.22044604925031E-16,-1.));
#1411=DIRECTION('',(0.,-1.,-2.22044604925031E-16));
#1412=FACE_BOUND('',#1413,.T.);
#1413=EDGE_LOOP('',(#2701,#2702,#2703,#2704,#2705,#2706,#2707,#2708,#2709,#2710,
#2711,#2712));
#1414=PLANE('',#1415);
#1415=AXIS2_PLACEMENT_3D('',#1416,#1417,#1418);
#1416=CARTESIAN_POINT('',(6.37,0.,0.));
#1417=DIRECTION('',(-1.,0.,0.));
#1418=DIRECTION('',(0.,0.,-1.));
#1419=FACE_BOUND('',#1420,.T.);
#1420=EDGE_LOOP('',(#2713,#2714,#2715,#2716));
#1421=PLANE('',#1422);
#1422=AXIS2_PLACEMENT_3D('',#1423,#1424,#1425);
#1423=CARTESIAN_POINT('',(7.17,-7.58939077088235,0.862772231690545));
#1424=DIRECTION('',(0.,1.,0.));
#1425=DIRECTION('',(0.,0.,-1.));
#1426=FACE_BOUND('',#1427,.T.);
#1427=EDGE_LOOP('',(#2717,#2718,#2719,#2720));
#1428=CYLINDRICAL_SURFACE('',#1429,0.5);
#1429=AXIS2_PLACEMENT_3D('',#1430,#1431,#1432);
#1430=CARTESIAN_POINT('',(7.17,-7.08939077088235,0.862772231690545));
#1431=DIRECTION('',(1.,0.,0.));
#1432=DIRECTION('',(0.,0.,1.));
#1433=FACE_BOUND('',#1434,.T.);
#1434=EDGE_LOOP('',(#2721,#2722,#2723,#2724));
#1435=PLANE('',#1436);
#1436=AXIS2_PLACEMENT_3D('',#1437,#1438,#1439);
#1437=CARTESIAN_POINT('',(7.17,-6.53575311696753,1.36277223169055));
#1438=DIRECTION('',(0.,0.,-1.));
#1439=DIRECTION('',(0.,-1.,0.));
#1440=FACE_BOUND('',#1441,.T.);
#1441=EDGE_LOOP('',(#2725,#2726,#2727,#2728));
#1442=PLANE('',#1443);
#1443=AXIS2_PLACEMENT_3D('',#1444,#1445,#1446);
#1444=CARTESIAN_POINT('',(7.17,-6.53575311696753,1.5236628716039));
#1445=DIRECTION('',(0.,1.,0.));
#1446=DIRECTION('',(0.,0.,-1.));
#1447=FACE_BOUND('',#1448,.T.);
#1448=EDGE_LOOP('',(#2729,#2730,#2731,#2732));
#1449=PLANE('',#1450);
#1450=AXIS2_PLACEMENT_3D('',#1451,#1452,#1453);
#1451=CARTESIAN_POINT('',(7.17,-7.18760994335012,1.5236628716039));
#1452=DIRECTION('',(0.,0.,1.));
#1453=DIRECTION('',(0.,1.,0.));
#1454=FACE_BOUND('',#1455,.T.);
#1455=EDGE_LOOP('',(#2733,#2734,#2735,#2736));
#1456=CYLINDRICAL_SURFACE('',#1457,0.5);
#1457=AXIS2_PLACEMENT_3D('',#1458,#1459,#1460);
#1458=CARTESIAN_POINT('',(7.17,-7.18760994335012,1.0236628716039));
#1459=DIRECTION('',(-1.,0.,0.));
#1460=DIRECTION('',(0.,-1.,-4.44089209850063E-16));
#1461=FACE_BOUND('',#1462,.T.);
#1462=EDGE_LOOP('',(#2737,#2738,#2739,#2740));
#1463=PLANE('',#1464);
#1464=AXIS2_PLACEMENT_3D('',#1465,#1466,#1467);
#1465=CARTESIAN_POINT('',(7.17,-7.68760994335012,0.49488301844816));
#1466=DIRECTION('',(0.,-1.,0.));
#1467=DIRECTION('',(0.,0.,1.));
#1468=FACE_BOUND('',#1469,.T.);
#1469=EDGE_LOOP('',(#2741,#2742,#2743,#2744));
#1470=CYLINDRICAL_SURFACE('',#1471,0.5);
#1471=AXIS2_PLACEMENT_3D('',#1472,#1473,#1474);
#1472=CARTESIAN_POINT('',(7.17,-8.18760994335012,0.49488301844816));
#1473=DIRECTION('',(1.,0.,0.));
#1474=DIRECTION('',(0.,0.,-1.));
#1475=FACE_BOUND('',#1476,.T.);
#1476=EDGE_LOOP('',(#2745,#2746,#2747,#2748));
#1477=PLANE('',#1478);
#1478=AXIS2_PLACEMENT_3D('',#1479,#1480,#1481);
#1479=CARTESIAN_POINT('',(7.17,-8.5890132589946,-0.00511698155184028));
#1480=DIRECTION('',(0.,0.,1.));
#1481=DIRECTION('',(0.,1.,0.));
#1482=FACE_BOUND('',#1483,.T.);
#1483=EDGE_LOOP('',(#2749,#2750,#2751,#2752));
#1484=PLANE('',#1485);
#1485=AXIS2_PLACEMENT_3D('',#1486,#1487,#1488);
#1486=CARTESIAN_POINT('',(7.17,-8.58939077088235,-0.158712845099196));
#1487=DIRECTION('',(0.,-0.999996979559668,0.00245781845149438));
#1488=DIRECTION('',(0.,0.00245781845149438,0.999996979559668));
#1489=FACE_BOUND('',#1490,.T.);
#1490=EDGE_LOOP('',(#2753,#2754,#2755,#2756));
#1491=CYLINDRICAL_SURFACE('',#1492,0.5);
#1492=AXIS2_PLACEMENT_3D('',#1493,#1494,#1495);
#1493=CARTESIAN_POINT('',(7.17,1.15614805981944,0.498191514721682));
#1494=DIRECTION('',(1.,0.,0.));
#1495=DIRECTION('',(0.,-1.,-1.11022302462516E-16));
#1496=FACE_BOUND('',#1497,.T.);
#1497=EDGE_LOOP('',(#2757,#2758,#2759,#2760));
#1498=PLANE('',#1499);
#1499=AXIS2_PLACEMENT_3D('',#1500,#1501,#1502);
#1500=CARTESIAN_POINT('',(7.17,1.15614805981944,-0.00180848527831767));
#1501=DIRECTION('',(0.,0.,1.));
#1502=DIRECTION('',(0.,1.,0.));
#1503=FACE_BOUND('',#1504,.T.);
#1504=EDGE_LOOP('',(#2761,#2762,#2763,#2764));
#1505=PLANE('',#1506);
#1506=AXIS2_PLACEMENT_3D('',#1507,#1508,#1509);
#1507=CARTESIAN_POINT('',(7.17,1.55755137546391,-0.00180848527831767));
#1508=DIRECTION('',(0.,0.999996979559668,0.00245781845149728));
#1509=DIRECTION('',(0.,0.00245781845149728,-0.999996979559668));
#1510=FACE_BOUND('',#1511,.T.);
#1511=EDGE_LOOP('',(#2765,#2766,#2767,#2768));
#1512=PLANE('',#1513);
#1513=AXIS2_PLACEMENT_3D('',#1514,#1515,#1516);
#1514=CARTESIAN_POINT('',(7.17,1.55792888735167,-0.155404348825673));
#1515=DIRECTION('',(0.,0.,-1.));
#1516=DIRECTION('',(0.,-1.,0.));
#1517=FACE_BOUND('',#1518,.T.);
#1518=EDGE_LOOP('',(#2769,#2770,#2771,#2772));
#1519=CYLINDRICAL_SURFACE('',#1520,0.5);
#1520=AXIS2_PLACEMENT_3D('',#1521,#1522,#1523);
#1521=CARTESIAN_POINT('',(7.17,1.05792888735167,0.344595651174327));
#1522=DIRECTION('',(-1.,0.,0.));
#1523=DIRECTION('',(0.,0.,-1.));
#1524=FACE_BOUND('',#1525,.T.);
#1525=EDGE_LOOP('',(#2773,#2774,#2775,#2776));
#1526=PLANE('',#1527);
#1527=AXIS2_PLACEMENT_3D('',#1528,#1529,#1530);
#1528=CARTESIAN_POINT('',(7.17,0.557928887351666,0.344595651174327));
#1529=DIRECTION('',(0.,-1.,0.));
#1530=DIRECTION('',(0.,0.,1.));
#1531=FACE_BOUND('',#1532,.T.);
#1532=EDGE_LOOP('',(#2777,#2778,#2779,#2780));
#1533=CYLINDRICAL_SURFACE('',#1534,0.5);
#1534=AXIS2_PLACEMENT_3D('',#1535,#1536,#1537);
#1535=CARTESIAN_POINT('',(7.17,0.0579288873516657,0.866080727964068));
#1536=DIRECTION('',(1.,0.,0.));
#1537=DIRECTION('',(0.,1.,2.22044604925031E-16));
#1538=FACE_BOUND('',#1539,.T.);
#1539=EDGE_LOOP('',(#2781,#2782,#2783,#2784));
#1540=PLANE('',#1541);
#1541=AXIS2_PLACEMENT_3D('',#1542,#1543,#1544);
#1542=CARTESIAN_POINT('',(7.17,0.0579288873516657,1.36608072796407));
#1543=DIRECTION('',(0.,0.,-1.));
#1544=DIRECTION('',(0.,-1.,0.));
#1545=FACE_BOUND('',#1546,.T.);
#1546=EDGE_LOOP('',(#2785,#2786,#2787,#2788));
#1547=PLANE('',#1548);
#1548=AXIS2_PLACEMENT_3D('',#1549,#1550,#1551);
#1549=CARTESIAN_POINT('',(7.17,-0.495708766563149,1.36608072796407));
#1550=DIRECTION('',(0.,-1.,0.));
#1551=DIRECTION('',(0.,0.,1.));
#1552=FACE_BOUND('',#1553,.T.);
#1553=EDGE_LOOP('',(#2789,#2790,#2791,#2792));
#1554=PLANE('',#1555);
#1555=AXIS2_PLACEMENT_3D('',#1556,#1557,#1558);
#1556=CARTESIAN_POINT('',(7.17,-0.495708766563149,1.52697136787743));
#1557=DIRECTION('',(0.,0.,1.));
#1558=DIRECTION('',(0.,1.,0.));
#1559=FACE_BOUND('',#1560,.T.);
#1560=EDGE_LOOP('',(#2793,#2794,#2795,#2796));
#1561=CYLINDRICAL_SURFACE('',#1562,0.5);
#1562=AXIS2_PLACEMENT_3D('',#1563,#1564,#1565);
#1563=CARTESIAN_POINT('',(7.17,0.156148059819439,1.02697136787743));
#1564=DIRECTION('',(-1.,0.,0.));
#1565=DIRECTION('',(0.,-1.11022302462516E-16,1.));
#1566=FACE_BOUND('',#1567,.T.);
#1567=EDGE_LOOP('',(#2797,#2798,#2799,#2800));
#1568=PLANE('',#1569);
#1569=AXIS2_PLACEMENT_3D('',#1570,#1571,#1572);
#1570=CARTESIAN_POINT('',(7.17,0.656148059819439,1.02697136787743));
#1571=DIRECTION('',(0.,1.,0.));
#1572=DIRECTION('',(0.,0.,-1.));
#1573=FACE_BOUND('',#1574,.T.);
#1574=EDGE_LOOP('',(#2801,#2802,#2803,#2804,#2805,#2806,#2807,#2808,#2809,#2810,
#2811,#2812));
#1575=PLANE('',#1576);
#1576=AXIS2_PLACEMENT_3D('',#1577,#1578,#1579);
#1577=CARTESIAN_POINT('',(6.37,0.,0.));
#1578=DIRECTION('',(-1.,0.,0.));
#1579=DIRECTION('',(0.,0.,-1.));
#1580=FACE_BOUND('',#1581,.T.);
#1581=EDGE_LOOP('',(#2813,#2814,#2815,#2816,#2817,#2818,#2819,#2820,#2821,#2822,
#2823,#2824));
#1582=PLANE('',#1583);
#1583=AXIS2_PLACEMENT_3D('',#1584,#1585,#1586);
#1584=CARTESIAN_POINT('',(7.17,0.,0.));
#1585=DIRECTION('',(-1.,0.,0.));
#1586=DIRECTION('',(0.,0.,-1.));
#1587=FACE_BOUND('',#1588,.T.);
#1588=EDGE_LOOP('',(#2825,#2826,#2827,#2828));
#1589=CYLINDRICAL_SURFACE('',#1590,0.5);
#1590=AXIS2_PLACEMENT_3D('',#1591,#1592,#1593);
#1591=CARTESIAN_POINT('',(4.63,1.15795733550348,0.516746281526503));
#1592=DIRECTION('',(1.,0.,0.));
#1593=DIRECTION('',(0.,-1.,0.));
#1594=FACE_BOUND('',#1595,.T.);
#1595=EDGE_LOOP('',(#2829,#2830,#2831,#2832));
#1596=PLANE('',#1597);
#1597=AXIS2_PLACEMENT_3D('',#1598,#1599,#1600);
#1598=CARTESIAN_POINT('',(4.63,1.15795733550348,0.0167462815265026));
#1599=DIRECTION('',(0.,0.,1.));
#1600=DIRECTION('',(0.,1.,0.));
#1601=FACE_BOUND('',#1602,.T.);
#1602=EDGE_LOOP('',(#2833,#2834,#2835,#2836));
#1603=PLANE('',#1604);
#1604=AXIS2_PLACEMENT_3D('',#1605,#1606,#1607);
#1605=CARTESIAN_POINT('',(4.63,1.55936065114795,0.0167462815265026));
#1606=DIRECTION('',(0.,0.999996979559668,0.00245781845149728));
#1607=DIRECTION('',(0.,0.00245781845149728,-0.999996979559668));
#1608=FACE_BOUND('',#1609,.T.);
#1609=EDGE_LOOP('',(#2837,#2838,#2839,#2840));
#1610=PLANE('',#1611);
#1611=AXIS2_PLACEMENT_3D('',#1612,#1613,#1614);
#1612=CARTESIAN_POINT('',(4.63,1.5597381630357,-0.136849582020853));
#1613=DIRECTION('',(0.,0.,-1.));
#1614=DIRECTION('',(0.,-1.,0.));
#1615=FACE_BOUND('',#1616,.T.);
#1616=EDGE_LOOP('',(#2841,#2842,#2843,#2844));
#1617=CYLINDRICAL_SURFACE('',#1618,0.5);
#1618=AXIS2_PLACEMENT_3D('',#1619,#1620,#1621);
#1619=CARTESIAN_POINT('',(4.63,1.0597381630357,0.363150417979147));
#1620=DIRECTION('',(-1.,0.,0.));
#1621=DIRECTION('',(0.,0.,-1.));
#1622=FACE_BOUND('',#1623,.T.);
#1623=EDGE_LOOP('',(#2845,#2846,#2847,#2848));
#1624=PLANE('',#1625);
#1625=AXIS2_PLACEMENT_3D('',#1626,#1627,#1628);
#1626=CARTESIAN_POINT('',(4.63,0.559738163035702,0.363150417979147));
#1627=DIRECTION('',(0.,-1.,0.));
#1628=DIRECTION('',(0.,0.,1.));
#1629=FACE_BOUND('',#1630,.T.);
#1630=EDGE_LOOP('',(#2849,#2850,#2851,#2852));
#1631=CYLINDRICAL_SURFACE('',#1632,0.5);
#1632=AXIS2_PLACEMENT_3D('',#1633,#1634,#1635);
#1633=CARTESIAN_POINT('',(4.63,0.0597381630357022,0.884635494768888));
#1634=DIRECTION('',(1.,0.,0.));
#1635=DIRECTION('',(0.,1.,2.22044604925031E-16));
#1636=FACE_BOUND('',#1637,.T.);
#1637=EDGE_LOOP('',(#2853,#2854,#2855,#2856));
#1638=PLANE('',#1639);
#1639=AXIS2_PLACEMENT_3D('',#1640,#1641,#1642);
#1640=CARTESIAN_POINT('',(4.63,0.0597381630357022,1.38463549476889));
#1641=DIRECTION('',(0.,0.,-1.));
#1642=DIRECTION('',(0.,-1.,0.));
#1643=FACE_BOUND('',#1644,.T.);
#1644=EDGE_LOOP('',(#2857,#2858,#2859,#2860));
#1645=PLANE('',#1646);
#1646=AXIS2_PLACEMENT_3D('',#1647,#1648,#1649);
#1647=CARTESIAN_POINT('',(4.63,-0.493899490879112,1.38463549476889));
#1648=DIRECTION('',(0.,-1.,0.));
#1649=DIRECTION('',(0.,0.,1.));
#1650=FACE_BOUND('',#1651,.T.);
#1651=EDGE_LOOP('',(#2861,#2862,#2863,#2864));
#1652=PLANE('',#1653);
#1653=AXIS2_PLACEMENT_3D('',#1654,#1655,#1656);
#1654=CARTESIAN_POINT('',(4.63,-0.493899490879112,1.54552613468225));
#1655=DIRECTION('',(0.,0.,1.));
#1656=DIRECTION('',(0.,1.,0.));
#1657=FACE_BOUND('',#1658,.T.);
#1658=EDGE_LOOP('',(#2865,#2866,#2867,#2868));
#1659=CYLINDRICAL_SURFACE('',#1660,0.5);
#1660=AXIS2_PLACEMENT_3D('',#1661,#1662,#1663);
#1661=CARTESIAN_POINT('',(4.63,0.157957335503476,1.04552613468225));
#1662=DIRECTION('',(-1.,0.,0.));
#1663=DIRECTION('',(0.,-1.11022302462516E-16,1.));
#1664=FACE_BOUND('',#1665,.T.);
#1665=EDGE_LOOP('',(#2869,#2870,#2871,#2872));
#1666=PLANE('',#1667);
#1667=AXIS2_PLACEMENT_3D('',#1668,#1669,#1670);
#1668=CARTESIAN_POINT('',(4.63,0.657957335503476,1.04552613468225));
#1669=DIRECTION('',(0.,1.,0.));
#1670=DIRECTION('',(0.,0.,-1.));
#1671=FACE_BOUND('',#1672,.T.);
#1672=EDGE_LOOP('',(#2873,#2874,#2875,#2876,#2877,#2878,#2879,#2880,#2881,#2882,
#2883,#2884));
#1673=PLANE('',#1674);
#1674=AXIS2_PLACEMENT_3D('',#1675,#1676,#1677);
#1675=CARTESIAN_POINT('',(3.83,0.,0.));
#1676=DIRECTION('',(-1.,0.,0.));
#1677=DIRECTION('',(0.,0.,-1.));
#1678=FACE_BOUND('',#1679,.T.);
#1679=EDGE_LOOP('',(#2885,#2886,#2887,#2888,#2889,#2890,#2891,#2892,#2893,#2894,
#2895,#2896));
#1680=PLANE('',#1681);
#1681=AXIS2_PLACEMENT_3D('',#1682,#1683,#1684);
#1682=CARTESIAN_POINT('',(4.63,0.,0.));
#1683=DIRECTION('',(-1.,0.,0.));
#1684=DIRECTION('',(0.,0.,-1.));
#1685=FACE_BOUND('',#1686,.T.);
#1686=EDGE_LOOP('',(#2897,#2898,#2899,#2900));
#1687=CYLINDRICAL_SURFACE('',#1688,0.5);
#1688=AXIS2_PLACEMENT_3D('',#1689,#1690,#1691);
#1689=CARTESIAN_POINT('',(4.63,-7.08758149519831,0.881326998495365));
#1690=DIRECTION('',(1.,0.,0.));
#1691=DIRECTION('',(0.,0.,1.));
#1692=FACE_BOUND('',#1693,.T.);
#1693=EDGE_LOOP('',(#2901,#2902,#2903,#2904,#2905,#2906,#2907,#2908,#2909,#2910,
#2911,#2912));
#1694=PLANE('',#1695);
#1695=AXIS2_PLACEMENT_3D('',#1696,#1697,#1698);
#1696=CARTESIAN_POINT('',(4.63,0.,0.));
#1697=DIRECTION('',(-1.,0.,0.));
#1698=DIRECTION('',(0.,0.,-1.));
#1699=FACE_BOUND('',#1700,.T.);
#1700=EDGE_LOOP('',(#2913,#2914,#2915,#2916));
#1701=PLANE('',#1702);
#1702=AXIS2_PLACEMENT_3D('',#1703,#1704,#1705);
#1703=CARTESIAN_POINT('',(4.63,-7.58758149519831,0.881326998495365));
#1704=DIRECTION('',(0.,1.,0.));
#1705=DIRECTION('',(0.,0.,-1.));
#1706=FACE_BOUND('',#1707,.T.);
#1707=EDGE_LOOP('',(#2917,#2918,#2919,#2920,#2921,#2922,#2923,#2924,#2925,#2926,
#2927,#2928));
#1708=PLANE('',#1709);
#1709=AXIS2_PLACEMENT_3D('',#1710,#1711,#1712);
#1710=CARTESIAN_POINT('',(3.83,0.,0.));
#1711=DIRECTION('',(-1.,0.,0.));
#1712=DIRECTION('',(0.,0.,-1.));
#1713=FACE_BOUND('',#1714,.T.);
#1714=EDGE_LOOP('',(#2929,#2930,#2931,#2932));
#1715=PLANE('',#1716);
#1716=AXIS2_PLACEMENT_3D('',#1717,#1718,#1719);
#1717=CARTESIAN_POINT('',(4.63,-6.5339438412835,1.38132699849537));
#1718=DIRECTION('',(0.,0.,-1.));
#1719=DIRECTION('',(0.,-1.,0.));
#1720=FACE_BOUND('',#1721,.T.);
#1721=EDGE_LOOP('',(#2933,#2934,#2935,#2936));
#1722=PLANE('',#1723);
#1723=AXIS2_PLACEMENT_3D('',#1724,#1725,#1726);
#1724=CARTESIAN_POINT('',(4.63,-6.5339438412835,1.54221763840872));
#1725=DIRECTION('',(0.,1.,0.));
#1726=DIRECTION('',(0.,0.,-1.));
#1727=FACE_BOUND('',#1728,.T.);
#1728=EDGE_LOOP('',(#2937,#2938,#2939,#2940));
#1729=PLANE('',#1730);
#1730=AXIS2_PLACEMENT_3D('',#1731,#1732,#1733);
#1731=CARTESIAN_POINT('',(4.63,-7.18580066766609,1.54221763840872));
#1732=DIRECTION('',(0.,0.,1.));
#1733=DIRECTION('',(0.,1.,0.));
#1734=FACE_BOUND('',#1735,.T.);
#1735=EDGE_LOOP('',(#2941,#2942,#2943,#2944));
#1736=CYLINDRICAL_SURFACE('',#1737,0.5);
#1737=AXIS2_PLACEMENT_3D('',#1738,#1739,#1740);
#1738=CARTESIAN_POINT('',(4.63,-7.18580066766609,1.04221763840872));
#1739=DIRECTION('',(-1.,0.,0.));
#1740=DIRECTION('',(0.,-1.,-4.44089209850063E-16));
#1741=FACE_BOUND('',#1742,.T.);
#1742=EDGE_LOOP('',(#2945,#2946,#2947,#2948));
#1743=PLANE('',#1744);
#1744=AXIS2_PLACEMENT_3D('',#1745,#1746,#1747);
#1745=CARTESIAN_POINT('',(4.63,-7.68580066766608,0.51343778525298));
#1746=DIRECTION('',(0.,-1.,0.));
#1747=DIRECTION('',(0.,0.,1.));
#1748=FACE_BOUND('',#1749,.T.);
#1749=EDGE_LOOP('',(#2949,#2950,#2951,#2952));
#1750=CYLINDRICAL_SURFACE('',#1751,0.5);
#1751=AXIS2_PLACEMENT_3D('',#1752,#1753,#1754);
#1752=CARTESIAN_POINT('',(4.63,-8.18580066766608,0.51343778525298));
#1753=DIRECTION('',(1.,0.,0.));
#1754=DIRECTION('',(0.,0.,-1.));
#1755=FACE_BOUND('',#1756,.T.);
#1756=EDGE_LOOP('',(#2953,#2954,#2955,#2956));
#1757=PLANE('',#1758);
#1758=AXIS2_PLACEMENT_3D('',#1759,#1760,#1761);
#1759=CARTESIAN_POINT('',(4.63,-8.58720398331056,0.01343778525298));
#1760=DIRECTION('',(0.,0.,1.));
#1761=DIRECTION('',(0.,1.,0.));
#1762=FACE_BOUND('',#1763,.T.);
#1763=EDGE_LOOP('',(#2957,#2958,#2959,#2960));
#1764=PLANE('',#1765);
#1765=AXIS2_PLACEMENT_3D('',#1766,#1767,#1768);
#1766=CARTESIAN_POINT('',(4.63,-8.58758149519831,-0.140158078294376));
#1767=DIRECTION('',(0.,-0.999996979559668,0.00245781845149438));
#1768=DIRECTION('',(0.,0.00245781845149438,0.999996979559668));
#1769=FACE_BOUND('',#1770,.T.);
#1770=EDGE_LOOP('',(#2961,#2962,#2963,#2964));
#1771=PLANE('',#1772);
#1772=AXIS2_PLACEMENT_3D('',#1773,#1774,#1775);
#1773=CARTESIAN_POINT('',(4.63,-8.08758149519831,-0.140158078294375));
#1774=DIRECTION('',(0.,2.22044604925031E-16,-1.));
#1775=DIRECTION('',(0.,-1.,-2.22044604925031E-16));
#1776=FACE_BOUND('',#1777,.T.);
#1777=EDGE_LOOP('',(#2965,#2966,#2967,#2968));
#1778=CYLINDRICAL_SURFACE('',#1779,0.5);
#1779=AXIS2_PLACEMENT_3D('',#1780,#1781,#1782);
#1780=CARTESIAN_POINT('',(4.63,-8.08758149519831,0.359841921705625));
#1781=DIRECTION('',(-1.,0.,0.));
#1782=DIRECTION('',(0.,1.,2.22044604925031E-16));
#1783=FACE_BOUND('',#1784,.T.);
#1784=EDGE_LOOP('',(#2969,#2970,#2971,#2972));
#1785=CYLINDRICAL_SURFACE('',#1786,0.5);
#1786=AXIS2_PLACEMENT_3D('',#1787,#1788,#1789);
#1787=CARTESIAN_POINT('',(9.71,1.19141064392992,0.483591878593527));
#1788=DIRECTION('',(1.,0.,0.));
#1789=DIRECTION('',(0.,-1.,-1.11022302462516E-16));
#1790=FACE_BOUND('',#1791,.T.);
#1791=EDGE_LOOP('',(#2973,#2974,#2975,#2976));
#1792=PLANE('',#1793);
#1793=AXIS2_PLACEMENT_3D('',#1794,#1795,#1796);
#1794=CARTESIAN_POINT('',(9.71,1.19141064392992,-0.016408121406473));
#1795=DIRECTION('',(0.,0.,1.));
#1796=DIRECTION('',(0.,1.,0.));
#1797=FACE_BOUND('',#1798,.T.);
#1798=EDGE_LOOP('',(#2977,#2978,#2979,#2980));
#1799=PLANE('',#1800);
#1800=AXIS2_PLACEMENT_3D('',#1801,#1802,#1803);
#1801=CARTESIAN_POINT('',(9.71,1.59281395957439,-0.016408121406473));
#1802=DIRECTION('',(0.,0.999996979559668,0.00245781845149439));
#1803=DIRECTION('',(0.,0.00245781845149439,-0.999996979559668));
#1804=FACE_BOUND('',#1805,.T.);
#1805=EDGE_LOOP('',(#2981,#2982,#2983,#2984));
#1806=PLANE('',#1807);
#1807=AXIS2_PLACEMENT_3D('',#1808,#1809,#1810);
#1808=CARTESIAN_POINT('',(9.71,1.59319147146214,-0.170003984953828));
#1809=DIRECTION('',(0.,0.,-1.));
#1810=DIRECTION('',(0.,-1.,0.));
#1811=FACE_BOUND('',#1812,.T.);
#1812=EDGE_LOOP('',(#2985,#2986,#2987,#2988));
#1813=CYLINDRICAL_SURFACE('',#1814,0.5);
#1814=AXIS2_PLACEMENT_3D('',#1815,#1816,#1817);
#1815=CARTESIAN_POINT('',(9.71,1.09319147146214,0.329996015046172));
#1816=DIRECTION('',(-1.,0.,0.));
#1817=DIRECTION('',(0.,0.,-1.));
#1818=FACE_BOUND('',#1819,.T.);
#1819=EDGE_LOOP('',(#2989,#2990,#2991,#2992));
#1820=PLANE('',#1821);
#1821=AXIS2_PLACEMENT_3D('',#1822,#1823,#1824);
#1822=CARTESIAN_POINT('',(9.71,0.593191471462144,0.329996015046172));
#1823=DIRECTION('',(0.,-1.,0.));
#1824=DIRECTION('',(0.,0.,1.));
#1825=FACE_BOUND('',#1826,.T.);
#1826=EDGE_LOOP('',(#2993,#2994,#2995,#2996));
#1827=CYLINDRICAL_SURFACE('',#1828,0.5);
#1828=AXIS2_PLACEMENT_3D('',#1829,#1830,#1831);
#1829=CARTESIAN_POINT('',(9.71,0.0931914714621436,0.851481091835912));
#1830=DIRECTION('',(1.,0.,0.));
#1831=DIRECTION('',(0.,1.,2.22044604925031E-16));
#1832=FACE_BOUND('',#1833,.T.);
#1833=EDGE_LOOP('',(#2997,#2998,#2999,#3000));
#1834=PLANE('',#1835);
#1835=AXIS2_PLACEMENT_3D('',#1836,#1837,#1838);
#1836=CARTESIAN_POINT('',(9.71,0.0931914714621436,1.35148109183591));
#1837=DIRECTION('',(0.,0.,-1.));
#1838=DIRECTION('',(0.,-1.,0.));
#1839=FACE_BOUND('',#1840,.T.);
#1840=EDGE_LOOP('',(#3001,#3002,#3003,#3004));
#1841=PLANE('',#1842);
#1842=AXIS2_PLACEMENT_3D('',#1843,#1844,#1845);
#1843=CARTESIAN_POINT('',(9.71,-0.460446182452671,1.35148109183591));
#1844=DIRECTION('',(0.,-1.,0.));
#1845=DIRECTION('',(0.,0.,1.));
#1846=FACE_BOUND('',#1847,.T.);
#1847=EDGE_LOOP('',(#3005,#3006,#3007,#3008));
#1848=PLANE('',#1849);
#1849=AXIS2_PLACEMENT_3D('',#1850,#1851,#1852);
#1850=CARTESIAN_POINT('',(9.71,-0.460446182452671,1.51237173174927));
#1851=DIRECTION('',(0.,0.,1.));
#1852=DIRECTION('',(0.,1.,0.));
#1853=FACE_BOUND('',#1854,.T.);
#1854=EDGE_LOOP('',(#3009,#3010,#3011,#3012));
#1855=CYLINDRICAL_SURFACE('',#1856,0.5);
#1856=AXIS2_PLACEMENT_3D('',#1857,#1858,#1859);
#1857=CARTESIAN_POINT('',(9.71,0.191410643929917,1.01237173174927));
#1858=DIRECTION('',(-1.,0.,0.));
#1859=DIRECTION('',(0.,-1.11022302462516E-16,1.));
#1860=FACE_BOUND('',#1861,.T.);
#1861=EDGE_LOOP('',(#3013,#3014,#3015,#3016));
#1862=PLANE('',#1863);
#1863=AXIS2_PLACEMENT_3D('',#1864,#1865,#1866);
#1864=CARTESIAN_POINT('',(9.71,0.691410643929917,1.01237173174927));
#1865=DIRECTION('',(0.,1.,0.));
#1866=DIRECTION('',(0.,0.,-1.));
#1867=FACE_BOUND('',#1868,.T.);
#1868=EDGE_LOOP('',(#3017,#3018,#3019,#3020,#3021,#3022,#3023,#3024,#3025,#3026,
#3027,#3028));
#1869=PLANE('',#1870);
#1870=AXIS2_PLACEMENT_3D('',#1871,#1872,#1873);
#1871=CARTESIAN_POINT('',(8.91,0.,0.));
#1872=DIRECTION('',(-1.,0.,0.));
#1873=DIRECTION('',(0.,0.,-1.));
#1874=FACE_BOUND('',#1875,.T.);
#1875=EDGE_LOOP('',(#3029,#3030,#3031,#3032,#3033,#3034,#3035,#3036,#3037,#3038,
#3039,#3040));
#1876=PLANE('',#1877);
#1877=AXIS2_PLACEMENT_3D('',#1878,#1879,#1880);
#1878=CARTESIAN_POINT('',(9.71,0.,0.));
#1879=DIRECTION('',(-1.,0.,0.));
#1880=DIRECTION('',(0.,0.,-1.));
#1881=FACE_BOUND('',#1882,.T.);
#1882=EDGE_LOOP('',(#3041,#3042,#3043,#3044));
#1883=CYLINDRICAL_SURFACE('',#1884,0.5);
#1884=AXIS2_PLACEMENT_3D('',#1885,#1886,#1887);
#1885=CARTESIAN_POINT('',(9.71,-7.05412818677187,0.84817259556239));
#1886=DIRECTION('',(1.,0.,0.));
#1887=DIRECTION('',(0.,0.,1.));
#1888=FACE_BOUND('',#1889,.T.);
#1889=EDGE_LOOP('',(#3045,#3046,#3047,#3048,#3049,#3050,#3051,#3052,#3053,#3054,
#3055,#3056));
#1890=PLANE('',#1891);
#1891=AXIS2_PLACEMENT_3D('',#1892,#1893,#1894);
#1892=CARTESIAN_POINT('',(9.71,0.,0.));
#1893=DIRECTION('',(-1.,0.,0.));
#1894=DIRECTION('',(0.,0.,-1.));
#1895=FACE_BOUND('',#1896,.T.);
#1896=EDGE_LOOP('',(#3057,#3058,#3059,#3060));
#1897=PLANE('',#1898);
#1898=AXIS2_PLACEMENT_3D('',#1899,#1900,#1901);
#1899=CARTESIAN_POINT('',(9.71,-7.55412818677187,0.84817259556239));
#1900=DIRECTION('',(0.,1.,0.));
#1901=DIRECTION('',(0.,0.,-1.));
#1902=FACE_BOUND('',#1903,.T.);
#1903=EDGE_LOOP('',(#3061,#3062,#3063,#3064,#3065,#3066,#3067,#3068,#3069,#3070,
#3071,#3072));
#1904=PLANE('',#1905);
#1905=AXIS2_PLACEMENT_3D('',#1906,#1907,#1908);
#1906=CARTESIAN_POINT('',(8.91,0.,0.));
#1907=DIRECTION('',(-1.,0.,0.));
#1908=DIRECTION('',(0.,0.,-1.));
#1909=FACE_BOUND('',#1910,.T.);
#1910=EDGE_LOOP('',(#3073,#3074,#3075,#3076));
#1911=PLANE('',#1912);
#1912=AXIS2_PLACEMENT_3D('',#1913,#1914,#1915);
#1913=CARTESIAN_POINT('',(9.71,-6.50049053285706,1.34817259556239));
#1914=DIRECTION('',(0.,0.,-1.));
#1915=DIRECTION('',(0.,-1.,0.));
#1916=FACE_BOUND('',#1917,.T.);
#1917=EDGE_LOOP('',(#3077,#3078,#3079,#3080));
#1918=PLANE('',#1919);
#1919=AXIS2_PLACEMENT_3D('',#1920,#1921,#1922);
#1920=CARTESIAN_POINT('',(9.71,-6.50049053285706,1.50906323547575));
#1921=DIRECTION('',(0.,1.,0.));
#1922=DIRECTION('',(0.,0.,-1.));
#1923=FACE_BOUND('',#1924,.T.);
#1924=EDGE_LOOP('',(#3081,#3082,#3083,#3084));
#1925=PLANE('',#1926);
#1926=AXIS2_PLACEMENT_3D('',#1927,#1928,#1929);
#1927=CARTESIAN_POINT('',(9.71,-7.15234735923964,1.50906323547575));
#1928=DIRECTION('',(0.,0.,1.));
#1929=DIRECTION('',(0.,1.,0.));
#1930=FACE_BOUND('',#1931,.T.);
#1931=EDGE_LOOP('',(#3085,#3086,#3087,#3088));
#1932=CYLINDRICAL_SURFACE('',#1933,0.5);
#1933=AXIS2_PLACEMENT_3D('',#1934,#1935,#1936);
#1934=CARTESIAN_POINT('',(9.71,-7.15234735923964,1.00906323547575));
#1935=DIRECTION('',(-1.,0.,0.));
#1936=DIRECTION('',(0.,-1.,-4.44089209850063E-16));
#1937=FACE_BOUND('',#1938,.T.);
#1938=EDGE_LOOP('',(#3089,#3090,#3091,#3092));
#1939=PLANE('',#1940);
#1940=AXIS2_PLACEMENT_3D('',#1941,#1942,#1943);
#1941=CARTESIAN_POINT('',(9.71,-7.65234735923964,0.480283382320005));
#1942=DIRECTION('',(0.,-1.,0.));
#1943=DIRECTION('',(0.,0.,1.));
#1944=FACE_BOUND('',#1945,.T.);
#1945=EDGE_LOOP('',(#3093,#3094,#3095,#3096));
#1946=CYLINDRICAL_SURFACE('',#1947,0.5);
#1947=AXIS2_PLACEMENT_3D('',#1948,#1949,#1950);
#1948=CARTESIAN_POINT('',(9.71,-8.15234735923964,0.480283382320005));
#1949=DIRECTION('',(1.,0.,0.));
#1950=DIRECTION('',(0.,0.,-1.));
#1951=FACE_BOUND('',#1952,.T.);
#1952=EDGE_LOOP('',(#3097,#3098,#3099,#3100));
#1953=PLANE('',#1954);
#1954=AXIS2_PLACEMENT_3D('',#1955,#1956,#1957);
#1955=CARTESIAN_POINT('',(9.71,-8.55375067488412,-0.0197166176799956));
#1956=DIRECTION('',(0.,0.,1.));
#1957=DIRECTION('',(0.,1.,0.));
#1958=FACE_BOUND('',#1959,.T.);
#1959=EDGE_LOOP('',(#3101,#3102,#3103,#3104));
#1960=PLANE('',#1961);
#1961=AXIS2_PLACEMENT_3D('',#1962,#1963,#1964);
#1962=CARTESIAN_POINT('',(9.71,-8.55412818677187,-0.173312481227351));
#1963=DIRECTION('',(0.,-0.999996979559668,0.00245781845149438));
#1964=DIRECTION('',(0.,0.00245781845149438,0.999996979559668));
#1965=FACE_BOUND('',#1966,.T.);
#1966=EDGE_LOOP('',(#3105,#3106,#3107,#3108));
#1967=PLANE('',#1968);
#1968=AXIS2_PLACEMENT_3D('',#1969,#1970,#1971);
#1969=CARTESIAN_POINT('',(9.71,-8.05412818677187,-0.173312481227351));
#1970=DIRECTION('',(0.,2.22044604925031E-16,-1.));
#1971=DIRECTION('',(0.,-1.,-2.22044604925031E-16));
#1972=FACE_BOUND('',#1973,.T.);
#1973=EDGE_LOOP('',(#3109,#3110,#3111,#3112));
#1974=CYLINDRICAL_SURFACE('',#1975,0.5);
#1975=AXIS2_PLACEMENT_3D('',#1976,#1977,#1978);
#1976=CARTESIAN_POINT('',(9.71,-8.05412818677187,0.326687518772649));
#1977=DIRECTION('',(-1.,0.,0.));
#1978=DIRECTION('',(0.,1.,2.22044604925031E-16));
#1979=FACE_BOUND('',#1980,.T.);
#1980=EDGE_LOOP('',(#3113,#3114,#3115,#3116));
#1981=FACE_BOUND('',#1982,.T.);
#1982=EDGE_LOOP('',(#3117,#3118,#3119,#3120));
#1983=PLANE('',#1984);
#1984=AXIS2_PLACEMENT_3D('',#1985,#1986,#1987);
#1985=CARTESIAN_POINT('',(0.,-7.,0.));
#1986=DIRECTION('',(0.,-1.,0.));
#1987=DIRECTION('',(1.,0.,0.));
#1988=FACE_BOUND('',#1989,.T.);
#1989=EDGE_LOOP('',(#3121,#3122,#3123,#3124));
#1990=FACE_BOUND('',#1991,.T.);
#1991=EDGE_LOOP('',(#3125,#3126,#3127,#3128));
#1992=PLANE('',#1993);
#1993=AXIS2_PLACEMENT_3D('',#1994,#1995,#1996);
#1994=CARTESIAN_POINT('',(11.,0.,0.));
#1995=DIRECTION('',(0.,1.,0.));
#1996=DIRECTION('',(-1.,0.,0.));
#1997=FACE_BOUND('',#1998,.T.);
#1998=EDGE_LOOP('',(#3129,#3130,#3131,#3132,#3133,#3134,#3135,#3136,#3137,#3138,
#3139,#3140));
#1999=PLANE('',#2000);
#2000=AXIS2_PLACEMENT_3D('',#2001,#2002,#2003);
#2001=CARTESIAN_POINT('',(2.09,0.,0.));
#2002=DIRECTION('',(-1.,0.,0.));
#2003=DIRECTION('',(0.,0.,-1.));
#2004=FACE_BOUND('',#2005,.T.);
#2005=EDGE_LOOP('',(#3141,#3142,#3143,#3144,#3145,#3146,#3147,#3148,#3149,#3150,
#3151,#3152));
#2006=PLANE('',#2007);
#2007=AXIS2_PLACEMENT_3D('',#2008,#2009,#2010);
#2008=CARTESIAN_POINT('',(1.29,0.,0.));
#2009=DIRECTION('',(-1.,0.,0.));
#2010=DIRECTION('',(0.,0.,-1.));
#2011=FACE_BOUND('',#2012,.T.);
#2012=EDGE_LOOP('',(#3153,#3154,#3155,#3156));
#2013=PLANE('',#2014);
#2014=AXIS2_PLACEMENT_3D('',#2015,#2016,#2017);
#2015=CARTESIAN_POINT('',(2.09,-6.54664420212424,1.3904992640502));
#2016=DIRECTION('',(0.,0.,-1.));
#2017=DIRECTION('',(0.,-1.,0.));
#2018=FACE_BOUND('',#2019,.T.);
#2019=EDGE_LOOP('',(#3157,#3158,#3159,#3160));
#2020=PLANE('',#2021);
#2021=AXIS2_PLACEMENT_3D('',#2022,#2023,#2024);
#2022=CARTESIAN_POINT('',(2.09,-7.19850102850683,1.55138990396356));
#2023=DIRECTION('',(0.,0.,1.));
#2024=DIRECTION('',(0.,1.,0.));
#2025=FACE_BOUND('',#2026,.T.);
#2026=EDGE_LOOP('',(#3161,#3162,#3163,#3164,#3165,#3166,#3167,#3168,#3169,#3170,
#3171,#3172));
#2027=PLANE('',#2028);
#2028=AXIS2_PLACEMENT_3D('',#2029,#2030,#2031);
#2029=CARTESIAN_POINT('',(2.09,0.,0.));
#2030=DIRECTION('',(-1.,0.,0.));
#2031=DIRECTION('',(0.,0.,-1.));
#2032=FACE_BOUND('',#2033,.T.);
#2033=EDGE_LOOP('',(#3173,#3174,#3175,#3176,#3177,#3178,#3179,#3180,#3181,#3182,
#3183,#3184));
#2034=PLANE('',#2035);
#2035=AXIS2_PLACEMENT_3D('',#2036,#2037,#2038);
#2036=CARTESIAN_POINT('',(1.29,0.,0.));
#2037=DIRECTION('',(-1.,0.,0.));
#2038=DIRECTION('',(0.,0.,-1.));
#2039=FACE_BOUND('',#2040,.T.);
#2040=EDGE_LOOP('',(#3185,#3186,#3187,#3188));
#2041=PLANE('',#2042);
#2042=AXIS2_PLACEMENT_3D('',#2043,#2044,#2045);
#2043=CARTESIAN_POINT('',(2.09,-0.506599851719853,1.55469840023708));
#2044=DIRECTION('',(0.,0.,1.));
#2045=DIRECTION('',(0.,1.,0.));
#2046=FACE_BOUND('',#2047,.T.);
#2047=EDGE_LOOP('',(#3189,#3190,#3191,#3192));
#2048=PLANE('',#2049);
#2049=AXIS2_PLACEMENT_3D('',#2050,#2051,#2052);
#2050=CARTESIAN_POINT('',(2.09,0.0470378021949616,1.39380776032372));
#2051=DIRECTION('',(0.,0.,-1.));
#2052=DIRECTION('',(0.,-1.,0.));
#2053=FACE_BOUND('',#2054,.T.);
#2054=EDGE_LOOP('',(#3193,#3194,#3195,#3196,#3197,#3198));
#2055=CYLINDRICAL_SURFACE('',#2056,1.);
#2056=AXIS2_PLACEMENT_3D('',#2057,#2058,#2059);
#2057=CARTESIAN_POINT('',(-4.,-6.,2.5));
#2058=DIRECTION('',(1.,4.67462326157961E-17,0.));
#2059=DIRECTION('',(4.15189950116322E-32,-8.88178419700125E-16,1.));
#2060=FACE_BOUND('',#2061,.T.);
#2061=EDGE_LOOP('',(#3199,#3200,#3201,#3202));
#2062=PLANE('',#2063);
#2063=AXIS2_PLACEMENT_3D('',#2064,#2065,#2066);
#2064=CARTESIAN_POINT('',(0.,0.,0.));
#2065=DIRECTION('',(-1.,0.,0.));
#2066=DIRECTION('',(0.,-1.,0.));
#2067=FACE_BOUND('',#2068,.T.);
#2068=EDGE_LOOP('',(#3203,#3204,#3205,#3206));
#2069=PLANE('',#2070);
#2070=AXIS2_PLACEMENT_3D('',#2071,#2072,#2073);
#2071=CARTESIAN_POINT('',(0.,0.,0.));
#2072=DIRECTION('',(0.,0.,1.));
#2073=DIRECTION('',(1.,0.,0.));
#2074=FACE_BOUND('',#2075,.T.);
#2075=EDGE_LOOP('',(#3207,#3208,#3209,#3210));
#2076=PLANE('',#2077);
#2077=AXIS2_PLACEMENT_3D('',#2078,#2079,#2080);
#2078=CARTESIAN_POINT('',(11.,-7.,0.));
#2079=DIRECTION('',(1.,0.,0.));
#2080=DIRECTION('',(0.,1.,0.));
#2081=FACE_BOUND('',#2082,.T.);
#2082=EDGE_LOOP('',(#3211,#3212,#3213,#3214,#3215,#3216));
#2083=CYLINDRICAL_SURFACE('',#2084,1.);
#2084=AXIS2_PLACEMENT_3D('',#2085,#2086,#2087);
#2085=CARTESIAN_POINT('',(15.,-1.,2.5));
#2086=DIRECTION('',(-1.,0.,0.));
#2087=DIRECTION('',(0.,0.,1.));
#2088=FACE_BOUND('',#2089,.T.);
#2089=EDGE_LOOP('',(#3217,#3218,#3219,#3220));
#2090=CYLINDRICAL_SURFACE('',#2091,0.5);
#2091=AXIS2_PLACEMENT_3D('',#2092,#2093,#2094);
#2092=CARTESIAN_POINT('',(2.09,-7.19850102850683,1.05138990396356));
#2093=DIRECTION('',(-1.,0.,0.));
#2094=DIRECTION('',(0.,-1.,-4.44089209850063E-16));
#2095=FACE_BOUND('',#2096,.T.);
#2096=EDGE_LOOP('',(#3221,#3222,#3223,#3224));
#2097=PLANE('',#2098);
#2098=AXIS2_PLACEMENT_3D('',#2099,#2100,#2101);
#2099=CARTESIAN_POINT('',(2.09,-7.69850102850683,0.522610050807815));
#2100=DIRECTION('',(0.,-1.,0.));
#2101=DIRECTION('',(0.,0.,1.));
#2102=FACE_BOUND('',#2103,.T.);
#2103=EDGE_LOOP('',(#3225,#3226,#3227,#3228));
#2104=CYLINDRICAL_SURFACE('',#2105,0.5);
#2105=AXIS2_PLACEMENT_3D('',#2106,#2107,#2108);
#2106=CARTESIAN_POINT('',(2.09,-8.19850102850683,0.522610050807815));
#2107=DIRECTION('',(1.,0.,0.));
#2108=DIRECTION('',(0.,0.,-1.));
#2109=FACE_BOUND('',#2110,.T.);
#2110=EDGE_LOOP('',(#3229,#3230,#3231,#3232));
#2111=PLANE('',#2112);
#2112=AXIS2_PLACEMENT_3D('',#2113,#2114,#2115);
#2113=CARTESIAN_POINT('',(2.09,-8.5999043441513,0.0226100508078147));
#2114=DIRECTION('',(0.,0.,1.));
#2115=DIRECTION('',(0.,1.,0.));
#2116=FACE_BOUND('',#2117,.T.);
#2117=EDGE_LOOP('',(#3233,#3234,#3235,#3236));
#2118=PLANE('',#2119);
#2119=AXIS2_PLACEMENT_3D('',#2120,#2121,#2122);
#2120=CARTESIAN_POINT('',(2.09,-8.60028185603905,-0.130985812739541));
#2121=DIRECTION('',(0.,-0.999996979559668,0.00245781845149438));
#2122=DIRECTION('',(0.,0.00245781845149438,0.999996979559668));
#2123=FACE_BOUND('',#2124,.T.);
#2124=EDGE_LOOP('',(#3237,#3238,#3239,#3240));
#2125=PLANE('',#2126);
#2126=AXIS2_PLACEMENT_3D('',#2127,#2128,#2129);
#2127=CARTESIAN_POINT('',(2.09,-8.10028185603905,-0.130985812739541));
#2128=DIRECTION('',(0.,2.22044604925031E-16,-1.));
#2129=DIRECTION('',(0.,-1.,-2.22044604925031E-16));
#2130=FACE_BOUND('',#2131,.T.);
#2131=EDGE_LOOP('',(#3241,#3242,#3243,#3244));
#2132=CYLINDRICAL_SURFACE('',#2133,0.5);
#2133=AXIS2_PLACEMENT_3D('',#2134,#2135,#2136);
#2134=CARTESIAN_POINT('',(2.09,-8.10028185603905,0.369014187260459));
#2135=DIRECTION('',(-1.,0.,0.));
#2136=DIRECTION('',(0.,1.,2.22044604925031E-16));
#2137=FACE_BOUND('',#2138,.T.);
#2138=EDGE_LOOP('',(#3245,#3246,#3247,#3248));
#2139=PLANE('',#2140);
#2140=AXIS2_PLACEMENT_3D('',#2141,#2142,#2143);
#2141=CARTESIAN_POINT('',(2.09,-7.60028185603905,0.8904992640502));
#2142=DIRECTION('',(0.,1.,0.));
#2143=DIRECTION('',(0.,0.,-1.));
#2144=FACE_BOUND('',#2145,.T.);
#2145=EDGE_LOOP('',(#3249,#3250,#3251,#3252));
#2146=CYLINDRICAL_SURFACE('',#2147,0.5);
#2147=AXIS2_PLACEMENT_3D('',#2148,#2149,#2150);
#2148=CARTESIAN_POINT('',(2.09,-7.10028185603905,0.8904992640502));
#2149=DIRECTION('',(1.,0.,0.));
#2150=DIRECTION('',(0.,0.,1.));
#2151=FACE_BOUND('',#2152,.T.);
#2152=EDGE_LOOP('',(#3253,#3254,#3255,#3256));
#2153=CYLINDRICAL_SURFACE('',#2154,0.5);
#2154=AXIS2_PLACEMENT_3D('',#2155,#2156,#2157);
#2155=CARTESIAN_POINT('',(2.09,0.0470378021949616,0.893807760323723));
#2156=DIRECTION('',(1.,0.,0.));
#2157=DIRECTION('',(0.,1.,2.22044604925031E-16));
#2158=FACE_BOUND('',#2159,.T.);
#2159=EDGE_LOOP('',(#3257,#3258,#3259,#3260));
#2160=PLANE('',#2161);
#2161=AXIS2_PLACEMENT_3D('',#2162,#2163,#2164);
#2162=CARTESIAN_POINT('',(2.09,0.547037802194962,0.372322683533982));
#2163=DIRECTION('',(0.,-1.,0.));
#2164=DIRECTION('',(0.,0.,1.));
#2165=FACE_BOUND('',#2166,.T.);
#2166=EDGE_LOOP('',(#3261,#3262,#3263,#3264));
#2167=CYLINDRICAL_SURFACE('',#2168,0.5);
#2168=AXIS2_PLACEMENT_3D('',#2169,#2170,#2171);
#2169=CARTESIAN_POINT('',(2.09,1.04703780219496,0.372322683533982));
#2170=DIRECTION('',(-1.,0.,0.));
#2171=DIRECTION('',(0.,0.,-1.));
#2172=FACE_BOUND('',#2173,.T.);
#2173=EDGE_LOOP('',(#3265,#3266,#3267,#3268));
#2174=PLANE('',#2175);
#2175=AXIS2_PLACEMENT_3D('',#2176,#2177,#2178);
#2176=CARTESIAN_POINT('',(2.09,1.54703780219496,-0.127677316466018));
#2177=DIRECTION('',(0.,0.,-1.));
#2178=DIRECTION('',(0.,-1.,0.));
#2179=FACE_BOUND('',#2180,.T.);
#2180=EDGE_LOOP('',(#3269,#3270,#3271,#3272));
#2181=PLANE('',#2182);
#2182=AXIS2_PLACEMENT_3D('',#2183,#2184,#2185);
#2183=CARTESIAN_POINT('',(2.09,1.54666029030721,0.0259185470813373));
#2184=DIRECTION('',(0.,0.999996979559668,0.00245781845150017));
#2185=DIRECTION('',(0.,0.00245781845150017,-0.999996979559668));
#2186=FACE_BOUND('',#2187,.T.);
#2187=EDGE_LOOP('',(#3273,#3274,#3275,#3276));
#2188=PLANE('',#2189);
#2189=AXIS2_PLACEMENT_3D('',#2190,#2191,#2192);
#2190=CARTESIAN_POINT('',(2.09,1.14525697466274,0.0259185470813373));
#2191=DIRECTION('',(0.,0.,1.));
#2192=DIRECTION('',(0.,1.,0.));
#2193=FACE_BOUND('',#2194,.T.);
#2194=EDGE_LOOP('',(#3277,#3278,#3279,#3280));
#2195=CYLINDRICAL_SURFACE('',#2196,0.5);
#2196=AXIS2_PLACEMENT_3D('',#2197,#2198,#2199);
#2197=CARTESIAN_POINT('',(2.09,1.14525697466274,0.525918547081337));
#2198=DIRECTION('',(1.,0.,0.));
#2199=DIRECTION('',(0.,-1.,0.));
#2200=FACE_BOUND('',#2201,.T.);
#2201=EDGE_LOOP('',(#3281,#3282,#3283,#3284));
#2202=PLANE('',#2203);
#2203=AXIS2_PLACEMENT_3D('',#2204,#2205,#2206);
#2204=CARTESIAN_POINT('',(2.09,0.645256974662735,1.05469840023708));
#2205=DIRECTION('',(0.,1.,0.));
#2206=DIRECTION('',(0.,0.,-1.));
#2207=FACE_BOUND('',#2208,.T.);
#2208=EDGE_LOOP('',(#3285,#3286,#3287,#3288));
#2209=CYLINDRICAL_SURFACE('',#2210,0.5);
#2210=AXIS2_PLACEMENT_3D('',#2211,#2212,#2213);
#2211=CARTESIAN_POINT('',(2.09,0.145256974662735,1.05469840023708));
#2212=DIRECTION('',(-1.,0.,0.));
#2213=DIRECTION('',(0.,-1.11022302462516E-16,1.));
#2214=FACE_BOUND('',#2215,.T.);
#2215=EDGE_LOOP('',(#3289,#3290,#3291,#3292));
#2216=B_SPLINE_SURFACE_WITH_KNOTS('',3,3,(
(#2217,#2218,#2219,#2220,#2221,#2222,#2223,#2224,#2225,#2226,#2227,#2228),
(#2229,#2230,#2231,#2232,#2233,#2234,#2235,#2236,#2237,#2238,#2239,#2240),
(#2241,#2242,#2243,#2244,#2245,#2246,#2247,#2248,#2249,#2250,#2251,#2252),
(#2253,#2254,#2255,#2256,#2257,#2258,#2259,#2260,#2261,#2262,#2263,#2264),
(#2265,#2266,#2267,#2268,#2269,#2270,#2271,#2272,#2273,#2274,#2275,#2276),
(#2277,#2278,#2279,#2280,#2281,#2282,#2283,#2284,#2285,#2286,#2287,#2288)),
.UNSPECIFIED.,.F.,.F.,.F.,
(4,1,1,4),
(4,1,1,1,1,1,1,1,1,4),
(-7.87726835891173E-5,2.79108896422624,4.09008668421689,7.00007765755805),
(0.,0.0891427027056853,0.207999639646599,0.326856576587513,0.445713513528427,0.56457045046934,
0.683427387410254,0.802284324351168,0.921141261292082,1.),
.UNSPECIFIED.);
#2217=CARTESIAN_POINT('',(1.82553145492944,-5.99999711939825,3.49999999999585));
#2218=CARTESIAN_POINT('',(1.83263206508431,-5.98022067184069,3.50000195773836));
#2219=CARTESIAN_POINT('',(1.84963380655768,-5.9328678244638,3.50309048703309));
#2220=CARTESIAN_POINT('',(1.87725880562377,-5.85592729645157,3.52095458352585));
#2221=CARTESIAN_POINT('',(1.90697741756049,-5.773155634744,3.55835154662773));
#2222=CARTESIAN_POINT('',(1.93446427100956,-5.69659976375033,3.61354366672066));
#2223=CARTESIAN_POINT('',(1.95796093543965,-5.63115722782731,3.68428025900096));
#2224=CARTESIAN_POINT('',(1.97611097746491,-5.58060594385294,3.76640751610088));
#2225=CARTESIAN_POINT('',(1.98821615166385,-5.54689066256138,3.85466616331368));
#2226=CARTESIAN_POINT('',(1.99361552801844,-5.53185223244777,3.93373257158788));
#2227=CARTESIAN_POINT('',(1.99449225613355,-5.52941025920199,3.98141115150546));
#2228=CARTESIAN_POINT('',(1.99449281205512,-5.52940865966444,4.00000001153827));
#2229=CARTESIAN_POINT('',(1.97311589720845,-6.03535813666891,3.49986498754151));
#2230=CARTESIAN_POINT('',(1.97827357808794,-6.01526394360173,3.5005697533358));
#2231=CARTESIAN_POINT('',(1.99060553701163,-5.96730752568287,3.50523747328319));
#2232=CARTESIAN_POINT('',(2.01059921640559,-5.8899581220409,3.52516100823219));
#2233=CARTESIAN_POINT('',(2.03211931526023,-5.80735118269889,3.56397806103202));
#2234=CARTESIAN_POINT('',(2.05212331096019,-5.73138832978965,3.61958782331073));
#2235=CARTESIAN_POINT('',(2.06942251504192,-5.66671999082541,3.6897660749903));
#2236=CARTESIAN_POINT('',(2.08308212923042,-5.61690063967603,3.7705899864126));
#2237=CARTESIAN_POINT('',(2.09258648508097,-5.58374957972841,3.85715525523931));
#2238=CARTESIAN_POINT('',(2.09729300890546,-5.56905698318216,3.93469149464177));
#2239=CARTESIAN_POINT('',(2.09845643458373,-5.56678585882733,3.98152374099213));
#2240=CARTESIAN_POINT('',(2.09866805000179,-5.5668505354168,3.99979932221254));
#2241=CARTESIAN_POINT('',(2.19917153126026,-6.06671085173821,3.49777845518614));
#2242=CARTESIAN_POINT('',(2.20156620465584,-6.04645529612498,3.49913442019671));
#2243=CARTESIAN_POINT('',(2.20728718444134,-5.9982453915802,3.50524736167023));
#2244=CARTESIAN_POINT('',(2.21655170815214,-5.92094298374017,3.52699287336456));
#2245=CARTESIAN_POINT('',(2.22652755886406,-5.83882570812048,3.56698761542764));
#2246=CARTESIAN_POINT('',(2.23582736772694,-5.76357882757858,3.62283471258056));
#2247=CARTESIAN_POINT('',(2.24392172162226,-5.69960622239693,3.69235615855917));
#2248=CARTESIAN_POINT('',(2.25039058570228,-5.65026184112734,3.77184709937681));
#2249=CARTESIAN_POINT('',(2.25499508028022,-5.61727225131595,3.85672398656471));
#2250=CARTESIAN_POINT('',(2.2573966017998,-5.60246883315488,3.9327346955854));
#2251=CARTESIAN_POINT('',(2.25808582088342,-5.60004749562287,3.97871471589431));
#2252=CARTESIAN_POINT('',(2.25824454335228,-5.60004634041922,3.99667318509414));
#2253=CARTESIAN_POINT('',(2.58772320916412,-6.06815834284461,3.4976475067089));
#2254=CARTESIAN_POINT('',(2.58548531144213,-6.04789846024172,3.49903404545782));
#2255=CARTESIAN_POINT('',(2.58013894570292,-5.99968380185221,3.50521461563309));
#2256=CARTESIAN_POINT('',(2.57148120528196,-5.92239255158647,3.5270448281772));
#2257=CARTESIAN_POINT('',(2.56215859031831,-5.84030436246507,3.56709400872471));
#2258=CARTESIAN_POINT('',(2.55346723619093,-5.76509324291665,3.62295194470374));
#2259=CARTESIAN_POINT('',(2.54590153796229,-5.70115177873525,3.69244278050649));
#2260=CARTESIAN_POINT('',(2.53985379430704,-5.65182513193803,3.77187132659087));
#2261=CARTESIAN_POINT('',(2.53554720170821,-5.61883620827473,3.85666826157871));
#2262=CARTESIAN_POINT('',(2.53329887180681,-5.60401988608656,3.93260537242438));
#2263=CARTESIAN_POINT('',(2.53265195030086,-5.60158609854733,3.97854332999295));
#2264=CARTESIAN_POINT('',(2.53250246405468,-5.60157962743548,3.99648597328427));
#2265=CARTESIAN_POINT('',(2.82020692792605,-6.03696296336174,3.49984929951602));
#2266=CARTESIAN_POINT('',(2.81513744594093,-6.01685429868647,3.50058597572004));
#2267=CARTESIAN_POINT('',(2.80301741190136,-5.96887056617473,3.50532524471269));
#2268=CARTESIAN_POINT('',(2.78336982540371,-5.89150333052356,3.52534141223709));
#2269=CARTESIAN_POINT('',(2.76222131178405,-5.80890506985247,3.56422122727263));
#2270=CARTESIAN_POINT('',(2.74255635555499,-5.73297032787945,3.61984767665488));
#2271=CARTESIAN_POINT('',(2.72553796496574,-5.66833792029435,3.68999807834272));
#2272=CARTESIAN_POINT('',(2.71208188592992,-5.61855189876108,3.77076048676392));
#2273=CARTESIAN_POINT('',(2.70269543075829,-5.58542576921879,3.85724709055321));
#2274=CARTESIAN_POINT('',(2.69802017660262,-5.57074764264716,3.9347130139098));
#2275=CARTESIAN_POINT('',(2.69684351152146,-5.56848328825118,3.98150676408297));
#2276=CARTESIAN_POINT('',(2.69662220156344,-5.56855056049363,3.99976816701067));
#2277=CARTESIAN_POINT('',(2.97446854979839,-5.99999712878745,3.49999999999588));
#2278=CARTESIAN_POINT('',(2.96736793950767,-5.98022068115544,3.50000195799987));
#2279=CARTESIAN_POINT('',(2.95036619770684,-5.93286783358043,3.50309048789579));
#2280=CARTESIAN_POINT('',(2.92274119809197,-5.85592730514125,3.52095458524126));
#2281=CARTESIAN_POINT('',(2.89302258552142,-5.77315564277098,3.55835154906306));
#2282=CARTESIAN_POINT('',(2.86553573141331,-5.69659977086803,3.61354366959922));
#2283=CARTESIAN_POINT('',(2.84203906631366,-5.63115723376505,3.68428026203303));
#2284=CARTESIAN_POINT('',(2.82388902362994,-5.58060594836113,3.76640751904161));
#2285=CARTESIAN_POINT('',(2.8117838488113,-5.54689066546127,3.85466616600237));
#2286=CARTESIAN_POINT('',(2.80638447196652,-5.53185223385479,3.93373257399239));
#2287=CARTESIAN_POINT('',(2.8055077435873,-5.52941025969458,3.98141115373533));
#2288=CARTESIAN_POINT('',(2.80550718756777,-5.52940865979985,4.00000001370113));
#2289=FACE_BOUND('',#2290,.T.);
#2290=EDGE_LOOP('',(#3293,#3294,#3295));
#2291=PLANE('',#2292);
#2292=AXIS2_PLACEMENT_3D('',#2293,#2294,#2295);
#2293=CARTESIAN_POINT('',(0.,0.,3.5));
#2294=DIRECTION('',(0.,0.,1.));
#2295=DIRECTION('',(1.,0.,0.));
#2296=FACE_BOUND('',#2297,.T.);
#2297=EDGE_LOOP('',(#3296,#3297,#3298,#3299,#3300,#3301));
#2298=CYLINDRICAL_SURFACE('',#2299,1.);
#2299=AXIS2_PLACEMENT_3D('',#2300,#2301,#2302);
#2300=CARTESIAN_POINT('',(1.,4.,2.5));
#2301=DIRECTION('',(0.,-1.,0.));
#2302=DIRECTION('',(0.,0.,1.));
#2303=FACE_BOUND('',#2304,.T.);
#2304=EDGE_LOOP('',(#3302,#3303,#3304,#3305,#3306,#3307));
#2305=CYLINDRICAL_SURFACE('',#2306,1.);
#2306=AXIS2_PLACEMENT_3D('',#2307,#2308,#2309);
#2307=CARTESIAN_POINT('',(10.,-11.,2.5));
#2308=DIRECTION('',(0.,1.,0.));
#2309=DIRECTION('',(0.,0.,1.));
#2310=FACE_BOUND('',#2311,.T.);
#2311=EDGE_LOOP('',(#3308,#3309,#3310,#3311,#3312,#3313));
#2312=PLANE('',#2313);
#2313=AXIS2_PLACEMENT_3D('',#2314,#2315,#2316);
#2314=CARTESIAN_POINT('',(0.,0.,3.5));
#2315=DIRECTION('',(0.,0.,1.));
#2316=DIRECTION('',(1.,0.,0.));
#2317=FACE_BOUND('',#2318,.T.);
#2318=EDGE_LOOP('',(#3314,#3315,#3316,#3317));
#2319=B_SPLINE_SURFACE_WITH_KNOTS('',3,3,(
(#2320,#2321,#2322,#2323,#2324,#2325,#2326,#2327,#2328,#2329,#2330,#2331),
(#2332,#2333,#2334,#2335,#2336,#2337,#2338,#2339,#2340,#2341,#2342,#2343),
(#2344,#2345,#2346,#2347,#2348,#2349,#2350,#2351,#2352,#2353,#2354,#2355),
(#2356,#2357,#2358,#2359,#2360,#2361,#2362,#2363,#2364,#2365,#2366,#2367),
(#2368,#2369,#2370,#2371,#2372,#2373,#2374,#2375,#2376,#2377,#2378,#2379),
(#2380,#2381,#2382,#2383,#2384,#2385,#2386,#2387,#2388,#2389,#2390,#2391)),
.UNSPECIFIED.,.F.,.F.,.F.,
(4,1,1,4),
(4,1,1,1,1,1,1,1,1,4),
(-7.87726835891191E-5,2.79108896422627,4.0900866842169,7.00007765755805),
(0.,0.0891427027056853,0.207999639646599,0.326856576587513,0.445713513528426,0.56457045046934,
0.683427387410254,0.802284324351167,0.921141261292081,1.),
.UNSPECIFIED.);
#2320=CARTESIAN_POINT('',(9.17446854507056,-1.00000288060175,3.49999999999585));
#2321=CARTESIAN_POINT('',(9.16736793491571,-1.01977932815932,3.50000195773836));
#2322=CARTESIAN_POINT('',(9.15036619344229,-1.06713217553619,3.5030904870331));
#2323=CARTESIAN_POINT('',(9.12274119437626,-1.14407270354844,3.52095458352585));
#2324=CARTESIAN_POINT('',(9.0930225824395,-1.226844365256,3.55835154662773));
#2325=CARTESIAN_POINT('',(9.06553572899045,-1.30340023624967,3.61354366672066));
#2326=CARTESIAN_POINT('',(9.04203906456035,-1.36884277217269,3.68428025900096));
#2327=CARTESIAN_POINT('',(9.0238890225351,-1.41939405614706,3.76640751610088));
#2328=CARTESIAN_POINT('',(9.01178384833616,-1.45310933743861,3.85466616331368));
#2329=CARTESIAN_POINT('',(9.00638447198155,-1.46814776755223,3.93373257158788));
#2330=CARTESIAN_POINT('',(9.00550774386646,-1.47058974079801,3.98141115150546));
#2331=CARTESIAN_POINT('',(9.00550718794488,-1.47059134033556,4.00000001153827));
#2332=CARTESIAN_POINT('',(9.02688410279156,-0.964641863331098,3.4998649875415));
#2333=CARTESIAN_POINT('',(9.02172642191205,-0.984736056398297,3.5005697533358));
#2334=CARTESIAN_POINT('',(9.00939446298837,-1.0326924743171,3.50523747328319));
#2335=CARTESIAN_POINT('',(8.98940078359443,-1.11004187795912,3.5251610082322));
#2336=CARTESIAN_POINT('',(8.96788068473977,-1.19264881730111,3.56397806103202));
#2337=CARTESIAN_POINT('',(8.94787668903981,-1.26861167021035,3.61958782331073));
#2338=CARTESIAN_POINT('',(8.93057748495811,-1.3332800091746,3.68976607499029));
#2339=CARTESIAN_POINT('',(8.91691787076959,-1.38309936032398,3.7705899864126));
#2340=CARTESIAN_POINT('',(8.90741351491903,-1.41625042027158,3.85715525523931));
#2341=CARTESIAN_POINT('',(8.90270699109456,-1.43094301681785,3.93469149464177));
#2342=CARTESIAN_POINT('',(8.90154356541627,-1.43321414117267,3.98152374099213));
#2343=CARTESIAN_POINT('',(8.90133194999821,-1.43314946458322,3.99979932221254));
#2344=CARTESIAN_POINT('',(8.80082846873972,-0.933289148261783,3.49777845518616));
#2345=CARTESIAN_POINT('',(8.79843379534419,-0.953544703874994,3.49913442019672));
#2346=CARTESIAN_POINT('',(8.7927128155586,-1.00175460841981,3.50524736167024));
#2347=CARTESIAN_POINT('',(8.78344829184786,-1.07905701625983,3.52699287336454));
#2348=CARTESIAN_POINT('',(8.7734724411359,-1.16117429187951,3.56698761542764));
#2349=CARTESIAN_POINT('',(8.76417263227307,-1.23642117242142,3.62283471258055));
#2350=CARTESIAN_POINT('',(8.75607827837769,-1.30039377760306,3.69235615855917));
#2351=CARTESIAN_POINT('',(8.74960941429772,-1.34973815887267,3.7718470993768));
#2352=CARTESIAN_POINT('',(8.74500491971976,-1.38272774868404,3.85672398656471));
#2353=CARTESIAN_POINT('',(8.74260339820019,-1.39753116684513,3.9327346955854));
#2354=CARTESIAN_POINT('',(8.74191417911656,-1.39995250437711,3.97871471589431));
#2355=CARTESIAN_POINT('',(8.74175545664771,-1.39995365958076,3.99667318509414));
#2356=CARTESIAN_POINT('',(8.41227679083589,-0.931841657155399,3.4976475067089));
#2357=CARTESIAN_POINT('',(8.41451468855788,-0.952101539758306,3.49903404545781));
#2358=CARTESIAN_POINT('',(8.41986105429707,-1.00031619814778,3.50521461563309));
#2359=CARTESIAN_POINT('',(8.42851879471808,-1.07760744841353,3.52704482817721));
#2360=CARTESIAN_POINT('',(8.43784140968168,-1.15969563753496,3.56709400872472));
#2361=CARTESIAN_POINT('',(8.44653276380909,-1.23490675708333,3.62295194470373));
#2362=CARTESIAN_POINT('',(8.45409846203774,-1.29884822126478,3.6924427805065));
#2363=CARTESIAN_POINT('',(8.46014620569299,-1.34817486806196,3.77187132659086));
#2364=CARTESIAN_POINT('',(8.46445279829178,-1.38116379172528,3.85666826157873));
#2365=CARTESIAN_POINT('',(8.46670112819321,-1.39598011391343,3.93260537242435));
#2366=CARTESIAN_POINT('',(8.46734804969914,-1.3984139014527,3.97854332999297));
#2367=CARTESIAN_POINT('',(8.46749753594532,-1.39842037256454,3.99648597328427));
#2368=CARTESIAN_POINT('',(8.17979307207395,-0.963037036638254,3.49984929951603));
#2369=CARTESIAN_POINT('',(8.18486255405907,-0.983145701313516,3.50058597572005));
#2370=CARTESIAN_POINT('',(8.19698258809863,-1.03112943382526,3.5053252447127));
#2371=CARTESIAN_POINT('',(8.21663017459628,-1.10849666947645,3.52534141223707));
#2372=CARTESIAN_POINT('',(8.23777868821594,-1.1910949301475,3.56422122727264));
#2373=CARTESIAN_POINT('',(8.25744364444501,-1.26702967212055,3.61984767665487));
#2374=CARTESIAN_POINT('',(8.27446203503422,-1.33166207970563,3.68999807834272));
#2375=CARTESIAN_POINT('',(8.28791811407007,-1.38144810123892,3.77076048676392));
#2376=CARTESIAN_POINT('',(8.29730456924172,-1.4145742307812,3.85724709055321));
#2377=CARTESIAN_POINT('',(8.30197982339736,-1.42925235735284,3.93471301390982));
#2378=CARTESIAN_POINT('',(8.30315648847854,-1.43151671174881,3.98150676408296));
#2379=CARTESIAN_POINT('',(8.30337779843656,-1.43144943950635,3.99976816701068));
#2380=CARTESIAN_POINT('',(8.0255314502016,-1.00000287121256,3.49999999999588));
#2381=CARTESIAN_POINT('',(8.03263206049234,-1.01977931884457,3.50000195799987));
#2382=CARTESIAN_POINT('',(8.04963380229314,-1.06713216641956,3.50309048789579));
#2383=CARTESIAN_POINT('',(8.07725880190804,-1.14407269485875,3.52095458524126));
#2384=CARTESIAN_POINT('',(8.10697741447857,-1.22684435722903,3.55835154906306));
#2385=CARTESIAN_POINT('',(8.13446426858669,-1.30340022913197,3.61354366959922));
#2386=CARTESIAN_POINT('',(8.15796093368636,-1.36884276623495,3.68428026203303));
#2387=CARTESIAN_POINT('',(8.17611097637005,-1.41939405163888,3.76640751904162));
#2388=CARTESIAN_POINT('',(8.18821615118871,-1.45310933453873,3.85466616600236));
#2389=CARTESIAN_POINT('',(8.19361552803348,-1.46814776614522,3.93373257399239));
#2390=CARTESIAN_POINT('',(8.1944922564127,-1.47058974030542,3.98141115373533));
#2391=CARTESIAN_POINT('',(8.19449281243223,-1.47059134020016,4.00000001370113));
#2392=FACE_BOUND('',#2393,.T.);
#2393=EDGE_LOOP('',(#3318,#3319,#3320));
#2394=PLANE('',#2395);
#2395=AXIS2_PLACEMENT_3D('',#2396,#2397,#2398);
#2396=CARTESIAN_POINT('',(0.,0.,3.5));
#2397=DIRECTION('',(0.,0.,1.));
#2398=DIRECTION('',(1.,0.,0.));
#2399=FACE_BOUND('',#2400,.T.);
#2400=EDGE_LOOP('',(#3321,#3322,#3323,#3324,#3325));
#2401=TOROIDAL_SURFACE('',#2402,1.7,0.5);
#2402=AXIS2_PLACEMENT_3D('',#2403,#2404,#2405);
#2403=CARTESIAN_POINT('',(2.4,-4.4,4.));
#2404=DIRECTION('',(0.,0.,1.));
#2405=DIRECTION('',(1.,0.,0.));
#2406=FACE_OUTER_BOUND('',#2407,.T.);
#2407=EDGE_LOOP('',(#3326));
#2408=FACE_BOUND('',#2409,.T.);
#2409=EDGE_LOOP('',(#3327,#3328,#3329,#3330,#3331));
#2410=CYLINDRICAL_SURFACE('',#2411,1.2);
#2411=AXIS2_PLACEMENT_3D('',#2412,#2413,#2414);
#2412=CARTESIAN_POINT('',(2.4,-4.4,3.5));
#2413=DIRECTION('',(0.,0.,1.));
#2414=DIRECTION('',(1.,0.,0.));
#2415=FACE_BOUND('',#2416,.T.);
#2416=EDGE_LOOP('',(#3332,#3333,#3334,#3335));
#2417=TOROIDAL_SURFACE('',#2418,1.7,0.5);
#2418=AXIS2_PLACEMENT_3D('',#2419,#2420,#2421);
#2419=CARTESIAN_POINT('',(2.4,-4.4,4.));
#2420=DIRECTION('',(0.,0.,1.));
#2421=DIRECTION('',(1.,0.,0.));
#2422=FACE_BOUND('',#2423,.T.);
#2423=EDGE_LOOP('',(#3336,#3337,#3338,#3339));
#2424=B_SPLINE_SURFACE_WITH_KNOTS('',3,3,(
(#2425,#2426,#2427,#2428,#2429,#2430,#2431,#2432,#2433,#2434,#2435,#2436),
(#2437,#2438,#2439,#2440,#2441,#2442,#2443,#2444,#2445,#2446,#2447,#2448),
(#2449,#2450,#2451,#2452,#2453,#2454,#2455,#2456,#2457,#2458,#2459,#2460),
(#2461,#2462,#2463,#2464,#2465,#2466,#2467,#2468,#2469,#2470,#2471,#2472),
(#2473,#2474,#2475,#2476,#2477,#2478,#2479,#2480,#2481,#2482,#2483,#2484),
(#2485,#2486,#2487,#2488,#2489,#2490,#2491,#2492,#2493,#2494,#2495,#2496)),
.UNSPECIFIED.,.F.,.F.,.F.,
(4,1,1,4),
(4,1,1,1,1,1,1,1,1,4),
(-7.90062297645104E-5,5.53059898494894,7.16034705460764,12.0000782732624),
(0.,0.0891426139172043,0.207999432473477,0.326856251029749,0.445713069586022,0.564569888142294,
0.683426706698566,0.802283525254839,0.921140343811111,1.),
.UNSPECIFIED.);
#2425=CARTESIAN_POINT('',(1.00000512247129,-3.43562345233493,3.49999999998688));
#2426=CARTESIAN_POINT('',(1.01730946407045,-3.44754344309483,3.50000192725707));
#2427=CARTESIAN_POINT('',(1.0587430947876,-3.47608473805453,3.50309038227664));
#2428=CARTESIAN_POINT('',(1.12606591516723,-3.52245959512181,3.52095435448014));
#2429=CARTESIAN_POINT('',(1.19849102133142,-3.57234906578925,3.55835118291534));
#2430=CARTESIAN_POINT('',(1.26547737871608,-3.61849202810903,3.61354318185405));
#2431=CARTESIAN_POINT('',(1.32273963918165,-3.65793655349602,3.68427967835104));
#2432=CARTESIAN_POINT('',(1.36697211929,-3.68840555578836,3.76640687290831));
#2433=CARTESIAN_POINT('',(1.39647314860124,-3.70872686713007,3.85466549291937));
#2434=CARTESIAN_POINT('',(1.40963198714976,-3.71779099007138,3.93373215392142));
#2435=CARTESIAN_POINT('',(1.41176880863305,-3.71926276788245,3.98141097938814));
#2436=CARTESIAN_POINT('',(1.411770232996,-3.71926368716866,4.00000007021882));
#2437=CARTESIAN_POINT('',(0.876830172440983,-3.70444286418995,3.49779348636946));
#2438=CARTESIAN_POINT('',(0.895416642411844,-3.71240395306473,3.50001063808439));
#2439=CARTESIAN_POINT('',(0.93940758473258,-3.73137229127722,3.50806653466283));
#2440=CARTESIAN_POINT('',(1.00899832895846,-3.7619638099655,3.53236661020445));
#2441=CARTESIAN_POINT('',(1.08178828986357,-3.7949373340175,3.57413894959559));
#2442=CARTESIAN_POINT('',(1.14745760694217,-3.82596462655718,3.63052305849671));
#2443=CARTESIAN_POINT('',(1.20236275413305,-3.85353899888447,3.69936642777674));
#2444=CARTESIAN_POINT('',(1.24382220896885,-3.87641129748162,3.77724975861493));
#2445=CARTESIAN_POINT('',(1.27053744987367,-3.89376963437361,3.86003281823704));
#2446=CARTESIAN_POINT('',(1.28131334357637,-3.90402738621569,3.93415230482235));
#2447=CARTESIAN_POINT('',(1.28196339833837,-3.90785381551861,3.97908733418503));
#2448=CARTESIAN_POINT('',(1.28136294187339,-3.90899874513186,3.99665916360066));
#2449=CARTESIAN_POINT('',(0.79134961277357,-4.10162384074853,3.47770321166314));
#2450=CARTESIAN_POINT('',(0.809739392935054,-4.10496457875257,3.48163460840694));
#2451=CARTESIAN_POINT('',(0.852993306369627,-4.11291252885459,3.49337139421801));
#2452=CARTESIAN_POINT('',(0.920594397841505,-4.12570752008248,3.52188418596039));
#2453=CARTESIAN_POINT('',(0.990710855532222,-4.13951137724853,3.56581880213195));
#2454=CARTESIAN_POINT('',(1.05387581816732,-4.15255892356566,3.62178616885394));
#2455=CARTESIAN_POINT('',(1.10708926203387,-4.16426339078062,3.68788411940636));
#2456=CARTESIAN_POINT('',(1.14811579251901,-4.17413932578297,3.76129464952268));
#2457=CARTESIAN_POINT('',(1.17579601566373,-4.18187134262499,3.83868229661397));
#2458=CARTESIAN_POINT('',(1.1885153866061,-4.18672798252673,3.90791939371082));
#2459=CARTESIAN_POINT('',(1.19076066745211,-4.18874861858052,3.95006295504233));
#2460=CARTESIAN_POINT('',(1.19083292730675,-4.18940351432249,3.96658330429603));
#2461=CARTESIAN_POINT('',(0.806660840986384,-4.77587306685401,3.48121988231881));
#2462=CARTESIAN_POINT('',(0.82508160158967,-4.77165724431998,3.48485429576899));
#2463=CARTESIAN_POINT('',(0.868455422237476,-4.76162618942131,3.49595427338279));
#2464=CARTESIAN_POINT('',(0.936388405605835,-4.74547562073844,3.52374009623365));
#2465=CARTESIAN_POINT('',(1.00695752225282,-4.72805315587246,3.56730273934352));
#2466=CARTESIAN_POINT('',(1.07055368817271,-4.7115910201457,3.62334329389117));
#2467=CARTESIAN_POINT('',(1.12406775351895,-4.69683383680633,3.68991615645402));
#2468=CARTESIAN_POINT('',(1.16518597122033,-4.68439833869507,3.76409968760313));
#2469=CARTESIAN_POINT('',(1.19272051903252,-4.67468618705294,3.84241979123762));
#2470=CARTESIAN_POINT('',(1.205121155021,-4.66861518676694,3.91250111482426));
#2471=CARTESIAN_POINT('',(1.20709805070437,-4.66611014827033,3.9551277210896));
#2472=CARTESIAN_POINT('',(1.20705624189043,-4.66530281625381,3.9718300793227));
#2473=CARTESIAN_POINT('',(0.892247503028996,-5.12921565217126,3.49847129078531));
#2474=CARTESIAN_POINT('',(0.91069604030078,-5.1207543009918,3.5004008741888));
#2475=CARTESIAN_POINT('',(0.954420501968319,-5.10057557278155,3.50781501981862));
#2476=CARTESIAN_POINT('',(1.0238081217262,-5.06798780566005,3.53129495760484));
#2477=CARTESIAN_POINT('',(1.09662248347236,-5.03287586455938,3.57252493709045));
#2478=CARTESIAN_POINT('',(1.16249636203416,-4.99993933984666,3.62878348882379));
#2479=CARTESIAN_POINT('',(1.21769825945251,-4.97086820409788,3.6979015390934));
#2480=CARTESIAN_POINT('',(1.25946728270782,-4.94704442034597,3.77636344496294));
#2481=CARTESIAN_POINT('',(1.28645932492033,-4.92933121968281,3.85988466759183));
#2482=CARTESIAN_POINT('',(1.29744739509184,-4.91925757421132,3.93467116420676));
#2483=CARTESIAN_POINT('',(1.29822342084837,-4.91575983843559,3.97997790199552));
#2484=CARTESIAN_POINT('',(1.2976738546009,-4.91477355786101,3.99768789917768));
#2485=CARTESIAN_POINT('',(1.00000511266264,-5.36437655310198,3.49999999998693));
#2486=CARTESIAN_POINT('',(1.01730945456527,-5.35245656238857,3.50000192753649));
#2487=CARTESIAN_POINT('',(1.05874308599923,-5.32391526748144,3.50309038324537));
#2488=CARTESIAN_POINT('',(1.12606590751018,-5.27754041024977,3.52095435664559));
#2489=CARTESIAN_POINT('',(1.19849101486272,-5.22765093903911,3.55835118646847));
#2490=CARTESIAN_POINT('',(1.26547737333626,-5.18150797578636,3.61354318680463));
#2491=CARTESIAN_POINT('',(1.3227396347426,-5.14206344909466,3.68427968463788));
#2492=CARTESIAN_POINT('',(1.3669721156056,-5.1115944451914,3.76640688041316));
#2493=CARTESIAN_POINT('',(1.39647314546227,-5.09127313203514,3.85466550148798));
#2494=CARTESIAN_POINT('',(1.40963198430367,-5.08220900740707,3.93373216328382));
#2495=CARTESIAN_POINT('',(1.41176880587515,-5.08073722855415,3.98141098916827));
#2496=CARTESIAN_POINT('',(1.41177023025933,-5.08073630885851,4.00000008015368));
#2497=FACE_BOUND('',#2498,.T.);
#2498=EDGE_LOOP('',(#3340,#3341,#3342,#3343,#3344));
#2499=B_SPLINE_SURFACE_WITH_KNOTS('',3,3,(
(#2500,#2501,#2502,#2503,#2504,#2505,#2506,#2507,#2508,#2509,#2510,#2511),
(#2512,#2513,#2514,#2515,#2516,#2517,#2518,#2519,#2520,#2521,#2522,#2523),
(#2524,#2525,#2526,#2527,#2528,#2529,#2530,#2531,#2532,#2533,#2534,#2535),
(#2536,#2537,#2538,#2539,#2540,#2541,#2542,#2543,#2544,#2545,#2546,#2547),
(#2548,#2549,#2550,#2551,#2552,#2553,#2554,#2555,#2556,#2557,#2558,#2559),
(#2560,#2561,#2562,#2563,#2564,#2565,#2566,#2567,#2568,#2569,#2570,#2571)),
.UNSPECIFIED.,.F.,.F.,.F.,
(4,1,1,4),
(4,1,1,1,1,1,1,1,1,4),
(-7.90057340323561E-5,5.51629534639245,6.91044357368612,12.0434112196183),
(0.,0.0891426134688379,0.207999431427288,0.326856249385739,0.445713067344189,0.56456988530264,
0.68342670326109,0.802283521219541,0.921140339177991,1.),
.UNSPECIFIED.);
#2500=CARTESIAN_POINT('',(9.99999487752871,-3.56437654766507,3.49999999998688));
#2501=CARTESIAN_POINT('',(9.98269053601659,-3.55245655696513,3.50000192725702));
#2502=CARTESIAN_POINT('',(9.94125690551326,-3.5239152621527,3.50309038224557));
#2503=CARTESIAN_POINT('',(9.87393408548251,-3.47754040532578,3.52095435426144));
#2504=CARTESIAN_POINT('',(9.80150897965233,-3.42765093488838,3.55835118230253));
#2505=CARTESIAN_POINT('',(9.7345226224846,-3.38150797271806,3.61354318068241));
#2506=CARTESIAN_POINT('',(9.67726036206318,-3.34206344736147,3.68427967652474));
#2507=CARTESIAN_POINT('',(9.63302788180516,-3.31159444496602,3.76640687042815));
#2508=CARTESIAN_POINT('',(9.60352685217097,-3.29127313340187,3.854665489882));
#2509=CARTESIAN_POINT('',(9.59036801302066,-3.28220901004599,3.93373215179047));
#2510=CARTESIAN_POINT('',(9.58823119136692,-3.28073723211753,3.98141097829639));
#2511=CARTESIAN_POINT('',(9.588229767004,-3.28073631283134,4.00000007021882));
#2512=CARTESIAN_POINT('',(10.1228709109943,-3.29686596603965,3.49783065883292));
#2513=CARTESIAN_POINT('',(10.1042858982517,-3.28888751792228,3.5000406459034));
#2514=CARTESIAN_POINT('',(10.0602971136102,-3.26987728726226,3.50808075742741));
#2515=CARTESIAN_POINT('',(9.99070548177156,-3.23921702027388,3.53236162183785));
#2516=CARTESIAN_POINT('',(9.91791088662781,-3.20616957210951,3.57412293501684));
#2517=CARTESIAN_POINT('',(9.85223578728301,-3.17507476933524,3.63050740216186));
#2518=CARTESIAN_POINT('',(9.79732620155805,-3.14744450646795,3.69936193034678));
#2519=CARTESIAN_POINT('',(9.75586522187542,-3.12453226174879,3.7772647433858));
#2520=CARTESIAN_POINT('',(9.72915152450457,-3.10715267093145,3.86007199060416));
#2521=CARTESIAN_POINT('',(9.71837872047172,-3.09689327399822,3.93421381285638));
#2522=CARTESIAN_POINT('',(9.71773066264733,-3.09307411583436,3.97916187867797));
#2523=CARTESIAN_POINT('',(9.71833183899725,-3.09193325472573,3.99673867673574));
#2524=CARTESIAN_POINT('',(10.2055108969586,-2.91222343757329,3.47841673131334));
#2525=CARTESIAN_POINT('',(10.1871155660378,-2.90872237903963,3.48228723502521));
#2526=CARTESIAN_POINT('',(10.1438387336323,-2.90039224257879,3.49389330300136));
#2527=CARTESIAN_POINT('',(10.076171382421,-2.88698024976344,3.5222563344005));
#2528=CARTESIAN_POINT('',(10.0059630417604,-2.87251128528881,3.56611343983886));
#2529=CARTESIAN_POINT('',(9.94270972910826,-2.85883894975611,3.62209414256829));
#2530=CARTESIAN_POINT('',(9.8894340896908,-2.8465814799152,3.68828729756377));
#2531=CARTESIAN_POINT('',(9.84838782322936,-2.83624995977231,3.7618534790833));
#2532=CARTESIAN_POINT('',(9.82073630626276,-2.82817562031208,3.83942860946321));
#2533=CARTESIAN_POINT('',(9.80808109438281,-2.82311964368981,3.90883465559497));
#2534=CARTESIAN_POINT('',(9.80588999974992,-2.82102616808901,3.95107423929058));
#2535=CARTESIAN_POINT('',(9.80584077399304,-2.82034978644967,3.96763064384827));
#2536=CARTESIAN_POINT('',(10.1960616736399,-2.23767435248106,3.48059318990863));
#2537=CARTESIAN_POINT('',(10.1776449644635,-2.24174139540523,3.48427995428055));
#2538=CARTESIAN_POINT('',(10.1342890812284,-2.25141884045088,3.49549206408627));
#2539=CARTESIAN_POINT('',(10.066410013605,-2.26700111719647,3.52340552100372));
#2540=CARTESIAN_POINT('',(9.99591648583624,-2.28381037710372,3.56703301842618));
#2541=CARTESIAN_POINT('',(9.93239316408241,-2.29969090687771,3.62306004295156));
#2542=CARTESIAN_POINT('',(9.8789300466212,-2.31392234179791,3.68954886433303));
#2543=CARTESIAN_POINT('',(9.8378269303697,-2.32590862902158,3.76359629365401));
#2544=CARTESIAN_POINT('',(9.81026629521791,-2.33526264065673,3.84175280308945));
#2545=CARTESIAN_POINT('',(9.79780932626812,-2.34110274366772,3.91168660331232));
#2546=CARTESIAN_POINT('',(9.79578497991623,-2.34350850566899,3.95422918471175));
#2547=CARTESIAN_POINT('',(9.79580660765477,-2.3442830459149,3.97089995694435));
#2548=CARTESIAN_POINT('',(10.1135117137359,-1.88452501061855,3.49831579677901));
#2549=CARTESIAN_POINT('',(10.0950072970252,-1.89278723980119,3.5003491570854));
#2550=CARTESIAN_POINT('',(10.0511725186515,-1.91248485222332,3.50799559429729));
#2551=CARTESIAN_POINT('',(9.98169168321579,-1.94428044292455,3.53177519457091));
#2552=CARTESIAN_POINT('',(9.90887089563259,-1.97854303881156,3.57320743128005));
#2553=CARTESIAN_POINT('',(9.84306505197259,-2.01071776012103,3.62951911880158));
#2554=CARTESIAN_POINT('',(9.78797529437995,-2.03918482697794,3.69854612508935));
#2555=CARTESIAN_POINT('',(9.74633338187809,-2.06261298339418,3.77680710646996));
#2556=CARTESIAN_POINT('',(9.71946488767542,-2.08015834332357,3.86006956964725));
#2557=CARTESIAN_POINT('',(9.70857903486561,-2.09027332072291,3.93462189640735));
#2558=CARTESIAN_POINT('',(9.7078654028308,-2.09387839540096,3.97979833964342));
#2559=CARTESIAN_POINT('',(9.70844009163766,-2.09491802760336,3.99745995153941));
#2560=CARTESIAN_POINT('',(9.99999484797616,-1.63562346134621,3.49999999998673));
#2561=CARTESIAN_POINT('',(9.98269050749221,-1.64754345259004,3.50000192637522));
#2562=CARTESIAN_POINT('',(9.94125687941492,-1.67608474851508,3.50309037927664));
#2563=CARTESIAN_POINT('',(9.87393406319469,-1.7224596063478,3.52095434801877));
#2564=CARTESIAN_POINT('',(9.80150896131939,-1.7723490767034,3.55835117272327));
#2565=CARTESIAN_POINT('',(9.73452260769642,-1.81849203744435,3.61354316822613));
#2566=CARTESIAN_POINT('',(9.67726035022462,-1.85793655999762,3.68427966182254));
#2567=CARTESIAN_POINT('',(9.63302787218796,-1.88840555835697,3.76640685419378));
#2568=CARTESIAN_POINT('',(9.60352684398395,-1.9087268649379,3.85466547281613));
#2569=CARTESIAN_POINT('',(9.59036800540993,-1.91779098335484,3.93373213453154));
#2570=CARTESIAN_POINT('',(9.58823118378916,-1.9192627581021,3.98141096114267));
#2571=CARTESIAN_POINT('',(9.58822975939293,-1.91926367611961,4.00000005313658));
#2572=FACE_BOUND('',#2573,.T.);
#2573=EDGE_LOOP('',(#3345,#3346,#3347,#3348));
#2574=TOROIDAL_SURFACE('',#2575,1.7,0.5);
#2575=AXIS2_PLACEMENT_3D('',#2576,#2577,#2578);
#2576=CARTESIAN_POINT('',(8.6,-2.6,4.));
#2577=DIRECTION('',(0.,0.,1.));
#2578=DIRECTION('',(1.,0.,0.));
#2579=FACE_OUTER_BOUND('',#2580,.T.);
#2580=EDGE_LOOP('',(#3349));
#2581=FACE_BOUND('',#2582,.T.);
#2582=EDGE_LOOP('',(#3350,#3351,#3352,#3353,#3354));
#2583=CYLINDRICAL_SURFACE('',#2584,1.2);
#2584=AXIS2_PLACEMENT_3D('',#2585,#2586,#2587);
#2585=CARTESIAN_POINT('',(8.6,-2.6,3.5));
#2586=DIRECTION('',(0.,0.,1.));
#2587=DIRECTION('',(1.,0.,0.));
#2588=FACE_BOUND('',#2589,.T.);
#2589=EDGE_LOOP('',(#3355,#3356,#3357,#3358));
#2590=TOROIDAL_SURFACE('',#2591,1.7,0.5);
#2591=AXIS2_PLACEMENT_3D('',#2592,#2593,#2594);
#2592=CARTESIAN_POINT('',(8.6,-2.6,4.));
#2593=DIRECTION('',(0.,0.,1.));
#2594=DIRECTION('',(1.,0.,0.));
#2595=FACE_BOUND('',#2596,.T.);
#2596=EDGE_LOOP('',(#3359));
#2597=FACE_BOUND('',#2598,.T.);
#2598=EDGE_LOOP('',(#3360));
#2599=PLANE('',#2600);
#2600=AXIS2_PLACEMENT_3D('',#2601,#2602,#2603);
#2601=CARTESIAN_POINT('',(0.,0.,7.2));
#2602=DIRECTION('',(0.,0.,1.));
#2603=DIRECTION('',(1.,0.,0.));
#2604=FACE_BOUND('',#2605,.T.);
#2605=EDGE_LOOP('',(#3361));
#2606=FACE_BOUND('',#2607,.T.);
#2607=EDGE_LOOP('',(#3362));
#2608=PLANE('',#2609);
#2609=AXIS2_PLACEMENT_3D('',#2610,#2611,#2612);
#2610=CARTESIAN_POINT('',(0.,0.,7.2));
#2611=DIRECTION('',(0.,0.,1.));
#2612=DIRECTION('',(1.,0.,0.));
#2613=FACE_OUTER_BOUND('',#2614,.T.);
#2614=EDGE_LOOP('',(#3363));
#2615=FACE_OUTER_BOUND('',#2616,.T.);
#2616=EDGE_LOOP('',(#3364));
#2617=CONICAL_SURFACE('',#2618,1.35340762314984,0.174532925199433);
#2618=AXIS2_PLACEMENT_3D('',#2619,#2620,#2621);
#2619=CARTESIAN_POINT('',(2.4,-4.4,8.4));
#2620=DIRECTION('',(0.,0.,-1.));
#2621=DIRECTION('',(-1.,0.,0.));
#2622=FACE_OUTER_BOUND('',#2623,.T.);
#2623=EDGE_LOOP('',(#3365));
#2624=FACE_OUTER_BOUND('',#2625,.T.);
#2625=EDGE_LOOP('',(#3366));
#2626=CONICAL_SURFACE('',#2627,1.35340762314984,0.174532925199433);
#2627=AXIS2_PLACEMENT_3D('',#2628,#2629,#2630);
#2628=CARTESIAN_POINT('',(8.6,-2.6,8.4));
#2629=DIRECTION('',(0.,0.,-1.));
#2630=DIRECTION('',(-1.,0.,0.));
#2631=FACE_BOUND('',#2632,.T.);
#2632=EDGE_LOOP('',(#3367));
#2633=FACE_BOUND('',#2634,.T.);
#2634=EDGE_LOOP('',(#3368));
#2635=PLANE('',#2636);
#2636=AXIS2_PLACEMENT_3D('',#2637,#2638,#2639);
#2637=CARTESIAN_POINT('',(0.,0.,9.6));
#2638=DIRECTION('',(0.,0.,1.));
#2639=DIRECTION('',(1.,0.,0.));
#2640=FACE_BOUND('',#2641,.T.);
#2641=EDGE_LOOP('',(#3369));
#2642=FACE_BOUND('',#2643,.T.);
#2643=EDGE_LOOP('',(#3370));
#2644=PLANE('',#2645);
#2645=AXIS2_PLACEMENT_3D('',#2646,#2647,#2648);
#2646=CARTESIAN_POINT('',(0.,0.,9.6));
#2647=DIRECTION('',(0.,0.,1.));
#2648=DIRECTION('',(1.,0.,0.));
#2649=FACE_OUTER_BOUND('',#2650,.T.);
#2650=EDGE_LOOP('',(#3371));
#2651=FACE_OUTER_BOUND('',#2652,.T.);
#2652=EDGE_LOOP('',(#3372));
#2653=CYLINDRICAL_SURFACE('',#2654,0.45);
#2654=AXIS2_PLACEMENT_3D('',#2655,#2656,#2657);
#2655=CARTESIAN_POINT('',(2.4,-4.4,4.6));
#2656=DIRECTION('',(0.,0.,1.));
#2657=DIRECTION('',(1.,0.,0.));
#2658=FACE_OUTER_BOUND('',#2659,.T.);
#2659=EDGE_LOOP('',(#3373));
#2660=FACE_OUTER_BOUND('',#2661,.T.);
#2661=EDGE_LOOP('',(#3374));
#2662=CYLINDRICAL_SURFACE('',#2663,0.45);
#2663=AXIS2_PLACEMENT_3D('',#2664,#2665,#2666);
#2664=CARTESIAN_POINT('',(8.6,-2.6,4.6));
#2665=DIRECTION('',(0.,0.,1.));
#2666=DIRECTION('',(1.,0.,0.));
#2667=FACE_BOUND('',#2668,.T.);
#2668=EDGE_LOOP('',(#3375));
#2669=PLANE('',#2670);
#2670=AXIS2_PLACEMENT_3D('',#2671,#2672,#2673);
#2671=CARTESIAN_POINT('',(0.,0.,4.6));
#2672=DIRECTION('',(0.,0.,1.));
#2673=DIRECTION('',(1.,0.,0.));
#2674=FACE_BOUND('',#2675,.T.);
#2675=EDGE_LOOP('',(#3376));
#2676=PLANE('',#2677);
#2677=AXIS2_PLACEMENT_3D('',#2678,#2679,#2680);
#2678=CARTESIAN_POINT('',(0.,0.,4.6));
#2679=DIRECTION('',(0.,0.,1.));
#2680=DIRECTION('',(1.,0.,0.));
#2681=ORIENTED_EDGE('',*,*,#3377,.T.);
#2682=ORIENTED_EDGE('',*,*,#3378,.T.);
#2683=ORIENTED_EDGE('',*,*,#3379,.F.);
#2684=ORIENTED_EDGE('',*,*,#3380,.F.);
#2685=ORIENTED_EDGE('',*,*,#3381,.F.);
#2686=ORIENTED_EDGE('',*,*,#3382,.F.);
#2687=ORIENTED_EDGE('',*,*,#3383,.F.);
#2688=ORIENTED_EDGE('',*,*,#3384,.F.);
#2689=ORIENTED_EDGE('',*,*,#3385,.F.);
#2690=ORIENTED_EDGE('',*,*,#3386,.F.);
#2691=ORIENTED_EDGE('',*,*,#3387,.F.);
#2692=ORIENTED_EDGE('',*,*,#3388,.F.);
#2693=ORIENTED_EDGE('',*,*,#3389,.F.);
#2694=ORIENTED_EDGE('',*,*,#3390,.F.);
#2695=ORIENTED_EDGE('',*,*,#3391,.F.);
#2696=ORIENTED_EDGE('',*,*,#3377,.F.);
#2697=ORIENTED_EDGE('',*,*,#3391,.T.);
#2698=ORIENTED_EDGE('',*,*,#3392,.T.);
#2699=ORIENTED_EDGE('',*,*,#3393,.F.);
#2700=ORIENTED_EDGE('',*,*,#3378,.F.);
#2701=ORIENTED_EDGE('',*,*,#3379,.T.);
#2702=ORIENTED_EDGE('',*,*,#3393,.T.);
#2703=ORIENTED_EDGE('',*,*,#3394,.T.);
#2704=ORIENTED_EDGE('',*,*,#3395,.T.);
#2705=ORIENTED_EDGE('',*,*,#3396,.T.);
#2706=ORIENTED_EDGE('',*,*,#3397,.T.);
#2707=ORIENTED_EDGE('',*,*,#3398,.T.);
#2708=ORIENTED_EDGE('',*,*,#3399,.T.);
#2709=ORIENTED_EDGE('',*,*,#3400,.T.);
#2710=ORIENTED_EDGE('',*,*,#3401,.T.);
#2711=ORIENTED_EDGE('',*,*,#3402,.T.);
#2712=ORIENTED_EDGE('',*,*,#3403,.T.);
#2713=ORIENTED_EDGE('',*,*,#3381,.T.);
#2714=ORIENTED_EDGE('',*,*,#3380,.T.);
#2715=ORIENTED_EDGE('',*,*,#3403,.F.);
#2716=ORIENTED_EDGE('',*,*,#3404,.F.);
#2717=ORIENTED_EDGE('',*,*,#3382,.T.);
#2718=ORIENTED_EDGE('',*,*,#3404,.T.);
#2719=ORIENTED_EDGE('',*,*,#3402,.F.);
#2720=ORIENTED_EDGE('',*,*,#3405,.F.);
#2721=ORIENTED_EDGE('',*,*,#3383,.T.);
#2722=ORIENTED_EDGE('',*,*,#3405,.T.);
#2723=ORIENTED_EDGE('',*,*,#3401,.F.);
#2724=ORIENTED_EDGE('',*,*,#3406,.F.);
#2725=ORIENTED_EDGE('',*,*,#3384,.T.);
#2726=ORIENTED_EDGE('',*,*,#3406,.T.);
#2727=ORIENTED_EDGE('',*,*,#3400,.F.);
#2728=ORIENTED_EDGE('',*,*,#3407,.F.);
#2729=ORIENTED_EDGE('',*,*,#3385,.T.);
#2730=ORIENTED_EDGE('',*,*,#3407,.T.);
#2731=ORIENTED_EDGE('',*,*,#3399,.F.);
#2732=ORIENTED_EDGE('',*,*,#3408,.F.);
#2733=ORIENTED_EDGE('',*,*,#3386,.T.);
#2734=ORIENTED_EDGE('',*,*,#3408,.T.);
#2735=ORIENTED_EDGE('',*,*,#3398,.F.);
#2736=ORIENTED_EDGE('',*,*,#3409,.F.);
#2737=ORIENTED_EDGE('',*,*,#3387,.T.);
#2738=ORIENTED_EDGE('',*,*,#3409,.T.);
#2739=ORIENTED_EDGE('',*,*,#3397,.F.);
#2740=ORIENTED_EDGE('',*,*,#3410,.F.);
#2741=ORIENTED_EDGE('',*,*,#3388,.T.);
#2742=ORIENTED_EDGE('',*,*,#3410,.T.);
#2743=ORIENTED_EDGE('',*,*,#3396,.F.);
#2744=ORIENTED_EDGE('',*,*,#3411,.F.);
#2745=ORIENTED_EDGE('',*,*,#3389,.T.);
#2746=ORIENTED_EDGE('',*,*,#3411,.T.);
#2747=ORIENTED_EDGE('',*,*,#3395,.F.);
#2748=ORIENTED_EDGE('',*,*,#3412,.F.);
#2749=ORIENTED_EDGE('',*,*,#3390,.T.);
#2750=ORIENTED_EDGE('',*,*,#3412,.T.);
#2751=ORIENTED_EDGE('',*,*,#3394,.F.);
#2752=ORIENTED_EDGE('',*,*,#3392,.F.);
#2753=ORIENTED_EDGE('',*,*,#3413,.T.);
#2754=ORIENTED_EDGE('',*,*,#3414,.T.);
#2755=ORIENTED_EDGE('',*,*,#3415,.F.);
#2756=ORIENTED_EDGE('',*,*,#3416,.F.);
#2757=ORIENTED_EDGE('',*,*,#3417,.T.);
#2758=ORIENTED_EDGE('',*,*,#3418,.T.);
#2759=ORIENTED_EDGE('',*,*,#3419,.F.);
#2760=ORIENTED_EDGE('',*,*,#3414,.F.);
#2761=ORIENTED_EDGE('',*,*,#3420,.T.);
#2762=ORIENTED_EDGE('',*,*,#3421,.T.);
#2763=ORIENTED_EDGE('',*,*,#3422,.F.);
#2764=ORIENTED_EDGE('',*,*,#3418,.F.);
#2765=ORIENTED_EDGE('',*,*,#3423,.T.);
#2766=ORIENTED_EDGE('',*,*,#3424,.T.);
#2767=ORIENTED_EDGE('',*,*,#3425,.F.);
#2768=ORIENTED_EDGE('',*,*,#3421,.F.);
#2769=ORIENTED_EDGE('',*,*,#3426,.T.);
#2770=ORIENTED_EDGE('',*,*,#3427,.T.);
#2771=ORIENTED_EDGE('',*,*,#3428,.F.);
#2772=ORIENTED_EDGE('',*,*,#3424,.F.);
#2773=ORIENTED_EDGE('',*,*,#3429,.T.);
#2774=ORIENTED_EDGE('',*,*,#3430,.T.);
#2775=ORIENTED_EDGE('',*,*,#3431,.F.);
#2776=ORIENTED_EDGE('',*,*,#3427,.F.);
#2777=ORIENTED_EDGE('',*,*,#3432,.T.);
#2778=ORIENTED_EDGE('',*,*,#3433,.T.);
#2779=ORIENTED_EDGE('',*,*,#3434,.F.);
#2780=ORIENTED_EDGE('',*,*,#3430,.F.);
#2781=ORIENTED_EDGE('',*,*,#3435,.T.);
#2782=ORIENTED_EDGE('',*,*,#3436,.T.);
#2783=ORIENTED_EDGE('',*,*,#3437,.F.);
#2784=ORIENTED_EDGE('',*,*,#3433,.F.);
#2785=ORIENTED_EDGE('',*,*,#3438,.T.);
#2786=ORIENTED_EDGE('',*,*,#3439,.T.);
#2787=ORIENTED_EDGE('',*,*,#3440,.F.);
#2788=ORIENTED_EDGE('',*,*,#3436,.F.);
#2789=ORIENTED_EDGE('',*,*,#3441,.T.);
#2790=ORIENTED_EDGE('',*,*,#3442,.T.);
#2791=ORIENTED_EDGE('',*,*,#3443,.F.);
#2792=ORIENTED_EDGE('',*,*,#3439,.F.);
#2793=ORIENTED_EDGE('',*,*,#3444,.T.);
#2794=ORIENTED_EDGE('',*,*,#3445,.T.);
#2795=ORIENTED_EDGE('',*,*,#3446,.F.);
#2796=ORIENTED_EDGE('',*,*,#3442,.F.);
#2797=ORIENTED_EDGE('',*,*,#3447,.T.);
#2798=ORIENTED_EDGE('',*,*,#3416,.T.);
#2799=ORIENTED_EDGE('',*,*,#3448,.F.);
#2800=ORIENTED_EDGE('',*,*,#3445,.F.);
#2801=ORIENTED_EDGE('',*,*,#3415,.T.);
#2802=ORIENTED_EDGE('',*,*,#3419,.T.);
#2803=ORIENTED_EDGE('',*,*,#3422,.T.);
#2804=ORIENTED_EDGE('',*,*,#3425,.T.);
#2805=ORIENTED_EDGE('',*,*,#3428,.T.);
#2806=ORIENTED_EDGE('',*,*,#3431,.T.);
#2807=ORIENTED_EDGE('',*,*,#3434,.T.);
#2808=ORIENTED_EDGE('',*,*,#3437,.T.);
#2809=ORIENTED_EDGE('',*,*,#3440,.T.);
#2810=ORIENTED_EDGE('',*,*,#3443,.T.);
#2811=ORIENTED_EDGE('',*,*,#3446,.T.);
#2812=ORIENTED_EDGE('',*,*,#3448,.T.);
#2813=ORIENTED_EDGE('',*,*,#3447,.F.);
#2814=ORIENTED_EDGE('',*,*,#3444,.F.);
#2815=ORIENTED_EDGE('',*,*,#3441,.F.);
#2816=ORIENTED_EDGE('',*,*,#3438,.F.);
#2817=ORIENTED_EDGE('',*,*,#3435,.F.);
#2818=ORIENTED_EDGE('',*,*,#3432,.F.);
#2819=ORIENTED_EDGE('',*,*,#3429,.F.);
#2820=ORIENTED_EDGE('',*,*,#3426,.F.);
#2821=ORIENTED_EDGE('',*,*,#3423,.F.);
#2822=ORIENTED_EDGE('',*,*,#3420,.F.);
#2823=ORIENTED_EDGE('',*,*,#3417,.F.);
#2824=ORIENTED_EDGE('',*,*,#3413,.F.);
#2825=ORIENTED_EDGE('',*,*,#3449,.T.);
#2826=ORIENTED_EDGE('',*,*,#3450,.T.);
#2827=ORIENTED_EDGE('',*,*,#3451,.F.);
#2828=ORIENTED_EDGE('',*,*,#3452,.F.);
#2829=ORIENTED_EDGE('',*,*,#3453,.T.);
#2830=ORIENTED_EDGE('',*,*,#3454,.T.);
#2831=ORIENTED_EDGE('',*,*,#3455,.F.);
#2832=ORIENTED_EDGE('',*,*,#3450,.F.);
#2833=ORIENTED_EDGE('',*,*,#3456,.T.);
#2834=ORIENTED_EDGE('',*,*,#3457,.T.);
#2835=ORIENTED_EDGE('',*,*,#3458,.F.);
#2836=ORIENTED_EDGE('',*,*,#3454,.F.);
#2837=ORIENTED_EDGE('',*,*,#3459,.T.);
#2838=ORIENTED_EDGE('',*,*,#3460,.T.);
#2839=ORIENTED_EDGE('',*,*,#3461,.F.);
#2840=ORIENTED_EDGE('',*,*,#3457,.F.);
#2841=ORIENTED_EDGE('',*,*,#3462,.T.);
#2842=ORIENTED_EDGE('',*,*,#3463,.T.);
#2843=ORIENTED_EDGE('',*,*,#3464,.F.);
#2844=ORIENTED_EDGE('',*,*,#3460,.F.);
#2845=ORIENTED_EDGE('',*,*,#3465,.T.);
#2846=ORIENTED_EDGE('',*,*,#3466,.T.);
#2847=ORIENTED_EDGE('',*,*,#3467,.F.);
#2848=ORIENTED_EDGE('',*,*,#3463,.F.);
#2849=ORIENTED_EDGE('',*,*,#3468,.T.);
#2850=ORIENTED_EDGE('',*,*,#3469,.T.);
#2851=ORIENTED_EDGE('',*,*,#3470,.F.);
#2852=ORIENTED_EDGE('',*,*,#3466,.F.);
#2853=ORIENTED_EDGE('',*,*,#3471,.T.);
#2854=ORIENTED_EDGE('',*,*,#3472,.T.);
#2855=ORIENTED_EDGE('',*,*,#3473,.F.);
#2856=ORIENTED_EDGE('',*,*,#3469,.F.);
#2857=ORIENTED_EDGE('',*,*,#3474,.T.);
#2858=ORIENTED_EDGE('',*,*,#3475,.T.);
#2859=ORIENTED_EDGE('',*,*,#3476,.F.);
#2860=ORIENTED_EDGE('',*,*,#3472,.F.);
#2861=ORIENTED_EDGE('',*,*,#3477,.T.);
#2862=ORIENTED_EDGE('',*,*,#3478,.T.);
#2863=ORIENTED_EDGE('',*,*,#3479,.F.);
#2864=ORIENTED_EDGE('',*,*,#3475,.F.);
#2865=ORIENTED_EDGE('',*,*,#3480,.T.);
#2866=ORIENTED_EDGE('',*,*,#3481,.T.);
#2867=ORIENTED_EDGE('',*,*,#3482,.F.);
#2868=ORIENTED_EDGE('',*,*,#3478,.F.);
#2869=ORIENTED_EDGE('',*,*,#3483,.T.);
#2870=ORIENTED_EDGE('',*,*,#3452,.T.);
#2871=ORIENTED_EDGE('',*,*,#3484,.F.);
#2872=ORIENTED_EDGE('',*,*,#3481,.F.);
#2873=ORIENTED_EDGE('',*,*,#3451,.T.);
#2874=ORIENTED_EDGE('',*,*,#3455,.T.);
#2875=ORIENTED_EDGE('',*,*,#3458,.T.);
#2876=ORIENTED_EDGE('',*,*,#3461,.T.);
#2877=ORIENTED_EDGE('',*,*,#3464,.T.);
#2878=ORIENTED_EDGE('',*,*,#3467,.T.);
#2879=ORIENTED_EDGE('',*,*,#3470,.T.);
#2880=ORIENTED_EDGE('',*,*,#3473,.T.);
#2881=ORIENTED_EDGE('',*,*,#3476,.T.);
#2882=ORIENTED_EDGE('',*,*,#3479,.T.);
#2883=ORIENTED_EDGE('',*,*,#3482,.T.);
#2884=ORIENTED_EDGE('',*,*,#3484,.T.);
#2885=ORIENTED_EDGE('',*,*,#3483,.F.);
#2886=ORIENTED_EDGE('',*,*,#3480,.F.);
#2887=ORIENTED_EDGE('',*,*,#3477,.F.);
#2888=ORIENTED_EDGE('',*,*,#3474,.F.);
#2889=ORIENTED_EDGE('',*,*,#3471,.F.);
#2890=ORIENTED_EDGE('',*,*,#3468,.F.);
#2891=ORIENTED_EDGE('',*,*,#3465,.F.);
#2892=ORIENTED_EDGE('',*,*,#3462,.F.);
#2893=ORIENTED_EDGE('',*,*,#3459,.F.);
#2894=ORIENTED_EDGE('',*,*,#3456,.F.);
#2895=ORIENTED_EDGE('',*,*,#3453,.F.);
#2896=ORIENTED_EDGE('',*,*,#3449,.F.);
#2897=ORIENTED_EDGE('',*,*,#3485,.T.);
#2898=ORIENTED_EDGE('',*,*,#3486,.T.);
#2899=ORIENTED_EDGE('',*,*,#3487,.F.);
#2900=ORIENTED_EDGE('',*,*,#3488,.F.);
#2901=ORIENTED_EDGE('',*,*,#3489,.F.);
#2902=ORIENTED_EDGE('',*,*,#3490,.F.);
#2903=ORIENTED_EDGE('',*,*,#3491,.F.);
#2904=ORIENTED_EDGE('',*,*,#3492,.F.);
#2905=ORIENTED_EDGE('',*,*,#3493,.F.);
#2906=ORIENTED_EDGE('',*,*,#3494,.F.);
#2907=ORIENTED_EDGE('',*,*,#3495,.F.);
#2908=ORIENTED_EDGE('',*,*,#3496,.F.);
#2909=ORIENTED_EDGE('',*,*,#3497,.F.);
#2910=ORIENTED_EDGE('',*,*,#3498,.F.);
#2911=ORIENTED_EDGE('',*,*,#3499,.F.);
#2912=ORIENTED_EDGE('',*,*,#3485,.F.);
#2913=ORIENTED_EDGE('',*,*,#3499,.T.);
#2914=ORIENTED_EDGE('',*,*,#3500,.T.);
#2915=ORIENTED_EDGE('',*,*,#3501,.F.);
#2916=ORIENTED_EDGE('',*,*,#3486,.F.);
#2917=ORIENTED_EDGE('',*,*,#3487,.T.);
#2918=ORIENTED_EDGE('',*,*,#3501,.T.);
#2919=ORIENTED_EDGE('',*,*,#3502,.T.);
#2920=ORIENTED_EDGE('',*,*,#3503,.T.);
#2921=ORIENTED_EDGE('',*,*,#3504,.T.);
#2922=ORIENTED_EDGE('',*,*,#3505,.T.);
#2923=ORIENTED_EDGE('',*,*,#3506,.T.);
#2924=ORIENTED_EDGE('',*,*,#3507,.T.);
#2925=ORIENTED_EDGE('',*,*,#3508,.T.);
#2926=ORIENTED_EDGE('',*,*,#3509,.T.);
#2927=ORIENTED_EDGE('',*,*,#3510,.T.);
#2928=ORIENTED_EDGE('',*,*,#3511,.T.);
#2929=ORIENTED_EDGE('',*,*,#3489,.T.);
#2930=ORIENTED_EDGE('',*,*,#3488,.T.);
#2931=ORIENTED_EDGE('',*,*,#3511,.F.);
#2932=ORIENTED_EDGE('',*,*,#3512,.F.);
#2933=ORIENTED_EDGE('',*,*,#3490,.T.);
#2934=ORIENTED_EDGE('',*,*,#3512,.T.);
#2935=ORIENTED_EDGE('',*,*,#3510,.F.);
#2936=ORIENTED_EDGE('',*,*,#3513,.F.);
#2937=ORIENTED_EDGE('',*,*,#3491,.T.);
#2938=ORIENTED_EDGE('',*,*,#3513,.T.);
#2939=ORIENTED_EDGE('',*,*,#3509,.F.);
#2940=ORIENTED_EDGE('',*,*,#3514,.F.);
#2941=ORIENTED_EDGE('',*,*,#3492,.T.);
#2942=ORIENTED_EDGE('',*,*,#3514,.T.);
#2943=ORIENTED_EDGE('',*,*,#3508,.F.);
#2944=ORIENTED_EDGE('',*,*,#3515,.F.);
#2945=ORIENTED_EDGE('',*,*,#3493,.T.);
#2946=ORIENTED_EDGE('',*,*,#3515,.T.);
#2947=ORIENTED_EDGE('',*,*,#3507,.F.);
#2948=ORIENTED_EDGE('',*,*,#3516,.F.);
#2949=ORIENTED_EDGE('',*,*,#3494,.T.);
#2950=ORIENTED_EDGE('',*,*,#3516,.T.);
#2951=ORIENTED_EDGE('',*,*,#3506,.F.);
#2952=ORIENTED_EDGE('',*,*,#3517,.F.);
#2953=ORIENTED_EDGE('',*,*,#3495,.T.);
#2954=ORIENTED_EDGE('',*,*,#3517,.T.);
#2955=ORIENTED_EDGE('',*,*,#3505,.F.);
#2956=ORIENTED_EDGE('',*,*,#3518,.F.);
#2957=ORIENTED_EDGE('',*,*,#3496,.T.);
#2958=ORIENTED_EDGE('',*,*,#3518,.T.);
#2959=ORIENTED_EDGE('',*,*,#3504,.F.);
#2960=ORIENTED_EDGE('',*,*,#3519,.F.);
#2961=ORIENTED_EDGE('',*,*,#3497,.T.);
#2962=ORIENTED_EDGE('',*,*,#3519,.T.);
#2963=ORIENTED_EDGE('',*,*,#3503,.F.);
#2964=ORIENTED_EDGE('',*,*,#3520,.F.);
#2965=ORIENTED_EDGE('',*,*,#3498,.T.);
#2966=ORIENTED_EDGE('',*,*,#3520,.T.);
#2967=ORIENTED_EDGE('',*,*,#3502,.F.);
#2968=ORIENTED_EDGE('',*,*,#3500,.F.);
#2969=ORIENTED_EDGE('',*,*,#3521,.T.);
#2970=ORIENTED_EDGE('',*,*,#3522,.T.);
#2971=ORIENTED_EDGE('',*,*,#3523,.F.);
#2972=ORIENTED_EDGE('',*,*,#3524,.F.);
#2973=ORIENTED_EDGE('',*,*,#3525,.T.);
#2974=ORIENTED_EDGE('',*,*,#3526,.T.);
#2975=ORIENTED_EDGE('',*,*,#3527,.F.);
#2976=ORIENTED_EDGE('',*,*,#3522,.F.);
#2977=ORIENTED_EDGE('',*,*,#3528,.T.);
#2978=ORIENTED_EDGE('',*,*,#3529,.T.);
#2979=ORIENTED_EDGE('',*,*,#3530,.F.);
#2980=ORIENTED_EDGE('',*,*,#3526,.F.);
#2981=ORIENTED_EDGE('',*,*,#3531,.T.);
#2982=ORIENTED_EDGE('',*,*,#3532,.T.);
#2983=ORIENTED_EDGE('',*,*,#3533,.F.);
#2984=ORIENTED_EDGE('',*,*,#3529,.F.);
#2985=ORIENTED_EDGE('',*,*,#3534,.T.);
#2986=ORIENTED_EDGE('',*,*,#3535,.T.);
#2987=ORIENTED_EDGE('',*,*,#3536,.F.);
#2988=ORIENTED_EDGE('',*,*,#3532,.F.);
#2989=ORIENTED_EDGE('',*,*,#3537,.T.);
#2990=ORIENTED_EDGE('',*,*,#3538,.T.);
#2991=ORIENTED_EDGE('',*,*,#3539,.F.);
#2992=ORIENTED_EDGE('',*,*,#3535,.F.);
#2993=ORIENTED_EDGE('',*,*,#3540,.T.);
#2994=ORIENTED_EDGE('',*,*,#3541,.T.);
#2995=ORIENTED_EDGE('',*,*,#3542,.F.);
#2996=ORIENTED_EDGE('',*,*,#3538,.F.);
#2997=ORIENTED_EDGE('',*,*,#3543,.T.);
#2998=ORIENTED_EDGE('',*,*,#3544,.T.);
#2999=ORIENTED_EDGE('',*,*,#3545,.F.);
#3000=ORIENTED_EDGE('',*,*,#3541,.F.);
#3001=ORIENTED_EDGE('',*,*,#3546,.T.);
#3002=ORIENTED_EDGE('',*,*,#3547,.T.);
#3003=ORIENTED_EDGE('',*,*,#3548,.F.);
#3004=ORIENTED_EDGE('',*,*,#3544,.F.);
#3005=ORIENTED_EDGE('',*,*,#3549,.T.);
#3006=ORIENTED_EDGE('',*,*,#3550,.T.);
#3007=ORIENTED_EDGE('',*,*,#3551,.F.);
#3008=ORIENTED_EDGE('',*,*,#3547,.F.);
#3009=ORIENTED_EDGE('',*,*,#3552,.T.);
#3010=ORIENTED_EDGE('',*,*,#3553,.T.);
#3011=ORIENTED_EDGE('',*,*,#3554,.F.);
#3012=ORIENTED_EDGE('',*,*,#3550,.F.);
#3013=ORIENTED_EDGE('',*,*,#3555,.T.);
#3014=ORIENTED_EDGE('',*,*,#3524,.T.);
#3015=ORIENTED_EDGE('',*,*,#3556,.F.);
#3016=ORIENTED_EDGE('',*,*,#3553,.F.);
#3017=ORIENTED_EDGE('',*,*,#3523,.T.);
#3018=ORIENTED_EDGE('',*,*,#3527,.T.);
#3019=ORIENTED_EDGE('',*,*,#3530,.T.);
#3020=ORIENTED_EDGE('',*,*,#3533,.T.);
#3021=ORIENTED_EDGE('',*,*,#3536,.T.);
#3022=ORIENTED_EDGE('',*,*,#3539,.T.);
#3023=ORIENTED_EDGE('',*,*,#3542,.T.);
#3024=ORIENTED_EDGE('',*,*,#3545,.T.);
#3025=ORIENTED_EDGE('',*,*,#3548,.T.);
#3026=ORIENTED_EDGE('',*,*,#3551,.T.);
#3027=ORIENTED_EDGE('',*,*,#3554,.T.);
#3028=ORIENTED_EDGE('',*,*,#3556,.T.);
#3029=ORIENTED_EDGE('',*,*,#3555,.F.);
#3030=ORIENTED_EDGE('',*,*,#3552,.F.);
#3031=ORIENTED_EDGE('',*,*,#3549,.F.);
#3032=ORIENTED_EDGE('',*,*,#3546,.F.);
#3033=ORIENTED_EDGE('',*,*,#3543,.F.);
#3034=ORIENTED_EDGE('',*,*,#3540,.F.);
#3035=ORIENTED_EDGE('',*,*,#3537,.F.);
#3036=ORIENTED_EDGE('',*,*,#3534,.F.);
#3037=ORIENTED_EDGE('',*,*,#3531,.F.);
#3038=ORIENTED_EDGE('',*,*,#3528,.F.);
#3039=ORIENTED_EDGE('',*,*,#3525,.F.);
#3040=ORIENTED_EDGE('',*,*,#3521,.F.);
#3041=ORIENTED_EDGE('',*,*,#3557,.T.);
#3042=ORIENTED_EDGE('',*,*,#3558,.T.);
#3043=ORIENTED_EDGE('',*,*,#3559,.F.);
#3044=ORIENTED_EDGE('',*,*,#3560,.F.);
#3045=ORIENTED_EDGE('',*,*,#3561,.F.);
#3046=ORIENTED_EDGE('',*,*,#3562,.F.);
#3047=ORIENTED_EDGE('',*,*,#3563,.F.);
#3048=ORIENTED_EDGE('',*,*,#3564,.F.);
#3049=ORIENTED_EDGE('',*,*,#3565,.F.);
#3050=ORIENTED_EDGE('',*,*,#3566,.F.);
#3051=ORIENTED_EDGE('',*,*,#3567,.F.);
#3052=ORIENTED_EDGE('',*,*,#3568,.F.);
#3053=ORIENTED_EDGE('',*,*,#3569,.F.);
#3054=ORIENTED_EDGE('',*,*,#3570,.F.);
#3055=ORIENTED_EDGE('',*,*,#3571,.F.);
#3056=ORIENTED_EDGE('',*,*,#3557,.F.);
#3057=ORIENTED_EDGE('',*,*,#3571,.T.);
#3058=ORIENTED_EDGE('',*,*,#3572,.T.);
#3059=ORIENTED_EDGE('',*,*,#3573,.F.);
#3060=ORIENTED_EDGE('',*,*,#3558,.F.);
#3061=ORIENTED_EDGE('',*,*,#3559,.T.);
#3062=ORIENTED_EDGE('',*,*,#3573,.T.);
#3063=ORIENTED_EDGE('',*,*,#3574,.T.);
#3064=ORIENTED_EDGE('',*,*,#3575,.T.);
#3065=ORIENTED_EDGE('',*,*,#3576,.T.);
#3066=ORIENTED_EDGE('',*,*,#3577,.T.);
#3067=ORIENTED_EDGE('',*,*,#3578,.T.);
#3068=ORIENTED_EDGE('',*,*,#3579,.T.);
#3069=ORIENTED_EDGE('',*,*,#3580,.T.);
#3070=ORIENTED_EDGE('',*,*,#3581,.T.);
#3071=ORIENTED_EDGE('',*,*,#3582,.T.);
#3072=ORIENTED_EDGE('',*,*,#3583,.T.);
#3073=ORIENTED_EDGE('',*,*,#3561,.T.);
#3074=ORIENTED_EDGE('',*,*,#3560,.T.);
#3075=ORIENTED_EDGE('',*,*,#3583,.F.);
#3076=ORIENTED_EDGE('',*,*,#3584,.F.);
#3077=ORIENTED_EDGE('',*,*,#3562,.T.);
#3078=ORIENTED_EDGE('',*,*,#3584,.T.);
#3079=ORIENTED_EDGE('',*,*,#3582,.F.);
#3080=ORIENTED_EDGE('',*,*,#3585,.F.);
#3081=ORIENTED_EDGE('',*,*,#3563,.T.);
#3082=ORIENTED_EDGE('',*,*,#3585,.T.);
#3083=ORIENTED_EDGE('',*,*,#3581,.F.);
#3084=ORIENTED_EDGE('',*,*,#3586,.F.);
#3085=ORIENTED_EDGE('',*,*,#3564,.T.);
#3086=ORIENTED_EDGE('',*,*,#3586,.T.);
#3087=ORIENTED_EDGE('',*,*,#3580,.F.);
#3088=ORIENTED_EDGE('',*,*,#3587,.F.);
#3089=ORIENTED_EDGE('',*,*,#3565,.T.);
#3090=ORIENTED_EDGE('',*,*,#3587,.T.);
#3091=ORIENTED_EDGE('',*,*,#3579,.F.);
#3092=ORIENTED_EDGE('',*,*,#3588,.F.);
#3093=ORIENTED_EDGE('',*,*,#3566,.T.);
#3094=ORIENTED_EDGE('',*,*,#3588,.T.);
#3095=ORIENTED_EDGE('',*,*,#3578,.F.);
#3096=ORIENTED_EDGE('',*,*,#3589,.F.);
#3097=ORIENTED_EDGE('',*,*,#3567,.T.);
#3098=ORIENTED_EDGE('',*,*,#3589,.T.);
#3099=ORIENTED_EDGE('',*,*,#3577,.F.);
#3100=ORIENTED_EDGE('',*,*,#3590,.F.);
#3101=ORIENTED_EDGE('',*,*,#3568,.T.);
#3102=ORIENTED_EDGE('',*,*,#3590,.T.);
#3103=ORIENTED_EDGE('',*,*,#3576,.F.);
#3104=ORIENTED_EDGE('',*,*,#3591,.F.);
#3105=ORIENTED_EDGE('',*,*,#3569,.T.);
#3106=ORIENTED_EDGE('',*,*,#3591,.T.);
#3107=ORIENTED_EDGE('',*,*,#3575,.F.);
#3108=ORIENTED_EDGE('',*,*,#3592,.F.);
#3109=ORIENTED_EDGE('',*,*,#3570,.T.);
#3110=ORIENTED_EDGE('',*,*,#3592,.T.);
#3111=ORIENTED_EDGE('',*,*,#3574,.F.);
#3112=ORIENTED_EDGE('',*,*,#3572,.F.);
#3113=ORIENTED_EDGE('',*,*,#3593,.F.);
#3114=ORIENTED_EDGE('',*,*,#3594,.F.);
#3115=ORIENTED_EDGE('',*,*,#3595,.T.);
#3116=ORIENTED_EDGE('',*,*,#3596,.T.);
#3117=ORIENTED_EDGE('',*,*,#3597,.F.);
#3118=ORIENTED_EDGE('',*,*,#3598,.F.);
#3119=ORIENTED_EDGE('',*,*,#3599,.F.);
#3120=ORIENTED_EDGE('',*,*,#3600,.F.);
#3121=ORIENTED_EDGE('',*,*,#3601,.F.);
#3122=ORIENTED_EDGE('',*,*,#3602,.F.);
#3123=ORIENTED_EDGE('',*,*,#3603,.T.);
#3124=ORIENTED_EDGE('',*,*,#3604,.T.);
#3125=ORIENTED_EDGE('',*,*,#3605,.F.);
#3126=ORIENTED_EDGE('',*,*,#3606,.F.);
#3127=ORIENTED_EDGE('',*,*,#3607,.F.);
#3128=ORIENTED_EDGE('',*,*,#3608,.F.);
#3129=ORIENTED_EDGE('',*,*,#3598,.T.);
#3130=ORIENTED_EDGE('',*,*,#3609,.F.);
#3131=ORIENTED_EDGE('',*,*,#3610,.F.);
#3132=ORIENTED_EDGE('',*,*,#3611,.F.);
#3133=ORIENTED_EDGE('',*,*,#3612,.F.);
#3134=ORIENTED_EDGE('',*,*,#3613,.F.);
#3135=ORIENTED_EDGE('',*,*,#3614,.F.);
#3136=ORIENTED_EDGE('',*,*,#3615,.F.);
#3137=ORIENTED_EDGE('',*,*,#3616,.F.);
#3138=ORIENTED_EDGE('',*,*,#3617,.F.);
#3139=ORIENTED_EDGE('',*,*,#3618,.F.);
#3140=ORIENTED_EDGE('',*,*,#3619,.F.);
#3141=ORIENTED_EDGE('',*,*,#3600,.T.);
#3142=ORIENTED_EDGE('',*,*,#3620,.T.);
#3143=ORIENTED_EDGE('',*,*,#3621,.T.);
#3144=ORIENTED_EDGE('',*,*,#3622,.T.);
#3145=ORIENTED_EDGE('',*,*,#3623,.T.);
#3146=ORIENTED_EDGE('',*,*,#3624,.T.);
#3147=ORIENTED_EDGE('',*,*,#3625,.T.);
#3148=ORIENTED_EDGE('',*,*,#3626,.T.);
#3149=ORIENTED_EDGE('',*,*,#3627,.T.);
#3150=ORIENTED_EDGE('',*,*,#3628,.T.);
#3151=ORIENTED_EDGE('',*,*,#3629,.T.);
#3152=ORIENTED_EDGE('',*,*,#3630,.T.);
#3153=ORIENTED_EDGE('',*,*,#3599,.T.);
#3154=ORIENTED_EDGE('',*,*,#3619,.T.);
#3155=ORIENTED_EDGE('',*,*,#3631,.T.);
#3156=ORIENTED_EDGE('',*,*,#3620,.F.);
#3157=ORIENTED_EDGE('',*,*,#3597,.T.);
#3158=ORIENTED_EDGE('',*,*,#3630,.F.);
#3159=ORIENTED_EDGE('',*,*,#3632,.F.);
#3160=ORIENTED_EDGE('',*,*,#3609,.T.);
#3161=ORIENTED_EDGE('',*,*,#3606,.T.);
#3162=ORIENTED_EDGE('',*,*,#3633,.F.);
#3163=ORIENTED_EDGE('',*,*,#3634,.F.);
#3164=ORIENTED_EDGE('',*,*,#3635,.F.);
#3165=ORIENTED_EDGE('',*,*,#3636,.F.);
#3166=ORIENTED_EDGE('',*,*,#3637,.F.);
#3167=ORIENTED_EDGE('',*,*,#3638,.F.);
#3168=ORIENTED_EDGE('',*,*,#3639,.F.);
#3169=ORIENTED_EDGE('',*,*,#3640,.F.);
#3170=ORIENTED_EDGE('',*,*,#3641,.F.);
#3171=ORIENTED_EDGE('',*,*,#3642,.F.);
#3172=ORIENTED_EDGE('',*,*,#3643,.F.);
#3173=ORIENTED_EDGE('',*,*,#3608,.T.);
#3174=ORIENTED_EDGE('',*,*,#3644,.T.);
#3175=ORIENTED_EDGE('',*,*,#3645,.T.);
#3176=ORIENTED_EDGE('',*,*,#3646,.T.);
#3177=ORIENTED_EDGE('',*,*,#3647,.T.);
#3178=ORIENTED_EDGE('',*,*,#3648,.T.);
#3179=ORIENTED_EDGE('',*,*,#3649,.T.);
#3180=ORIENTED_EDGE('',*,*,#3650,.T.);
#3181=ORIENTED_EDGE('',*,*,#3651,.T.);
#3182=ORIENTED_EDGE('',*,*,#3652,.T.);
#3183=ORIENTED_EDGE('',*,*,#3653,.T.);
#3184=ORIENTED_EDGE('',*,*,#3654,.T.);
#3185=ORIENTED_EDGE('',*,*,#3607,.T.);
#3186=ORIENTED_EDGE('',*,*,#3643,.T.);
#3187=ORIENTED_EDGE('',*,*,#3655,.T.);
#3188=ORIENTED_EDGE('',*,*,#3644,.F.);
#3189=ORIENTED_EDGE('',*,*,#3605,.T.);
#3190=ORIENTED_EDGE('',*,*,#3654,.F.);
#3191=ORIENTED_EDGE('',*,*,#3656,.F.);
#3192=ORIENTED_EDGE('',*,*,#3633,.T.);
#3193=ORIENTED_EDGE('',*,*,#3657,.F.);
#3194=ORIENTED_EDGE('',*,*,#3658,.F.);
#3195=ORIENTED_EDGE('',*,*,#3659,.F.);
#3196=ORIENTED_EDGE('',*,*,#3593,.T.);
#3197=ORIENTED_EDGE('',*,*,#3660,.T.);
#3198=ORIENTED_EDGE('',*,*,#3661,.F.);
#3199=ORIENTED_EDGE('',*,*,#3662,.F.);
#3200=ORIENTED_EDGE('',*,*,#3604,.F.);
#3201=ORIENTED_EDGE('',*,*,#3663,.T.);
#3202=ORIENTED_EDGE('',*,*,#3594,.T.);
#3203=ORIENTED_EDGE('',*,*,#3664,.F.);
#3204=ORIENTED_EDGE('',*,*,#3595,.F.);
#3205=ORIENTED_EDGE('',*,*,#3663,.F.);
#3206=ORIENTED_EDGE('',*,*,#3603,.F.);
#3207=ORIENTED_EDGE('',*,*,#3665,.F.);
#3208=ORIENTED_EDGE('',*,*,#3596,.F.);
#3209=ORIENTED_EDGE('',*,*,#3664,.T.);
#3210=ORIENTED_EDGE('',*,*,#3602,.T.);
#3211=ORIENTED_EDGE('',*,*,#3666,.F.);
#3212=ORIENTED_EDGE('',*,*,#3667,.F.);
#3213=ORIENTED_EDGE('',*,*,#3668,.F.);
#3214=ORIENTED_EDGE('',*,*,#3601,.T.);
#3215=ORIENTED_EDGE('',*,*,#3669,.T.);
#3216=ORIENTED_EDGE('',*,*,#3670,.F.);
#3217=ORIENTED_EDGE('',*,*,#3610,.T.);
#3218=ORIENTED_EDGE('',*,*,#3632,.T.);
#3219=ORIENTED_EDGE('',*,*,#3629,.F.);
#3220=ORIENTED_EDGE('',*,*,#3671,.F.);
#3221=ORIENTED_EDGE('',*,*,#3611,.T.);
#3222=ORIENTED_EDGE('',*,*,#3671,.T.);
#3223=ORIENTED_EDGE('',*,*,#3628,.F.);
#3224=ORIENTED_EDGE('',*,*,#3672,.F.);
#3225=ORIENTED_EDGE('',*,*,#3612,.T.);
#3226=ORIENTED_EDGE('',*,*,#3672,.T.);
#3227=ORIENTED_EDGE('',*,*,#3627,.F.);
#3228=ORIENTED_EDGE('',*,*,#3673,.F.);
#3229=ORIENTED_EDGE('',*,*,#3613,.T.);
#3230=ORIENTED_EDGE('',*,*,#3673,.T.);
#3231=ORIENTED_EDGE('',*,*,#3626,.F.);
#3232=ORIENTED_EDGE('',*,*,#3674,.F.);
#3233=ORIENTED_EDGE('',*,*,#3614,.T.);
#3234=ORIENTED_EDGE('',*,*,#3674,.T.);
#3235=ORIENTED_EDGE('',*,*,#3625,.F.);
#3236=ORIENTED_EDGE('',*,*,#3675,.F.);
#3237=ORIENTED_EDGE('',*,*,#3615,.T.);
#3238=ORIENTED_EDGE('',*,*,#3675,.T.);
#3239=ORIENTED_EDGE('',*,*,#3624,.F.);
#3240=ORIENTED_EDGE('',*,*,#3676,.F.);
#3241=ORIENTED_EDGE('',*,*,#3616,.T.);
#3242=ORIENTED_EDGE('',*,*,#3676,.T.);
#3243=ORIENTED_EDGE('',*,*,#3623,.F.);
#3244=ORIENTED_EDGE('',*,*,#3677,.F.);
#3245=ORIENTED_EDGE('',*,*,#3617,.T.);
#3246=ORIENTED_EDGE('',*,*,#3677,.T.);
#3247=ORIENTED_EDGE('',*,*,#3622,.F.);
#3248=ORIENTED_EDGE('',*,*,#3678,.F.);
#3249=ORIENTED_EDGE('',*,*,#3618,.T.);
#3250=ORIENTED_EDGE('',*,*,#3678,.T.);
#3251=ORIENTED_EDGE('',*,*,#3621,.F.);
#3252=ORIENTED_EDGE('',*,*,#3631,.F.);
#3253=ORIENTED_EDGE('',*,*,#3634,.T.);
#3254=ORIENTED_EDGE('',*,*,#3656,.T.);
#3255=ORIENTED_EDGE('',*,*,#3653,.F.);
#3256=ORIENTED_EDGE('',*,*,#3679,.F.);
#3257=ORIENTED_EDGE('',*,*,#3635,.T.);
#3258=ORIENTED_EDGE('',*,*,#3679,.T.);
#3259=ORIENTED_EDGE('',*,*,#3652,.F.);
#3260=ORIENTED_EDGE('',*,*,#3680,.F.);
#3261=ORIENTED_EDGE('',*,*,#3636,.T.);
#3262=ORIENTED_EDGE('',*,*,#3680,.T.);
#3263=ORIENTED_EDGE('',*,*,#3651,.F.);
#3264=ORIENTED_EDGE('',*,*,#3681,.F.);
#3265=ORIENTED_EDGE('',*,*,#3637,.T.);
#3266=ORIENTED_EDGE('',*,*,#3681,.T.);
#3267=ORIENTED_EDGE('',*,*,#3650,.F.);
#3268=ORIENTED_EDGE('',*,*,#3682,.F.);
#3269=ORIENTED_EDGE('',*,*,#3638,.T.);
#3270=ORIENTED_EDGE('',*,*,#3682,.T.);
#3271=ORIENTED_EDGE('',*,*,#3649,.F.);
#3272=ORIENTED_EDGE('',*,*,#3683,.F.);
#3273=ORIENTED_EDGE('',*,*,#3639,.T.);
#3274=ORIENTED_EDGE('',*,*,#3683,.T.);
#3275=ORIENTED_EDGE('',*,*,#3648,.F.);
#3276=ORIENTED_EDGE('',*,*,#3684,.F.);
#3277=ORIENTED_EDGE('',*,*,#3640,.T.);
#3278=ORIENTED_EDGE('',*,*,#3684,.T.);
#3279=ORIENTED_EDGE('',*,*,#3647,.F.);
#3280=ORIENTED_EDGE('',*,*,#3685,.F.);
#3281=ORIENTED_EDGE('',*,*,#3641,.T.);
#3282=ORIENTED_EDGE('',*,*,#3685,.T.);
#3283=ORIENTED_EDGE('',*,*,#3646,.F.);
#3284=ORIENTED_EDGE('',*,*,#3686,.F.);
#3285=ORIENTED_EDGE('',*,*,#3642,.T.);
#3286=ORIENTED_EDGE('',*,*,#3686,.T.);
#3287=ORIENTED_EDGE('',*,*,#3645,.F.);
#3288=ORIENTED_EDGE('',*,*,#3655,.F.);
#3289=ORIENTED_EDGE('',*,*,#3657,.T.);
#3290=ORIENTED_EDGE('',*,*,#3687,.T.);
#3291=ORIENTED_EDGE('',*,*,#3688,.F.);
#3292=ORIENTED_EDGE('',*,*,#3689,.F.);
#3293=ORIENTED_EDGE('',*,*,#3690,.F.);
#3294=ORIENTED_EDGE('',*,*,#3691,.T.);
#3295=ORIENTED_EDGE('',*,*,#3658,.T.);
#3296=ORIENTED_EDGE('',*,*,#3692,.F.);
#3297=ORIENTED_EDGE('',*,*,#3693,.F.);
#3298=ORIENTED_EDGE('',*,*,#3669,.F.);
#3299=ORIENTED_EDGE('',*,*,#3662,.T.);
#3300=ORIENTED_EDGE('',*,*,#3659,.T.);
#3301=ORIENTED_EDGE('',*,*,#3691,.F.);
#3302=ORIENTED_EDGE('',*,*,#3694,.F.);
#3303=ORIENTED_EDGE('',*,*,#3695,.F.);
#3304=ORIENTED_EDGE('',*,*,#3660,.F.);
#3305=ORIENTED_EDGE('',*,*,#3665,.T.);
#3306=ORIENTED_EDGE('',*,*,#3668,.T.);
#3307=ORIENTED_EDGE('',*,*,#3696,.F.);
#3308=ORIENTED_EDGE('',*,*,#3697,.F.);
#3309=ORIENTED_EDGE('',*,*,#3661,.T.);
#3310=ORIENTED_EDGE('',*,*,#3695,.T.);
#3311=ORIENTED_EDGE('',*,*,#3698,.F.);
#3312=ORIENTED_EDGE('',*,*,#3670,.T.);
#3313=ORIENTED_EDGE('',*,*,#3693,.T.);
#3314=ORIENTED_EDGE('',*,*,#3666,.T.);
#3315=ORIENTED_EDGE('',*,*,#3699,.T.);
#3316=ORIENTED_EDGE('',*,*,#3700,.F.);
#3317=ORIENTED_EDGE('',*,*,#3701,.F.);
#3318=ORIENTED_EDGE('',*,*,#3702,.F.);
#3319=ORIENTED_EDGE('',*,*,#3696,.T.);
#3320=ORIENTED_EDGE('',*,*,#3667,.T.);
#3321=ORIENTED_EDGE('',*,*,#3697,.T.);
#3322=ORIENTED_EDGE('',*,*,#3703,.T.);
#3323=ORIENTED_EDGE('',*,*,#3704,.F.);
#3324=ORIENTED_EDGE('',*,*,#3705,.F.);
#3325=ORIENTED_EDGE('',*,*,#3687,.F.);
#3326=ORIENTED_EDGE('',*,*,#3706,.F.);
#3327=ORIENTED_EDGE('',*,*,#3704,.T.);
#3328=ORIENTED_EDGE('',*,*,#3707,.T.);
#3329=ORIENTED_EDGE('',*,*,#3708,.T.);
#3330=ORIENTED_EDGE('',*,*,#3688,.T.);
#3331=ORIENTED_EDGE('',*,*,#3705,.T.);
#3332=ORIENTED_EDGE('',*,*,#3690,.T.);
#3333=ORIENTED_EDGE('',*,*,#3689,.T.);
#3334=ORIENTED_EDGE('',*,*,#3708,.F.);
#3335=ORIENTED_EDGE('',*,*,#3709,.F.);
#3336=ORIENTED_EDGE('',*,*,#3692,.T.);
#3337=ORIENTED_EDGE('',*,*,#3709,.T.);
#3338=ORIENTED_EDGE('',*,*,#3707,.F.);
#3339=ORIENTED_EDGE('',*,*,#3703,.F.);
#3340=ORIENTED_EDGE('',*,*,#3694,.T.);
#3341=ORIENTED_EDGE('',*,*,#3710,.T.);
#3342=ORIENTED_EDGE('',*,*,#3711,.F.);
#3343=ORIENTED_EDGE('',*,*,#3712,.F.);
#3344=ORIENTED_EDGE('',*,*,#3713,.F.);
#3345=ORIENTED_EDGE('',*,*,#3698,.T.);
#3346=ORIENTED_EDGE('',*,*,#3713,.T.);
#3347=ORIENTED_EDGE('',*,*,#3714,.F.);
#3348=ORIENTED_EDGE('',*,*,#3699,.F.);
#3349=ORIENTED_EDGE('',*,*,#3715,.F.);
#3350=ORIENTED_EDGE('',*,*,#3711,.T.);
#3351=ORIENTED_EDGE('',*,*,#3716,.T.);
#3352=ORIENTED_EDGE('',*,*,#3700,.T.);
#3353=ORIENTED_EDGE('',*,*,#3714,.T.);
#3354=ORIENTED_EDGE('',*,*,#3712,.T.);
#3355=ORIENTED_EDGE('',*,*,#3702,.T.);
#3356=ORIENTED_EDGE('',*,*,#3701,.T.);
#3357=ORIENTED_EDGE('',*,*,#3716,.F.);
#3358=ORIENTED_EDGE('',*,*,#3710,.F.);
#3359=ORIENTED_EDGE('',*,*,#3717,.F.);
#3360=ORIENTED_EDGE('',*,*,#3706,.T.);
#3361=ORIENTED_EDGE('',*,*,#3718,.F.);
#3362=ORIENTED_EDGE('',*,*,#3715,.T.);
#3363=ORIENTED_EDGE('',*,*,#3717,.T.);
#3364=ORIENTED_EDGE('',*,*,#3719,.F.);
#3365=ORIENTED_EDGE('',*,*,#3718,.T.);
#3366=ORIENTED_EDGE('',*,*,#3720,.F.);
#3367=ORIENTED_EDGE('',*,*,#3719,.T.);
#3368=ORIENTED_EDGE('',*,*,#3721,.T.);
#3369=ORIENTED_EDGE('',*,*,#3720,.T.);
#3370=ORIENTED_EDGE('',*,*,#3722,.T.);
#3371=ORIENTED_EDGE('',*,*,#3721,.F.);
#3372=ORIENTED_EDGE('',*,*,#3723,.F.);
#3373=ORIENTED_EDGE('',*,*,#3722,.F.);
#3374=ORIENTED_EDGE('',*,*,#3724,.F.);
#3375=ORIENTED_EDGE('',*,*,#3723,.T.);
#3376=ORIENTED_EDGE('',*,*,#3724,.T.);
#3377=EDGE_CURVE('',#3725,#3726,#3727,.T.);
#3378=EDGE_CURVE('',#3726,#3728,#3729,.T.);
#3379=EDGE_CURVE('',#3730,#3728,#3731,.T.);
#3380=EDGE_CURVE('',#3725,#3730,#3732,.T.);
#3381=EDGE_CURVE('',#3733,#3725,#3734,.T.);
#3382=EDGE_CURVE('',#3735,#3733,#3736,.T.);
#3383=EDGE_CURVE('',#3737,#3735,#3738,.T.);
#3384=EDGE_CURVE('',#3739,#3737,#3740,.T.);
#3385=EDGE_CURVE('',#3741,#3739,#3742,.T.);
#3386=EDGE_CURVE('',#3743,#3741,#3744,.T.);
#3387=EDGE_CURVE('',#3745,#3743,#3746,.T.);
#3388=EDGE_CURVE('',#3747,#3745,#3748,.T.);
#3389=EDGE_CURVE('',#3749,#3747,#3750,.T.);
#3390=EDGE_CURVE('',#3751,#3749,#3752,.T.);
#3391=EDGE_CURVE('',#3726,#3751,#3753,.T.);
#3392=EDGE_CURVE('',#3751,#3754,#3755,.T.);
#3393=EDGE_CURVE('',#3728,#3754,#3756,.T.);
#3394=EDGE_CURVE('',#3754,#3757,#3758,.T.);
#3395=EDGE_CURVE('',#3757,#3759,#3760,.T.);
#3396=EDGE_CURVE('',#3759,#3761,#3762,.T.);
#3397=EDGE_CURVE('',#3761,#3763,#3764,.T.);
#3398=EDGE_CURVE('',#3763,#3765,#3766,.T.);
#3399=EDGE_CURVE('',#3765,#3767,#3768,.T.);
#3400=EDGE_CURVE('',#3767,#3769,#3770,.T.);
#3401=EDGE_CURVE('',#3769,#3771,#3772,.T.);
#3402=EDGE_CURVE('',#3771,#3773,#3774,.T.);
#3403=EDGE_CURVE('',#3773,#3730,#3775,.T.);
#3404=EDGE_CURVE('',#3733,#3773,#3776,.T.);
#3405=EDGE_CURVE('',#3735,#3771,#3777,.T.);
#3406=EDGE_CURVE('',#3737,#3769,#3778,.T.);
#3407=EDGE_CURVE('',#3739,#3767,#3779,.T.);
#3408=EDGE_CURVE('',#3741,#3765,#3780,.T.);
#3409=EDGE_CURVE('',#3743,#3763,#3781,.T.);
#3410=EDGE_CURVE('',#3745,#3761,#3782,.T.);
#3411=EDGE_CURVE('',#3747,#3759,#3783,.T.);
#3412=EDGE_CURVE('',#3749,#3757,#3784,.T.);
#3413=EDGE_CURVE('',#3785,#3786,#3787,.T.);
#3414=EDGE_CURVE('',#3786,#3788,#3789,.T.);
#3415=EDGE_CURVE('',#3790,#3788,#3791,.T.);
#3416=EDGE_CURVE('',#3785,#3790,#3792,.T.);
#3417=EDGE_CURVE('',#3786,#3793,#3794,.T.);
#3418=EDGE_CURVE('',#3793,#3795,#3796,.T.);
#3419=EDGE_CURVE('',#3788,#3795,#3797,.T.);
#3420=EDGE_CURVE('',#3793,#3798,#3799,.T.);
#3421=EDGE_CURVE('',#3798,#3800,#3801,.T.);
#3422=EDGE_CURVE('',#3795,#3800,#3802,.T.);
#3423=EDGE_CURVE('',#3798,#3803,#3804,.T.);
#3424=EDGE_CURVE('',#3803,#3805,#3806,.T.);
#3425=EDGE_CURVE('',#3800,#3805,#3807,.T.);
#3426=EDGE_CURVE('',#3803,#3808,#3809,.T.);
#3427=EDGE_CURVE('',#3808,#3810,#3811,.T.);
#3428=EDGE_CURVE('',#3805,#3810,#3812,.T.);
#3429=EDGE_CURVE('',#3808,#3813,#3814,.T.);
#3430=EDGE_CURVE('',#3813,#3815,#3816,.T.);
#3431=EDGE_CURVE('',#3810,#3815,#3817,.T.);
#3432=EDGE_CURVE('',#3813,#3818,#3819,.T.);
#3433=EDGE_CURVE('',#3818,#3820,#3821,.T.);
#3434=EDGE_CURVE('',#3815,#3820,#3822,.T.);
#3435=EDGE_CURVE('',#3818,#3823,#3824,.T.);
#3436=EDGE_CURVE('',#3823,#3825,#3826,.T.);
#3437=EDGE_CURVE('',#3820,#3825,#3827,.T.);
#3438=EDGE_CURVE('',#3823,#3828,#3829,.T.);
#3439=EDGE_CURVE('',#3828,#3830,#3831,.T.);
#3440=EDGE_CURVE('',#3825,#3830,#3832,.T.);
#3441=EDGE_CURVE('',#3828,#3833,#3834,.T.);
#3442=EDGE_CURVE('',#3833,#3835,#3836,.T.);
#3443=EDGE_CURVE('',#3830,#3835,#3837,.T.);
#3444=EDGE_CURVE('',#3833,#3838,#3839,.T.);
#3445=EDGE_CURVE('',#3838,#3840,#3841,.T.);
#3446=EDGE_CURVE('',#3835,#3840,#3842,.T.);
#3447=EDGE_CURVE('',#3838,#3785,#3843,.T.);
#3448=EDGE_CURVE('',#3840,#3790,#3844,.T.);
#3449=EDGE_CURVE('',#3845,#3846,#3847,.T.);
#3450=EDGE_CURVE('',#3846,#3848,#3849,.T.);
#3451=EDGE_CURVE('',#3850,#3848,#3851,.T.);
#3452=EDGE_CURVE('',#3845,#3850,#3852,.T.);
#3453=EDGE_CURVE('',#3846,#3853,#3854,.T.);
#3454=EDGE_CURVE('',#3853,#3855,#3856,.T.);
#3455=EDGE_CURVE('',#3848,#3855,#3857,.T.);
#3456=EDGE_CURVE('',#3853,#3858,#3859,.T.);
#3457=EDGE_CURVE('',#3858,#3860,#3861,.T.);
#3458=EDGE_CURVE('',#3855,#3860,#3862,.T.);
#3459=EDGE_CURVE('',#3858,#3863,#3864,.T.);
#3460=EDGE_CURVE('',#3863,#3865,#3866,.T.);
#3461=EDGE_CURVE('',#3860,#3865,#3867,.T.);
#3462=EDGE_CURVE('',#3863,#3868,#3869,.T.);
#3463=EDGE_CURVE('',#3868,#3870,#3871,.T.);
#3464=EDGE_CURVE('',#3865,#3870,#3872,.T.);
#3465=EDGE_CURVE('',#3868,#3873,#3874,.T.);
#3466=EDGE_CURVE('',#3873,#3875,#3876,.T.);
#3467=EDGE_CURVE('',#3870,#3875,#3877,.T.);
#3468=EDGE_CURVE('',#3873,#3878,#3879,.T.);
#3469=EDGE_CURVE('',#3878,#3880,#3881,.T.);
#3470=EDGE_CURVE('',#3875,#3880,#3882,.T.);
#3471=EDGE_CURVE('',#3878,#3883,#3884,.T.);
#3472=EDGE_CURVE('',#3883,#3885,#3886,.T.);
#3473=EDGE_CURVE('',#3880,#3885,#3887,.T.);
#3474=EDGE_CURVE('',#3883,#3888,#3889,.T.);
#3475=EDGE_CURVE('',#3888,#3890,#3891,.T.);
#3476=EDGE_CURVE('',#3885,#3890,#3892,.T.);
#3477=EDGE_CURVE('',#3888,#3893,#3894,.T.);
#3478=EDGE_CURVE('',#3893,#3895,#3896,.T.);
#3479=EDGE_CURVE('',#3890,#3895,#3897,.T.);
#3480=EDGE_CURVE('',#3893,#3898,#3899,.T.);
#3481=EDGE_CURVE('',#3898,#3900,#3901,.T.);
#3482=EDGE_CURVE('',#3895,#3900,#3902,.T.);
#3483=EDGE_CURVE('',#3898,#3845,#3903,.T.);
#3484=EDGE_CURVE('',#3900,#3850,#3904,.T.);
#3485=EDGE_CURVE('',#3905,#3906,#3907,.T.);
#3486=EDGE_CURVE('',#3906,#3908,#3909,.T.);
#3487=EDGE_CURVE('',#3910,#3908,#3911,.T.);
#3488=EDGE_CURVE('',#3905,#3910,#3912,.T.);
#3489=EDGE_CURVE('',#3913,#3905,#3914,.T.);
#3490=EDGE_CURVE('',#3915,#3913,#3916,.T.);
#3491=EDGE_CURVE('',#3917,#3915,#3918,.T.);
#3492=EDGE_CURVE('',#3919,#3917,#3920,.T.);
#3493=EDGE_CURVE('',#3921,#3919,#3922,.T.);
#3494=EDGE_CURVE('',#3923,#3921,#3924,.T.);
#3495=EDGE_CURVE('',#3925,#3923,#3926,.T.);
#3496=EDGE_CURVE('',#3927,#3925,#3928,.T.);
#3497=EDGE_CURVE('',#3929,#3927,#3930,.T.);
#3498=EDGE_CURVE('',#3931,#3929,#3932,.T.);
#3499=EDGE_CURVE('',#3906,#3931,#3933,.T.);
#3500=EDGE_CURVE('',#3931,#3934,#3935,.T.);
#3501=EDGE_CURVE('',#3908,#3934,#3936,.T.);
#3502=EDGE_CURVE('',#3934,#3937,#3938,.T.);
#3503=EDGE_CURVE('',#3937,#3939,#3940,.T.);
#3504=EDGE_CURVE('',#3939,#3941,#3942,.T.);
#3505=EDGE_CURVE('',#3941,#3943,#3944,.T.);
#3506=EDGE_CURVE('',#3943,#3945,#3946,.T.);
#3507=EDGE_CURVE('',#3945,#3947,#3948,.T.);
#3508=EDGE_CURVE('',#3947,#3949,#3950,.T.);
#3509=EDGE_CURVE('',#3949,#3951,#3952,.T.);
#3510=EDGE_CURVE('',#3951,#3953,#3954,.T.);
#3511=EDGE_CURVE('',#3953,#3910,#3955,.T.);
#3512=EDGE_CURVE('',#3913,#3953,#3956,.T.);
#3513=EDGE_CURVE('',#3915,#3951,#3957,.T.);
#3514=EDGE_CURVE('',#3917,#3949,#3958,.T.);
#3515=EDGE_CURVE('',#3919,#3947,#3959,.T.);
#3516=EDGE_CURVE('',#3921,#3945,#3960,.T.);
#3517=EDGE_CURVE('',#3923,#3943,#3961,.T.);
#3518=EDGE_CURVE('',#3925,#3941,#3962,.T.);
#3519=EDGE_CURVE('',#3927,#3939,#3963,.T.);
#3520=EDGE_CURVE('',#3929,#3937,#3964,.T.);
#3521=EDGE_CURVE('',#3965,#3966,#3967,.T.);
#3522=EDGE_CURVE('',#3966,#3968,#3969,.T.);
#3523=EDGE_CURVE('',#3970,#3968,#3971,.T.);
#3524=EDGE_CURVE('',#3965,#3970,#3972,.T.);
#3525=EDGE_CURVE('',#3966,#3973,#3974,.T.);
#3526=EDGE_CURVE('',#3973,#3975,#3976,.T.);
#3527=EDGE_CURVE('',#3968,#3975,#3977,.T.);
#3528=EDGE_CURVE('',#3973,#3978,#3979,.T.);
#3529=EDGE_CURVE('',#3978,#3980,#3981,.T.);
#3530=EDGE_CURVE('',#3975,#3980,#3982,.T.);
#3531=EDGE_CURVE('',#3978,#3983,#3984,.T.);
#3532=EDGE_CURVE('',#3983,#3985,#3986,.T.);
#3533=EDGE_CURVE('',#3980,#3985,#3987,.T.);
#3534=EDGE_CURVE('',#3983,#3988,#3989,.T.);
#3535=EDGE_CURVE('',#3988,#3990,#3991,.T.);
#3536=EDGE_CURVE('',#3985,#3990,#3992,.T.);
#3537=EDGE_CURVE('',#3988,#3993,#3994,.T.);
#3538=EDGE_CURVE('',#3993,#3995,#3996,.T.);
#3539=EDGE_CURVE('',#3990,#3995,#3997,.T.);
#3540=EDGE_CURVE('',#3993,#3998,#3999,.T.);
#3541=EDGE_CURVE('',#3998,#4000,#4001,.T.);
#3542=EDGE_CURVE('',#3995,#4000,#4002,.T.);
#3543=EDGE_CURVE('',#3998,#4003,#4004,.T.);
#3544=EDGE_CURVE('',#4003,#4005,#4006,.T.);
#3545=EDGE_CURVE('',#4000,#4005,#4007,.T.);
#3546=EDGE_CURVE('',#4003,#4008,#4009,.T.);
#3547=EDGE_CURVE('',#4008,#4010,#4011,.T.);
#3548=EDGE_CURVE('',#4005,#4010,#4012,.T.);
#3549=EDGE_CURVE('',#4008,#4013,#4014,.T.);
#3550=EDGE_CURVE('',#4013,#4015,#4016,.T.);
#3551=EDGE_CURVE('',#4010,#4015,#4017,.T.);
#3552=EDGE_CURVE('',#4013,#4018,#4019,.T.);
#3553=EDGE_CURVE('',#4018,#4020,#4021,.T.);
#3554=EDGE_CURVE('',#4015,#4020,#4022,.T.);
#3555=EDGE_CURVE('',#4018,#3965,#4023,.T.);
#3556=EDGE_CURVE('',#4020,#3970,#4024,.T.);
#3557=EDGE_CURVE('',#4025,#4026,#4027,.T.);
#3558=EDGE_CURVE('',#4026,#4028,#4029,.T.);
#3559=EDGE_CURVE('',#4030,#4028,#4031,.T.);
#3560=EDGE_CURVE('',#4025,#4030,#4032,.T.);
#3561=EDGE_CURVE('',#4033,#4025,#4034,.T.);
#3562=EDGE_CURVE('',#4035,#4033,#4036,.T.);
#3563=EDGE_CURVE('',#4037,#4035,#4038,.T.);
#3564=EDGE_CURVE('',#4039,#4037,#4040,.T.);
#3565=EDGE_CURVE('',#4041,#4039,#4042,.T.);
#3566=EDGE_CURVE('',#4043,#4041,#4044,.T.);
#3567=EDGE_CURVE('',#4045,#4043,#4046,.T.);
#3568=EDGE_CURVE('',#4047,#4045,#4048,.T.);
#3569=EDGE_CURVE('',#4049,#4047,#4050,.T.);
#3570=EDGE_CURVE('',#4051,#4049,#4052,.T.);
#3571=EDGE_CURVE('',#4026,#4051,#4053,.T.);
#3572=EDGE_CURVE('',#4051,#4054,#4055,.T.);
#3573=EDGE_CURVE('',#4028,#4054,#4056,.T.);
#3574=EDGE_CURVE('',#4054,#4057,#4058,.T.);
#3575=EDGE_CURVE('',#4057,#4059,#4060,.T.);
#3576=EDGE_CURVE('',#4059,#4061,#4062,.T.);
#3577=EDGE_CURVE('',#4061,#4063,#4064,.T.);
#3578=EDGE_CURVE('',#4063,#4065,#4066,.T.);
#3579=EDGE_CURVE('',#4065,#4067,#4068,.T.);
#3580=EDGE_CURVE('',#4067,#4069,#4070,.T.);
#3581=EDGE_CURVE('',#4069,#4071,#4072,.T.);
#3582=EDGE_CURVE('',#4071,#4073,#4074,.T.);
#3583=EDGE_CURVE('',#4073,#4030,#4075,.T.);
#3584=EDGE_CURVE('',#4033,#4073,#4076,.T.);
#3585=EDGE_CURVE('',#4035,#4071,#4077,.T.);
#3586=EDGE_CURVE('',#4037,#4069,#4078,.T.);
#3587=EDGE_CURVE('',#4039,#4067,#4079,.T.);
#3588=EDGE_CURVE('',#4041,#4065,#4080,.T.);
#3589=EDGE_CURVE('',#4043,#4063,#4081,.T.);
#3590=EDGE_CURVE('',#4045,#4061,#4082,.T.);
#3591=EDGE_CURVE('',#4047,#4059,#4083,.T.);
#3592=EDGE_CURVE('',#4049,#4057,#4084,.T.);
#3593=EDGE_CURVE('',#4085,#4086,#4087,.T.);
#3594=EDGE_CURVE('',#4088,#4085,#4089,.T.);
#3595=EDGE_CURVE('',#4088,#4090,#4091,.T.);
#3596=EDGE_CURVE('',#4090,#4086,#4092,.T.);
#3597=EDGE_CURVE('',#4093,#4094,#4095,.T.);
#3598=EDGE_CURVE('',#4096,#4093,#4097,.F.);
#3599=EDGE_CURVE('',#4098,#4096,#4099,.T.);
#3600=EDGE_CURVE('',#4094,#4098,#4100,.T.);
#3601=EDGE_CURVE('',#4101,#4102,#4103,.T.);
#3602=EDGE_CURVE('',#4104,#4101,#4105,.T.);
#3603=EDGE_CURVE('',#4104,#4106,#4107,.T.);
#3604=EDGE_CURVE('',#4106,#4102,#4108,.T.);
#3605=EDGE_CURVE('',#4109,#4110,#4111,.T.);
#3606=EDGE_CURVE('',#4112,#4109,#4113,.F.);
#3607=EDGE_CURVE('',#4114,#4112,#4115,.T.);
#3608=EDGE_CURVE('',#4110,#4114,#4116,.T.);
#3609=EDGE_CURVE('',#4117,#4093,#4118,.T.);
#3610=EDGE_CURVE('',#4119,#4117,#4120,.T.);
#3611=EDGE_CURVE('',#4121,#4119,#4122,.T.);
#3612=EDGE_CURVE('',#4123,#4121,#4124,.T.);
#3613=EDGE_CURVE('',#4125,#4123,#4126,.T.);
#3614=EDGE_CURVE('',#4127,#4125,#4128,.T.);
#3615=EDGE_CURVE('',#4129,#4127,#4130,.T.);
#3616=EDGE_CURVE('',#4131,#4129,#4132,.T.);
#3617=EDGE_CURVE('',#4133,#4131,#4134,.T.);
#3618=EDGE_CURVE('',#4135,#4133,#4136,.T.);
#3619=EDGE_CURVE('',#4096,#4135,#4137,.T.);
#3620=EDGE_CURVE('',#4098,#4138,#4139,.T.);
#3621=EDGE_CURVE('',#4138,#4140,#4141,.T.);
#3622=EDGE_CURVE('',#4140,#4142,#4143,.T.);
#3623=EDGE_CURVE('',#4142,#4144,#4145,.T.);
#3624=EDGE_CURVE('',#4144,#4146,#4147,.T.);
#3625=EDGE_CURVE('',#4146,#4148,#4149,.T.);
#3626=EDGE_CURVE('',#4148,#4150,#4151,.T.);
#3627=EDGE_CURVE('',#4150,#4152,#4153,.T.);
#3628=EDGE_CURVE('',#4152,#4154,#4155,.T.);
#3629=EDGE_CURVE('',#4154,#4156,#4157,.T.);
#3630=EDGE_CURVE('',#4156,#4094,#4158,.T.);
#3631=EDGE_CURVE('',#4135,#4138,#4159,.T.);
#3632=EDGE_CURVE('',#4117,#4156,#4160,.T.);
#3633=EDGE_CURVE('',#4161,#4109,#4162,.T.);
#3634=EDGE_CURVE('',#4163,#4161,#4164,.T.);
#3635=EDGE_CURVE('',#4165,#4163,#4166,.T.);
#3636=EDGE_CURVE('',#4167,#4165,#4168,.T.);
#3637=EDGE_CURVE('',#4169,#4167,#4170,.T.);
#3638=EDGE_CURVE('',#4171,#4169,#4172,.T.);
#3639=EDGE_CURVE('',#4173,#4171,#4174,.T.);
#3640=EDGE_CURVE('',#4175,#4173,#4176,.T.);
#3641=EDGE_CURVE('',#4177,#4175,#4178,.T.);
#3642=EDGE_CURVE('',#4179,#4177,#4180,.T.);
#3643=EDGE_CURVE('',#4112,#4179,#4181,.T.);
#3644=EDGE_CURVE('',#4114,#4182,#4183,.T.);
#3645=EDGE_CURVE('',#4182,#4184,#4185,.T.);
#3646=EDGE_CURVE('',#4184,#4186,#4187,.T.);
#3647=EDGE_CURVE('',#4186,#4188,#4189,.T.);
#3648=EDGE_CURVE('',#4188,#4190,#4191,.T.);
#3649=EDGE_CURVE('',#4190,#4192,#4193,.T.);
#3650=EDGE_CURVE('',#4192,#4194,#4195,.T.);
#3651=EDGE_CURVE('',#4194,#4196,#4197,.T.);
#3652=EDGE_CURVE('',#4196,#4198,#4199,.T.);
#3653=EDGE_CURVE('',#4198,#4200,#4201,.T.);
#3654=EDGE_CURVE('',#4200,#4110,#4202,.T.);
#3655=EDGE_CURVE('',#4179,#4182,#4203,.T.);
#3656=EDGE_CURVE('',#4161,#4200,#4204,.T.);
#3657=EDGE_CURVE('',#4205,#4206,#4207,.T.);
#3658=EDGE_CURVE('',#4208,#4205,#4209,.T.);
#3659=EDGE_CURVE('',#4085,#4208,#4210,.T.);
#3660=EDGE_CURVE('',#4086,#4211,#4212,.T.);
#3661=EDGE_CURVE('',#4206,#4211,#4213,.T.);
#3662=EDGE_CURVE('',#4102,#4085,#4214,.T.);
#3663=EDGE_CURVE('',#4106,#4088,#4215,.T.);
#3664=EDGE_CURVE('',#4090,#4104,#4216,.T.);
#3665=EDGE_CURVE('',#4086,#4101,#4217,.T.);
#3666=EDGE_CURVE('',#4218,#4219,#4220,.T.);
#3667=EDGE_CURVE('',#4221,#4218,#4222,.T.);
#3668=EDGE_CURVE('',#4101,#4221,#4223,.T.);
#3669=EDGE_CURVE('',#4102,#4224,#4225,.T.);
#3670=EDGE_CURVE('',#4219,#4224,#4226,.T.);
#3671=EDGE_CURVE('',#4119,#4154,#4227,.T.);
#3672=EDGE_CURVE('',#4121,#4152,#4228,.T.);
#3673=EDGE_CURVE('',#4123,#4150,#4229,.T.);
#3674=EDGE_CURVE('',#4125,#4148,#4230,.T.);
#3675=EDGE_CURVE('',#4127,#4146,#4231,.T.);
#3676=EDGE_CURVE('',#4129,#4144,#4232,.T.);
#3677=EDGE_CURVE('',#4131,#4142,#4233,.T.);
#3678=EDGE_CURVE('',#4133,#4140,#4234,.T.);
#3679=EDGE_CURVE('',#4163,#4198,#4235,.T.);
#3680=EDGE_CURVE('',#4165,#4196,#4236,.T.);
#3681=EDGE_CURVE('',#4167,#4194,#4237,.T.);
#3682=EDGE_CURVE('',#4169,#4192,#4238,.T.);
#3683=EDGE_CURVE('',#4171,#4190,#4239,.T.);
#3684=EDGE_CURVE('',#4173,#4188,#4240,.T.);
#3685=EDGE_CURVE('',#4175,#4186,#4241,.T.);
#3686=EDGE_CURVE('',#4177,#4184,#4242,.T.);
#3687=EDGE_CURVE('',#4206,#4243,#4244,.T.);
#3688=EDGE_CURVE('',#4245,#4243,#4246,.T.);
#3689=EDGE_CURVE('',#4205,#4245,#4247,.T.);
#3690=EDGE_CURVE('',#4248,#4205,#4249,.T.);
#3691=EDGE_CURVE('',#4248,#4208,#4250,.T.);
#3692=EDGE_CURVE('',#4251,#4248,#4252,.T.);
#3693=EDGE_CURVE('',#4224,#4251,#4253,.T.);
#3694=EDGE_CURVE('',#4254,#4255,#4256,.T.);
#3695=EDGE_CURVE('',#4211,#4254,#4257,.T.);
#3696=EDGE_CURVE('',#4255,#4221,#4258,.T.);
#3697=EDGE_CURVE('',#4206,#4251,#4259,.T.);
#3698=EDGE_CURVE('',#4219,#4254,#4260,.T.);
#3699=EDGE_CURVE('',#4219,#4261,#4262,.T.);
#3700=EDGE_CURVE('',#4263,#4261,#4264,.T.);
#3701=EDGE_CURVE('',#4218,#4263,#4265,.T.);
#3702=EDGE_CURVE('',#4255,#4218,#4266,.T.);
#3703=EDGE_CURVE('',#4251,#4267,#4268,.T.);
#3704=EDGE_CURVE('',#4269,#4267,#4270,.T.);
#3705=EDGE_CURVE('',#4243,#4269,#4271,.T.);
#3706=EDGE_CURVE('',#4272,#4272,#4273,.T.);
#3707=EDGE_CURVE('',#4267,#4274,#4275,.T.);
#3708=EDGE_CURVE('',#4274,#4245,#4276,.T.);
#3709=EDGE_CURVE('',#4248,#4274,#4277,.T.);
#3710=EDGE_CURVE('',#4255,#4278,#4279,.T.);
#3711=EDGE_CURVE('',#4280,#4278,#4281,.T.);
#3712=EDGE_CURVE('',#4282,#4280,#4283,.T.);
#3713=EDGE_CURVE('',#4254,#4282,#4284,.T.);
#3714=EDGE_CURVE('',#4261,#4282,#4285,.T.);
#3715=EDGE_CURVE('',#4286,#4286,#4287,.T.);
#3716=EDGE_CURVE('',#4278,#4263,#4288,.T.);
#3717=EDGE_CURVE('',#4289,#4289,#4290,.T.);
#3718=EDGE_CURVE('',#4291,#4291,#4292,.T.);
#3719=EDGE_CURVE('',#4293,#4293,#4294,.T.);
#3720=EDGE_CURVE('',#4295,#4295,#4296,.T.);
#3721=EDGE_CURVE('',#4297,#4297,#4298,.F.);
#3722=EDGE_CURVE('',#4299,#4299,#4300,.F.);
#3723=EDGE_CURVE('',#4301,#4301,#4302,.T.);
#3724=EDGE_CURVE('',#4303,#4303,#4304,.T.);
#3725=VERTEX_POINT('',#4305);
#3726=VERTEX_POINT('',#4306);
#3727=CIRCLE('',#4307,0.5);
#3728=VERTEX_POINT('',#4311);
#3729=LINE('',#4312,#4313);
#3730=VERTEX_POINT('',#4315);
#3731=CIRCLE('',#4316,0.5);
#3732=LINE('',#4320,#4321);
#3733=VERTEX_POINT('',#4323);
#3734=LINE('',#4324,#4325);
#3735=VERTEX_POINT('',#4327);
#3736=CIRCLE('',#4328,0.5);
#3737=VERTEX_POINT('',#4332);
#3738=LINE('',#4333,#4334);
#3739=VERTEX_POINT('',#4336);
#3740=LINE('',#4337,#4338);
#3741=VERTEX_POINT('',#4340);
#3742=LINE('',#4341,#4342);
#3743=VERTEX_POINT('',#4344);
#3744=CIRCLE('',#4345,0.5);
#3745=VERTEX_POINT('',#4349);
#3746=LINE('',#4350,#4351);
#3747=VERTEX_POINT('',#4353);
#3748=CIRCLE('',#4354,0.5);
#3749=VERTEX_POINT('',#4358);
#3750=LINE('',#4359,#4360);
#3751=VERTEX_POINT('',#4362);
#3752=LINE('',#4363,#4364);
#3753=LINE('',#4366,#4367);
#3754=VERTEX_POINT('',#4369);
#3755=LINE('',#4370,#4371);
#3756=LINE('',#4373,#4374);
#3757=VERTEX_POINT('',#4376);
#3758=LINE('',#4377,#4378);
#3759=VERTEX_POINT('',#4380);
#3760=LINE('',#4381,#4382);
#3761=VERTEX_POINT('',#4384);
#3762=CIRCLE('',#4385,0.5);
#3763=VERTEX_POINT('',#4389);
#3764=LINE('',#4390,#4391);
#3765=VERTEX_POINT('',#4393);
#3766=CIRCLE('',#4394,0.5);
#3767=VERTEX_POINT('',#4398);
#3768=LINE('',#4399,#4400);
#3769=VERTEX_POINT('',#4402);
#3770=LINE('',#4403,#4404);
#3771=VERTEX_POINT('',#4406);
#3772=LINE('',#4407,#4408);
#3773=VERTEX_POINT('',#4410);
#3774=CIRCLE('',#4411,0.5);
#3775=LINE('',#4415,#4416);
#3776=LINE('',#4418,#4419);
#3777=LINE('',#4421,#4422);
#3778=LINE('',#4424,#4425);
#3779=LINE('',#4427,#4428);
#3780=LINE('',#4430,#4431);
#3781=LINE('',#4433,#4434);
#3782=LINE('',#4436,#4437);
#3783=LINE('',#4439,#4440);
#3784=LINE('',#4442,#4443);
#3785=VERTEX_POINT('',#4445);
#3786=VERTEX_POINT('',#4446);
#3787=CIRCLE('',#4447,0.5);
#3788=VERTEX_POINT('',#4451);
#3789=LINE('',#4452,#4453);
#3790=VERTEX_POINT('',#4455);
#3791=CIRCLE('',#4456,0.5);
#3792=LINE('',#4460,#4461);
#3793=VERTEX_POINT('',#4463);
#3794=LINE('',#4464,#4465);
#3795=VERTEX_POINT('',#4467);
#3796=LINE('',#4468,#4469);
#3797=LINE('',#4471,#4472);
#3798=VERTEX_POINT('',#4474);
#3799=LINE('',#4475,#4476);
#3800=VERTEX_POINT('',#4478);
#3801=LINE('',#4479,#4480);
#3802=LINE('',#4482,#4483);
#3803=VERTEX_POINT('',#4485);
#3804=LINE('',#4486,#4487);
#3805=VERTEX_POINT('',#4489);
#3806=LINE('',#4490,#4491);
#3807=LINE('',#4493,#4494);
#3808=VERTEX_POINT('',#4496);
#3809=CIRCLE('',#4497,0.5);
#3810=VERTEX_POINT('',#4501);
#3811=LINE('',#4502,#4503);
#3812=CIRCLE('',#4505,0.5);
#3813=VERTEX_POINT('',#4509);
#3814=LINE('',#4510,#4511);
#3815=VERTEX_POINT('',#4513);
#3816=LINE('',#4514,#4515);
#3817=LINE('',#4517,#4518);
#3818=VERTEX_POINT('',#4520);
#3819=CIRCLE('',#4521,0.5);
#3820=VERTEX_POINT('',#4525);
#3821=LINE('',#4526,#4527);
#3822=CIRCLE('',#4529,0.5);
#3823=VERTEX_POINT('',#4533);
#3824=LINE('',#4534,#4535);
#3825=VERTEX_POINT('',#4537);
#3826=LINE('',#4538,#4539);
#3827=LINE('',#4541,#4542);
#3828=VERTEX_POINT('',#4544);
#3829=LINE('',#4545,#4546);
#3830=VERTEX_POINT('',#4548);
#3831=LINE('',#4549,#4550);
#3832=LINE('',#4552,#4553);
#3833=VERTEX_POINT('',#4555);
#3834=LINE('',#4556,#4557);
#3835=VERTEX_POINT('',#4559);
#3836=LINE('',#4560,#4561);
#3837=LINE('',#4563,#4564);
#3838=VERTEX_POINT('',#4566);
#3839=CIRCLE('',#4567,0.5);
#3840=VERTEX_POINT('',#4571);
#3841=LINE('',#4572,#4573);
#3842=CIRCLE('',#4575,0.5);
#3843=LINE('',#4579,#4580);
#3844=LINE('',#4582,#4583);
#3845=VERTEX_POINT('',#4585);
#3846=VERTEX_POINT('',#4586);
#3847=CIRCLE('',#4587,0.5);
#3848=VERTEX_POINT('',#4591);
#3849=LINE('',#4592,#4593);
#3850=VERTEX_POINT('',#4595);
#3851=CIRCLE('',#4596,0.5);
#3852=LINE('',#4600,#4601);
#3853=VERTEX_POINT('',#4603);
#3854=LINE('',#4604,#4605);
#3855=VERTEX_POINT('',#4607);
#3856=LINE('',#4608,#4609);
#3857=LINE('',#4611,#4612);
#3858=VERTEX_POINT('',#4614);
#3859=LINE('',#4615,#4616);
#3860=VERTEX_POINT('',#4618);
#3861=LINE('',#4619,#4620);
#3862=LINE('',#4622,#4623);
#3863=VERTEX_POINT('',#4625);
#3864=LINE('',#4626,#4627);
#3865=VERTEX_POINT('',#4629);
#3866=LINE('',#4630,#4631);
#3867=LINE('',#4633,#4634);
#3868=VERTEX_POINT('',#4636);
#3869=CIRCLE('',#4637,0.5);
#3870=VERTEX_POINT('',#4641);
#3871=LINE('',#4642,#4643);
#3872=CIRCLE('',#4645,0.5);
#3873=VERTEX_POINT('',#4649);
#3874=LINE('',#4650,#4651);
#3875=VERTEX_POINT('',#4653);
#3876=LINE('',#4654,#4655);
#3877=LINE('',#4657,#4658);
#3878=VERTEX_POINT('',#4660);
#3879=CIRCLE('',#4661,0.5);
#3880=VERTEX_POINT('',#4665);
#3881=LINE('',#4666,#4667);
#3882=CIRCLE('',#4669,0.5);
#3883=VERTEX_POINT('',#4673);
#3884=LINE('',#4674,#4675);
#3885=VERTEX_POINT('',#4677);
#3886=LINE('',#4678,#4679);
#3887=LINE('',#4681,#4682);
#3888=VERTEX_POINT('',#4684);
#3889=LINE('',#4685,#4686);
#3890=VERTEX_POINT('',#4688);
#3891=LINE('',#4689,#4690);
#3892=LINE('',#4692,#4693);
#3893=VERTEX_POINT('',#4695);
#3894=LINE('',#4696,#4697);
#3895=VERTEX_POINT('',#4699);
#3896=LINE('',#4700,#4701);
#3897=LINE('',#4703,#4704);
#3898=VERTEX_POINT('',#4706);
#3899=CIRCLE('',#4707,0.5);
#3900=VERTEX_POINT('',#4711);
#3901=LINE('',#4712,#4713);
#3902=CIRCLE('',#4715,0.5);
#3903=LINE('',#4719,#4720);
#3904=LINE('',#4722,#4723);
#3905=VERTEX_POINT('',#4725);
#3906=VERTEX_POINT('',#4726);
#3907=CIRCLE('',#4727,0.5);
#3908=VERTEX_POINT('',#4731);
#3909=LINE('',#4732,#4733);
#3910=VERTEX_POINT('',#4735);
#3911=CIRCLE('',#4736,0.5);
#3912=LINE('',#4740,#4741);
#3913=VERTEX_POINT('',#4743);
#3914=LINE('',#4744,#4745);
#3915=VERTEX_POINT('',#4747);
#3916=LINE('',#4748,#4749);
#3917=VERTEX_POINT('',#4751);
#3918=LINE('',#4752,#4753);
#3919=VERTEX_POINT('',#4755);
#3920=CIRCLE('',#4756,0.5);
#3921=VERTEX_POINT('',#4760);
#3922=LINE('',#4761,#4762);
#3923=VERTEX_POINT('',#4764);
#3924=CIRCLE('',#4765,0.5);
#3925=VERTEX_POINT('',#4769);
#3926=LINE('',#4770,#4771);
#3927=VERTEX_POINT('',#4773);
#3928=LINE('',#4774,#4775);
#3929=VERTEX_POINT('',#4777);
#3930=LINE('',#4778,#4779);
#3931=VERTEX_POINT('',#4781);
#3932=CIRCLE('',#4782,0.5);
#3933=LINE('',#4786,#4787);
#3934=VERTEX_POINT('',#4789);
#3935=LINE('',#4790,#4791);
#3936=LINE('',#4793,#4794);
#3937=VERTEX_POINT('',#4796);
#3938=CIRCLE('',#4797,0.5);
#3939=VERTEX_POINT('',#4801);
#3940=LINE('',#4802,#4803);
#3941=VERTEX_POINT('',#4805);
#3942=LINE('',#4806,#4807);
#3943=VERTEX_POINT('',#4809);
#3944=LINE('',#4810,#4811);
#3945=VERTEX_POINT('',#4813);
#3946=CIRCLE('',#4814,0.5);
#3947=VERTEX_POINT('',#4818);
#3948=LINE('',#4819,#4820);
#3949=VERTEX_POINT('',#4822);
#3950=CIRCLE('',#4823,0.5);
#3951=VERTEX_POINT('',#4827);
#3952=LINE('',#4828,#4829);
#3953=VERTEX_POINT('',#4831);
#3954=LINE('',#4832,#4833);
#3955=LINE('',#4835,#4836);
#3956=LINE('',#4838,#4839);
#3957=LINE('',#4841,#4842);
#3958=LINE('',#4844,#4845);
#3959=LINE('',#4847,#4848);
#3960=LINE('',#4850,#4851);
#3961=LINE('',#4853,#4854);
#3962=LINE('',#4856,#4857);
#3963=LINE('',#4859,#4860);
#3964=LINE('',#4862,#4863);
#3965=VERTEX_POINT('',#4865);
#3966=VERTEX_POINT('',#4866);
#3967=CIRCLE('',#4867,0.5);
#3968=VERTEX_POINT('',#4871);
#3969=LINE('',#4872,#4873);
#3970=VERTEX_POINT('',#4875);
#3971=CIRCLE('',#4876,0.5);
#3972=LINE('',#4880,#4881);
#3973=VERTEX_POINT('',#4883);
#3974=LINE('',#4884,#4885);
#3975=VERTEX_POINT('',#4887);
#3976=LINE('',#4888,#4889);
#3977=LINE('',#4891,#4892);
#3978=VERTEX_POINT('',#4894);
#3979=LINE('',#4895,#4896);
#3980=VERTEX_POINT('',#4898);
#3981=LINE('',#4899,#4900);
#3982=LINE('',#4902,#4903);
#3983=VERTEX_POINT('',#4905);
#3984=LINE('',#4906,#4907);
#3985=VERTEX_POINT('',#4909);
#3986=LINE('',#4910,#4911);
#3987=LINE('',#4913,#4914);
#3988=VERTEX_POINT('',#4916);
#3989=CIRCLE('',#4917,0.5);
#3990=VERTEX_POINT('',#4921);
#3991=LINE('',#4922,#4923);
#3992=CIRCLE('',#4925,0.5);
#3993=VERTEX_POINT('',#4929);
#3994=LINE('',#4930,#4931);
#3995=VERTEX_POINT('',#4933);
#3996=LINE('',#4934,#4935);
#3997=LINE('',#4937,#4938);
#3998=VERTEX_POINT('',#4940);
#3999=CIRCLE('',#4941,0.5);
#4000=VERTEX_POINT('',#4945);
#4001=LINE('',#4946,#4947);
#4002=CIRCLE('',#4949,0.5);
#4003=VERTEX_POINT('',#4953);
#4004=LINE('',#4954,#4955);
#4005=VERTEX_POINT('',#4957);
#4006=LINE('',#4958,#4959);
#4007=LINE('',#4961,#4962);
#4008=VERTEX_POINT('',#4964);
#4009=LINE('',#4965,#4966);
#4010=VERTEX_POINT('',#4968);
#4011=LINE('',#4969,#4970);
#4012=LINE('',#4972,#4973);
#4013=VERTEX_POINT('',#4975);
#4014=LINE('',#4976,#4977);
#4015=VERTEX_POINT('',#4979);
#4016=LINE('',#4980,#4981);
#4017=LINE('',#4983,#4984);
#4018=VERTEX_POINT('',#4986);
#4019=CIRCLE('',#4987,0.5);
#4020=VERTEX_POINT('',#4991);
#4021=LINE('',#4992,#4993);
#4022=CIRCLE('',#4995,0.5);
#4023=LINE('',#4999,#5000);
#4024=LINE('',#5002,#5003);
#4025=VERTEX_POINT('',#5005);
#4026=VERTEX_POINT('',#5006);
#4027=CIRCLE('',#5007,0.5);
#4028=VERTEX_POINT('',#5011);
#4029=LINE('',#5012,#5013);
#4030=VERTEX_POINT('',#5015);
#4031=CIRCLE('',#5016,0.5);
#4032=LINE('',#5020,#5021);
#4033=VERTEX_POINT('',#5023);
#4034=LINE('',#5024,#5025);
#4035=VERTEX_POINT('',#5027);
#4036=LINE('',#5028,#5029);
#4037=VERTEX_POINT('',#5031);
#4038=LINE('',#5032,#5033);
#4039=VERTEX_POINT('',#5035);
#4040=CIRCLE('',#5036,0.5);
#4041=VERTEX_POINT('',#5040);
#4042=LINE('',#5041,#5042);
#4043=VERTEX_POINT('',#5044);
#4044=CIRCLE('',#5045,0.5);
#4045=VERTEX_POINT('',#5049);
#4046=LINE('',#5050,#5051);
#4047=VERTEX_POINT('',#5053);
#4048=LINE('',#5054,#5055);
#4049=VERTEX_POINT('',#5057);
#4050=LINE('',#5058,#5059);
#4051=VERTEX_POINT('',#5061);
#4052=CIRCLE('',#5062,0.5);
#4053=LINE('',#5066,#5067);
#4054=VERTEX_POINT('',#5069);
#4055=LINE('',#5070,#5071);
#4056=LINE('',#5073,#5074);
#4057=VERTEX_POINT('',#5076);
#4058=CIRCLE('',#5077,0.5);
#4059=VERTEX_POINT('',#5081);
#4060=LINE('',#5082,#5083);
#4061=VERTEX_POINT('',#5085);
#4062=LINE('',#5086,#5087);
#4063=VERTEX_POINT('',#5089);
#4064=LINE('',#5090,#5091);
#4065=VERTEX_POINT('',#5093);
#4066=CIRCLE('',#5094,0.5);
#4067=VERTEX_POINT('',#5098);
#4068=LINE('',#5099,#5100);
#4069=VERTEX_POINT('',#5102);
#4070=CIRCLE('',#5103,0.5);
#4071=VERTEX_POINT('',#5107);
#4072=LINE('',#5108,#5109);
#4073=VERTEX_POINT('',#5111);
#4074=LINE('',#5112,#5113);
#4075=LINE('',#5115,#5116);
#4076=LINE('',#5118,#5119);
#4077=LINE('',#5121,#5122);
#4078=LINE('',#5124,#5125);
#4079=LINE('',#5127,#5128);
#4080=LINE('',#5130,#5131);
#4081=LINE('',#5133,#5134);
#4082=LINE('',#5136,#5137);
#4083=LINE('',#5139,#5140);
#4084=LINE('',#5142,#5143);
#4085=VERTEX_POINT('',#5145);
#4086=VERTEX_POINT('',#5146);
#4087=LINE('',#5147,#5148);
#4088=VERTEX_POINT('',#5150);
#4089=LINE('',#5151,#5152);
#4090=VERTEX_POINT('',#5154);
#4091=LINE('',#5155,#5156);
#4092=LINE('',#5158,#5159);
#4093=VERTEX_POINT('',#5161);
#4094=VERTEX_POINT('',#5162);
#4095=LINE('',#5163,#5164);
#4096=VERTEX_POINT('',#5166);
#4097=LINE('',#5167,#5168);
#4098=VERTEX_POINT('',#5170);
#4099=LINE('',#5171,#5172);
#4100=LINE('',#5174,#5175);
#4101=VERTEX_POINT('',#5177);
#4102=VERTEX_POINT('',#5178);
#4103=LINE('',#5179,#5180);
#4104=VERTEX_POINT('',#5182);
#4105=LINE('',#5183,#5184);
#4106=VERTEX_POINT('',#5186);
#4107=LINE('',#5187,#5188);
#4108=LINE('',#5190,#5191);
#4109=VERTEX_POINT('',#5193);
#4110=VERTEX_POINT('',#5194);
#4111=LINE('',#5195,#5196);
#4112=VERTEX_POINT('',#5198);
#4113=LINE('',#5199,#5200);
#4114=VERTEX_POINT('',#5202);
#4115=LINE('',#5203,#5204);
#4116=LINE('',#5206,#5207);
#4117=VERTEX_POINT('',#5209);
#4118=LINE('',#5210,#5211);
#4119=VERTEX_POINT('',#5213);
#4120=CIRCLE('',#5214,0.5);
#4121=VERTEX_POINT('',#5218);
#4122=LINE('',#5219,#5220);
#4123=VERTEX_POINT('',#5222);
#4124=CIRCLE('',#5223,0.5);
#4125=VERTEX_POINT('',#5227);
#4126=LINE('',#5228,#5229);
#4127=VERTEX_POINT('',#5231);
#4128=LINE('',#5232,#5233);
#4129=VERTEX_POINT('',#5235);
#4130=LINE('',#5236,#5237);
#4131=VERTEX_POINT('',#5239);
#4132=CIRCLE('',#5240,0.5);
#4133=VERTEX_POINT('',#5244);
#4134=LINE('',#5245,#5246);
#4135=VERTEX_POINT('',#5248);
#4136=CIRCLE('',#5249,0.5);
#4137=LINE('',#5253,#5254);
#4138=VERTEX_POINT('',#5256);
#4139=LINE('',#5257,#5258);
#4140=VERTEX_POINT('',#5260);
#4141=CIRCLE('',#5261,0.5);
#4142=VERTEX_POINT('',#5265);
#4143=LINE('',#5266,#5267);
#4144=VERTEX_POINT('',#5269);
#4145=CIRCLE('',#5270,0.5);
#4146=VERTEX_POINT('',#5274);
#4147=LINE('',#5275,#5276);
#4148=VERTEX_POINT('',#5278);
#4149=LINE('',#5279,#5280);
#4150=VERTEX_POINT('',#5282);
#4151=LINE('',#5283,#5284);
#4152=VERTEX_POINT('',#5286);
#4153=CIRCLE('',#5287,0.5);
#4154=VERTEX_POINT('',#5291);
#4155=LINE('',#5292,#5293);
#4156=VERTEX_POINT('',#5295);
#4157=CIRCLE('',#5296,0.5);
#4158=LINE('',#5300,#5301);
#4159=LINE('',#5303,#5304);
#4160=LINE('',#5306,#5307);
#4161=VERTEX_POINT('',#5309);
#4162=LINE('',#5310,#5311);
#4163=VERTEX_POINT('',#5313);
#4164=CIRCLE('',#5314,0.5);
#4165=VERTEX_POINT('',#5318);
#4166=LINE('',#5319,#5320);
#4167=VERTEX_POINT('',#5322);
#4168=CIRCLE('',#5323,0.5);
#4169=VERTEX_POINT('',#5327);
#4170=LINE('',#5328,#5329);
#4171=VERTEX_POINT('',#5331);
#4172=LINE('',#5332,#5333);
#4173=VERTEX_POINT('',#5335);
#4174=LINE('',#5336,#5337);
#4175=VERTEX_POINT('',#5339);
#4176=CIRCLE('',#5340,0.5);
#4177=VERTEX_POINT('',#5344);
#4178=LINE('',#5345,#5346);
#4179=VERTEX_POINT('',#5348);
#4180=CIRCLE('',#5349,0.5);
#4181=LINE('',#5353,#5354);
#4182=VERTEX_POINT('',#5356);
#4183=LINE('',#5357,#5358);
#4184=VERTEX_POINT('',#5360);
#4185=CIRCLE('',#5361,0.5);
#4186=VERTEX_POINT('',#5365);
#4187=LINE('',#5366,#5367);
#4188=VERTEX_POINT('',#5369);
#4189=CIRCLE('',#5370,0.5);
#4190=VERTEX_POINT('',#5374);
#4191=LINE('',#5375,#5376);
#4192=VERTEX_POINT('',#5378);
#4193=LINE('',#5379,#5380);
#4194=VERTEX_POINT('',#5382);
#4195=LINE('',#5383,#5384);
#4196=VERTEX_POINT('',#5386);
#4197=CIRCLE('',#5387,0.5);
#4198=VERTEX_POINT('',#5391);
#4199=LINE('',#5392,#5393);
#4200=VERTEX_POINT('',#5395);
#4201=CIRCLE('',#5396,0.5);
#4202=LINE('',#5400,#5401);
#4203=LINE('',#5403,#5404);
#4204=LINE('',#5406,#5407);
#4205=VERTEX_POINT('',#5409);
#4206=VERTEX_POINT('',#5410);
#4207=B_SPLINE_CURVE_WITH_KNOTS('',3,
(#5411,#5412,#5413,#5414,#5415,#5416,#5417,#5418,#5419,#5420,#5421,#5422,#5423,#5424,
#5425,#5426,#5427,#5428),
.UNSPECIFIED.,.F.,.F.,
(4,1,1,1,1,1,1,1,1,1,1,1,1,1,1,4),
(0.,0.0805957737941009,0.151400169470638,0.215309958991611,0.281911860169377,0.35579333182961,
0.433560738887627,0.505494479014323,0.577411488531578,0.650971210234562,0.726306528640021,
0.804786960404674,0.874277448945426,0.937807891985561,0.976057916700215,1.),
.UNSPECIFIED.);
#4208=VERTEX_POINT('',#5429);
#4209=LINE('',#5430,#5431);
#4210=(BOUNDED_CURVE()B_SPLINE_CURVE(3,
(#5433,#5434,#5435,#5436),
.UNSPECIFIED.,.F.,.F.)B_SPLINE_CURVE_WITH_KNOTS((4,4),
(0.,1.),
.UNSPECIFIED.)CURVE()GEOMETRIC_REPRESENTATION_ITEM()RATIONAL_B_SPLINE_CURVE((1.,
0.804737854124365,0.804737854124365,1.))REPRESENTATION_ITEM(''));
#4211=VERTEX_POINT('',#5437);
#4212=(BOUNDED_CURVE()B_SPLINE_CURVE(3,
(#5438,#5439,#5440,#5441),
.UNSPECIFIED.,.F.,.F.)B_SPLINE_CURVE_WITH_KNOTS((4,4),
(0.,1.),
.UNSPECIFIED.)CURVE()GEOMETRIC_REPRESENTATION_ITEM()RATIONAL_B_SPLINE_CURVE((1.,
0.804737854124365,0.804737854124365,1.))REPRESENTATION_ITEM(''));
#4213=LINE('',#5442,#5443);
#4214=LINE('',#5445,#5446);
#4215=LINE('',#5448,#5449);
#4216=LINE('',#5451,#5452);
#4217=LINE('',#5454,#5455);
#4218=VERTEX_POINT('',#5457);
#4219=VERTEX_POINT('',#5458);
#4220=B_SPLINE_CURVE_WITH_KNOTS('',3,
(#5459,#5460,#5461,#5462,#5463,#5464,#5465,#5466,#5467,#5468,#5469,#5470,#5471,#5472,
#5473,#5474,#5475,#5476),
.UNSPECIFIED.,.F.,.F.,
(4,1,1,1,1,1,1,1,1,1,1,1,1,1,1,4),
(0.,0.0805957738204287,0.151400169519388,0.215309959052422,0.281911860254375,0.355793331925288,
0.433560738969908,0.505494479026221,0.577411488458949,0.650971210177199,0.726306528708142,
0.80478696023202,0.874277448789506,0.937807891999227,0.97605791700608,1.),
.UNSPECIFIED.);
#4221=VERTEX_POINT('',#5477);
#4222=LINE('',#5478,#5479);
#4223=(BOUNDED_CURVE()B_SPLINE_CURVE(3,
(#5481,#5482,#5483,#5484),
.UNSPECIFIED.,.F.,.F.)B_SPLINE_CURVE_WITH_KNOTS((4,4),
(0.,1.),
.UNSPECIFIED.)CURVE()GEOMETRIC_REPRESENTATION_ITEM()RATIONAL_B_SPLINE_CURVE((1.,
0.804737854124365,0.804737854124365,1.))REPRESENTATION_ITEM(''));
#4224=VERTEX_POINT('',#5485);
#4225=(BOUNDED_CURVE()B_SPLINE_CURVE(3,
(#5486,#5487,#5488,#5489),
.UNSPECIFIED.,.F.,.F.)B_SPLINE_CURVE_WITH_KNOTS((4,4),
(0.,1.),
.UNSPECIFIED.)CURVE()GEOMETRIC_REPRESENTATION_ITEM()RATIONAL_B_SPLINE_CURVE((1.,
0.804737854124365,0.804737854124365,1.))REPRESENTATION_ITEM(''));
#4226=LINE('',#5490,#5491);
#4227=LINE('',#5493,#5494);
#4228=LINE('',#5496,#5497);
#4229=LINE('',#5499,#5500);
#4230=LINE('',#5502,#5503);
#4231=LINE('',#5505,#5506);
#4232=LINE('',#5508,#5509);
#4233=LINE('',#5511,#5512);
#4234=LINE('',#5514,#5515);
#4235=LINE('',#5517,#5518);
#4236=LINE('',#5520,#5521);
#4237=LINE('',#5523,#5524);
#4238=LINE('',#5526,#5527);
#4239=LINE('',#5529,#5530);
#4240=LINE('',#5532,#5533);
#4241=LINE('',#5535,#5536);
#4242=LINE('',#5538,#5539);
#4243=VERTEX_POINT('',#5541);
#4244=CIRCLE('',#5542,0.5);
#4245=VERTEX_POINT('',#5546);
#4246=B_SPLINE_CURVE_WITH_KNOTS('',3,
(#5547,#5548,#5549,#5550,#5551,#5552,#5553,#5554,#5555,#5556,#5557,#5558,#5559),
.UNSPECIFIED.,.F.,.F.,
(4,1,1,1,1,1,1,1,1,1,4),
(0.,0.073291594642512,0.138164240672046,0.196946815625455,0.268644794072049,0.360653263531065,
0.491668241549517,0.637481585465385,0.804493796962393,0.920995995595159,1.),
.UNSPECIFIED.);
#4247=CIRCLE('',#5560,0.5);
#4248=VERTEX_POINT('',#5564);
#4249=CIRCLE('',#5565,1.7);
#4250=LINE('',#5569,#5570);
#4251=VERTEX_POINT('',#5572);
#4252=B_SPLINE_CURVE_WITH_KNOTS('',3,
(#5573,#5574,#5575,#5576,#5577,#5578,#5579,#5580,#5581,#5582,#5583,#5584,#5585,#5586,
#5587,#5588,#5589,#5590),
.UNSPECIFIED.,.F.,.F.,
(4,1,1,1,1,1,1,1,1,1,1,1,1,1,1,4),
(0.,0.129203109405756,0.230366214296426,0.29791131954355,0.350518335749119,0.393255219546413,
0.43258666314882,0.473749263449825,0.520338015081182,0.575682904736703,0.644656228202146,
0.724392461429514,0.808521930824616,0.894127531733048,0.957235891519694,1.),
.UNSPECIFIED.);
#4253=LINE('',#5591,#5592);
#4254=VERTEX_POINT('',#5594);
#4255=VERTEX_POINT('',#5595);
#4256=B_SPLINE_CURVE_WITH_KNOTS('',3,
(#5596,#5597,#5598,#5599,#5600,#5601,#5602,#5603,#5604,#5605,#5606,#5607,#5608,#5609,
#5610,#5611,#5612,#5613,#5614,#5615,#5616,#5617,#5618,#5619,#5620,#5621,#5622,#5623,
#5624,#5625,#5626,#5627,#5628,#5629,#5630,#5631,#5632,#5633,#5634,#5635,#5636,#5637,
#5638,#5639,#5640,#5641,#5642,#5643,#5644,#5645,#5646,#5647,#5648),
.UNSPECIFIED.,.F.,.F.,
(4,1,1,1,1,1,1,1,1,1,1,1,1,1,1,1,1,1,1,1,1,1,3,1,1,1,1,1,1,1,1,1,1,1,1,1,1,1,1,1,
1,1,1,1,1,1,1,1,4),
(0.,0.0845857296156388,0.126783946917636,0.170386940470858,0.233733721211882,0.297080501952905,
0.330525773812671,0.363971045672436,0.377785423732329,0.391599801792221,0.405414179852114,
0.419228557912007,0.4330429359719,0.440099401211968,0.447155866452036,0.454212331692105,
0.461268796932173,0.468325262172242,0.475811009608115,0.483296757043989,0.490782504479862,
0.498268251915736,0.499746659061354,0.505788101485891,0.511829543910427,0.517870986334964,
0.523912428759501,0.529953871184038,0.535995313608575,0.542036756033112,0.548078198457649,
0.556400945211222,0.564723691964795,0.573046438718368,0.581369185471942,0.589691932225515,
0.60716773761529,0.624643543005066,0.642119348394841,0.659595153784616,0.677070959174392,
0.71672864275424,0.756386326334087,0.796044009913935,0.867699232765581,0.885738076558767,
0.921815764147515,0.967566911529383,1.),
.UNSPECIFIED.);
#4257=LINE('',#5649,#5650);
#4258=LINE('',#5652,#5653);
#4259=CIRCLE('',#5655,1.7);
#4260=CIRCLE('',#5659,1.7);
#4261=VERTEX_POINT('',#5663);
#4262=CIRCLE('',#5664,0.5);
#4263=VERTEX_POINT('',#5668);
#4264=B_SPLINE_CURVE_WITH_KNOTS('',3,
(#5669,#5670,#5671,#5672,#5673,#5674,#5675,#5676,#5677,#5678,#5679,#5680,#5681),
.UNSPECIFIED.,.F.,.F.,
(4,1,1,1,1,1,1,1,1,1,4),
(0.,0.0732915946419459,0.138164240671156,0.196946815624441,0.268644794071059,0.360653263529962,
0.49166824154904,0.63748158546603,0.804493796965141,0.920995995597602,1.),
.UNSPECIFIED.);
#4265=CIRCLE('',#5682,0.5);
#4266=CIRCLE('',#5686,1.7);
#4267=VERTEX_POINT('',#5690);
#4268=CIRCLE('',#5691,0.5);
#4269=VERTEX_POINT('',#5695);
#4270=CIRCLE('',#5696,1.2);
#4271=CIRCLE('',#5700,1.2);
#4272=VERTEX_POINT('',#5704);
#4273=CIRCLE('',#5705,1.2);
#4274=VERTEX_POINT('',#5709);
#4275=B_SPLINE_CURVE_WITH_KNOTS('',3,
(#5710,#5711,#5712,#5713,#5714,#5715,#5716,#5717,#5718,#5719,#5720,#5721,#5722,#5723),
.UNSPECIFIED.,.F.,.F.,
(4,1,1,1,1,1,1,1,1,1,1,4),
(0.,0.112162633130341,0.20980361100504,0.296490582865819,0.384978497073055,0.475601403330257,
0.56453782259837,0.654779579791319,0.744500515228821,0.834092826733191,0.91876195166466,
1.),
.UNSPECIFIED.);
#4276=CIRCLE('',#5724,1.2);
#4277=CIRCLE('',#5728,0.5);
#4278=VERTEX_POINT('',#5732);
#4279=CIRCLE('',#5733,0.5);
#4280=VERTEX_POINT('',#5737);
#4281=B_SPLINE_CURVE_WITH_KNOTS('',3,
(#5738,#5739,#5740,#5741,#5742,#5743,#5744,#5745,#5746,#5747,#5748),
.UNSPECIFIED.,.F.,.F.,
(4,1,1,1,1,1,1,1,4),
(0.,0.207757907367119,0.387138400120822,0.533377168743991,0.664167374425437,0.770143768532289,
0.859787381517959,0.933284375796238,1.),
.UNSPECIFIED.);
#4282=VERTEX_POINT('',#5749);
#4283=B_SPLINE_CURVE_WITH_KNOTS('',3,
(#5750,#5751,#5752,#5753,#5754,#5755,#5756,#5757,#5758,#5759,#5760),
.UNSPECIFIED.,.F.,.F.,
(4,1,1,1,1,1,1,1,4),
(0.,0.208260375075065,0.38665382984015,0.525891036058285,0.644966004132081,0.738834285067738,
0.824583057283473,0.909956812596294,1.),
.UNSPECIFIED.);
#4284=CIRCLE('',#5761,0.5);
#4285=CIRCLE('',#5765,1.2);
#4286=VERTEX_POINT('',#5769);
#4287=CIRCLE('',#5770,1.2);
#4288=CIRCLE('',#5774,1.2);
#4289=VERTEX_POINT('',#5778);
#4290=CIRCLE('',#5779,1.565);
#4291=VERTEX_POINT('',#5783);
#4292=CIRCLE('',#5784,1.565);
#4293=VERTEX_POINT('',#5788);
#4294=CIRCLE('',#5789,1.14181524629968);
#4295=VERTEX_POINT('',#5793);
#4296=CIRCLE('',#5794,1.14181524629968);
#4297=VERTEX_POINT('',#5798);
#4298=CIRCLE('',#5799,0.45);
#4299=VERTEX_POINT('',#5803);
#4300=CIRCLE('',#5804,0.45);
#4301=VERTEX_POINT('',#5808);
#4302=CIRCLE('',#5809,0.45);
#4303=VERTEX_POINT('',#5813);
#4304=CIRCLE('',#5814,0.45);
#4305=CARTESIAN_POINT('',(7.17,-7.58939077088235,0.341287154900804));
#4306=CARTESIAN_POINT('',(7.17,-8.08939077088235,-0.158712845099196));
#4307=AXIS2_PLACEMENT_3D('',#4308,#4309,#4310);
#4308=CARTESIAN_POINT('',(7.17,-8.08939077088235,0.341287154900804));
#4309=DIRECTION('',(-1.,0.,0.));
#4310=DIRECTION('',(0.,1.,2.22044604925031E-16));
#4311=CARTESIAN_POINT('',(6.37,-8.08939077088235,-0.158712845099196));
#4312=CARTESIAN_POINT('',(7.17,-8.08939077088235,-0.158712845099196));
#4313=VECTOR('',#4314,1.);
#4314=DIRECTION('',(-1.,0.,0.));
#4315=CARTESIAN_POINT('',(6.37,-7.58939077088235,0.341287154900804));
#4316=AXIS2_PLACEMENT_3D('',#4317,#4318,#4319);
#4317=CARTESIAN_POINT('',(6.37,-8.08939077088235,0.341287154900804));
#4318=DIRECTION('',(-1.,0.,0.));
#4319=DIRECTION('',(0.,1.,2.22044604925031E-16));
#4320=CARTESIAN_POINT('',(7.17,-7.58939077088235,0.341287154900804));
#4321=VECTOR('',#4322,1.);
#4322=DIRECTION('',(-1.,0.,0.));
#4323=CARTESIAN_POINT('',(7.17,-7.58939077088235,0.862772231690545));
#4324=CARTESIAN_POINT('',(7.17,-7.58939077088235,0.862772231690545));
#4325=VECTOR('',#4326,1.);
#4326=DIRECTION('',(0.,0.,-1.));
#4327=CARTESIAN_POINT('',(7.17,-7.08939077088235,1.36277223169055));
#4328=AXIS2_PLACEMENT_3D('',#4329,#4330,#4331);
#4329=CARTESIAN_POINT('',(7.17,-7.08939077088235,0.862772231690545));
#4330=DIRECTION('',(1.,0.,0.));
#4331=DIRECTION('',(0.,0.,1.));
#4332=CARTESIAN_POINT('',(7.17,-6.53575311696753,1.36277223169055));
#4333=CARTESIAN_POINT('',(7.17,-6.53575311696753,1.36277223169055));
#4334=VECTOR('',#4335,1.);
#4335=DIRECTION('',(0.,-1.,0.));
#4336=CARTESIAN_POINT('',(7.17,-6.53575311696753,1.5236628716039));
#4337=CARTESIAN_POINT('',(7.17,-6.53575311696753,1.5236628716039));
#4338=VECTOR('',#4339,1.);
#4339=DIRECTION('',(0.,0.,-1.));
#4340=CARTESIAN_POINT('',(7.17,-7.18760994335012,1.5236628716039));
#4341=CARTESIAN_POINT('',(7.17,-7.18760994335012,1.5236628716039));
#4342=VECTOR('',#4343,1.);
#4343=DIRECTION('',(0.,1.,0.));
#4344=CARTESIAN_POINT('',(7.17,-7.68760994335012,1.0236628716039));
#4345=AXIS2_PLACEMENT_3D('',#4346,#4347,#4348);
#4346=CARTESIAN_POINT('',(7.17,-7.18760994335012,1.0236628716039));
#4347=DIRECTION('',(-1.,0.,0.));
#4348=DIRECTION('',(0.,-1.,-4.44089209850063E-16));
#4349=CARTESIAN_POINT('',(7.17,-7.68760994335012,0.49488301844816));
#4350=CARTESIAN_POINT('',(7.17,-7.68760994335012,0.49488301844816));
#4351=VECTOR('',#4352,1.);
#4352=DIRECTION('',(0.,0.,1.));
#4353=CARTESIAN_POINT('',(7.17,-8.18760994335012,-0.00511698155184032));
#4354=AXIS2_PLACEMENT_3D('',#4355,#4356,#4357);
#4355=CARTESIAN_POINT('',(7.17,-8.18760994335012,0.49488301844816));
#4356=DIRECTION('',(1.,0.,0.));
#4357=DIRECTION('',(0.,0.,-1.));
#4358=CARTESIAN_POINT('',(7.17,-8.5890132589946,-0.00511698155184028));
#4359=CARTESIAN_POINT('',(7.17,-8.5890132589946,-0.00511698155184028));
#4360=VECTOR('',#4361,1.);
#4361=DIRECTION('',(0.,1.,0.));
#4362=CARTESIAN_POINT('',(7.17,-8.58939077088235,-0.158712845099196));
#4363=CARTESIAN_POINT('',(7.17,-8.58939077088235,-0.158712845099196));
#4364=VECTOR('',#4365,1.);
#4365=DIRECTION('',(0.,0.00245781845149438,0.999996979559668));
#4366=CARTESIAN_POINT('',(7.17,-8.08939077088235,-0.158712845099196));
#4367=VECTOR('',#4368,1.);
#4368=DIRECTION('',(0.,-1.,-2.22044604925031E-16));
#4369=CARTESIAN_POINT('',(6.37,-8.58939077088235,-0.158712845099196));
#4370=CARTESIAN_POINT('',(7.17,-8.58939077088235,-0.158712845099196));
#4371=VECTOR('',#4372,1.);
#4372=DIRECTION('',(-1.,0.,0.));
#4373=CARTESIAN_POINT('',(6.37,-8.08939077088235,-0.158712845099196));
#4374=VECTOR('',#4375,1.);
#4375=DIRECTION('',(0.,-1.,-2.22044604925031E-16));
#4376=CARTESIAN_POINT('',(6.37,-8.5890132589946,-0.00511698155184028));
#4377=CARTESIAN_POINT('',(6.37,-8.58939077088235,-0.158712845099196));
#4378=VECTOR('',#4379,1.);
#4379=DIRECTION('',(0.,0.00245781845149438,0.999996979559668));
#4380=CARTESIAN_POINT('',(6.37,-8.18760994335012,-0.00511698155184032));
#4381=CARTESIAN_POINT('',(6.37,-8.5890132589946,-0.00511698155184028));
#4382=VECTOR('',#4383,1.);
#4383=DIRECTION('',(0.,1.,0.));
#4384=CARTESIAN_POINT('',(6.37,-7.68760994335012,0.49488301844816));
#4385=AXIS2_PLACEMENT_3D('',#4386,#4387,#4388);
#4386=CARTESIAN_POINT('',(6.37,-8.18760994335012,0.49488301844816));
#4387=DIRECTION('',(1.,0.,0.));
#4388=DIRECTION('',(0.,0.,-1.));
#4389=CARTESIAN_POINT('',(6.37,-7.68760994335012,1.0236628716039));
#4390=CARTESIAN_POINT('',(6.37,-7.68760994335012,0.49488301844816));
#4391=VECTOR('',#4392,1.);
#4392=DIRECTION('',(0.,0.,1.));
#4393=CARTESIAN_POINT('',(6.37,-7.18760994335012,1.5236628716039));
#4394=AXIS2_PLACEMENT_3D('',#4395,#4396,#4397);
#4395=CARTESIAN_POINT('',(6.37,-7.18760994335012,1.0236628716039));
#4396=DIRECTION('',(-1.,0.,0.));
#4397=DIRECTION('',(0.,-1.,-4.44089209850063E-16));
#4398=CARTESIAN_POINT('',(6.37,-6.53575311696753,1.5236628716039));
#4399=CARTESIAN_POINT('',(6.37,-7.18760994335012,1.5236628716039));
#4400=VECTOR('',#4401,1.);
#4401=DIRECTION('',(0.,1.,0.));
#4402=CARTESIAN_POINT('',(6.37,-6.53575311696753,1.36277223169055));
#4403=CARTESIAN_POINT('',(6.37,-6.53575311696753,1.5236628716039));
#4404=VECTOR('',#4405,1.);
#4405=DIRECTION('',(0.,0.,-1.));
#4406=CARTESIAN_POINT('',(6.37,-7.08939077088235,1.36277223169055));
#4407=CARTESIAN_POINT('',(6.37,-6.53575311696753,1.36277223169055));
#4408=VECTOR('',#4409,1.);
#4409=DIRECTION('',(0.,-1.,0.));
#4410=CARTESIAN_POINT('',(6.37,-7.58939077088235,0.862772231690545));
#4411=AXIS2_PLACEMENT_3D('',#4412,#4413,#4414);
#4412=CARTESIAN_POINT('',(6.37,-7.08939077088235,0.862772231690545));
#4413=DIRECTION('',(1.,0.,0.));
#4414=DIRECTION('',(0.,0.,1.));
#4415=CARTESIAN_POINT('',(6.37,-7.58939077088235,0.862772231690545));
#4416=VECTOR('',#4417,1.);
#4417=DIRECTION('',(0.,0.,-1.));
#4418=CARTESIAN_POINT('',(7.17,-7.58939077088235,0.862772231690545));
#4419=VECTOR('',#4420,1.);
#4420=DIRECTION('',(-1.,0.,0.));
#4421=CARTESIAN_POINT('',(7.17,-7.08939077088235,1.36277223169055));
#4422=VECTOR('',#4423,1.);
#4423=DIRECTION('',(-1.,0.,0.));
#4424=CARTESIAN_POINT('',(7.17,-6.53575311696753,1.36277223169055));
#4425=VECTOR('',#4426,1.);
#4426=DIRECTION('',(-1.,0.,0.));
#4427=CARTESIAN_POINT('',(7.17,-6.53575311696753,1.5236628716039));
#4428=VECTOR('',#4429,1.);
#4429=DIRECTION('',(-1.,0.,0.));
#4430=CARTESIAN_POINT('',(7.17,-7.18760994335012,1.5236628716039));
#4431=VECTOR('',#4432,1.);
#4432=DIRECTION('',(-1.,0.,0.));
#4433=CARTESIAN_POINT('',(7.17,-7.68760994335012,1.0236628716039));
#4434=VECTOR('',#4435,1.);
#4435=DIRECTION('',(-1.,0.,0.));
#4436=CARTESIAN_POINT('',(7.17,-7.68760994335012,0.49488301844816));
#4437=VECTOR('',#4438,1.);
#4438=DIRECTION('',(-1.,0.,0.));
#4439=CARTESIAN_POINT('',(7.17,-8.18760994335012,-0.0051169815518403));
#4440=VECTOR('',#4441,1.);
#4441=DIRECTION('',(-1.,0.,0.));
#4442=CARTESIAN_POINT('',(7.17,-8.5890132589946,-0.0051169815518403));
#4443=VECTOR('',#4444,1.);
#4444=DIRECTION('',(-1.,0.,0.));
#4445=CARTESIAN_POINT('',(7.17,0.656148059819439,0.498191514721682));
#4446=CARTESIAN_POINT('',(7.17,1.15614805981944,-0.00180848527831767));
#4447=AXIS2_PLACEMENT_3D('',#4448,#4449,#4450);
#4448=CARTESIAN_POINT('',(7.17,1.15614805981944,0.498191514721682));
#4449=DIRECTION('',(1.,0.,0.));
#4450=DIRECTION('',(0.,-1.,-1.11022302462516E-16));
#4451=CARTESIAN_POINT('',(6.37,1.15614805981944,-0.00180848527831767));
#4452=CARTESIAN_POINT('',(7.17,1.15614805981944,-0.00180848527831767));
#4453=VECTOR('',#4454,1.);
#4454=DIRECTION('',(-1.,0.,0.));
#4455=CARTESIAN_POINT('',(6.37,0.656148059819439,0.498191514721682));
#4456=AXIS2_PLACEMENT_3D('',#4457,#4458,#4459);
#4457=CARTESIAN_POINT('',(6.37,1.15614805981944,0.498191514721682));
#4458=DIRECTION('',(1.,0.,0.));
#4459=DIRECTION('',(0.,-1.,-1.11022302462516E-16));
#4460=CARTESIAN_POINT('',(7.17,0.656148059819439,0.498191514721682));
#4461=VECTOR('',#4462,1.);
#4462=DIRECTION('',(-1.,0.,0.));
#4463=CARTESIAN_POINT('',(7.17,1.55755137546391,-0.00180848527831767));
#4464=CARTESIAN_POINT('',(7.17,1.15614805981944,-0.00180848527831767));
#4465=VECTOR('',#4466,1.);
#4466=DIRECTION('',(0.,1.,0.));
#4467=CARTESIAN_POINT('',(6.37,1.55755137546391,-0.00180848527831767));
#4468=CARTESIAN_POINT('',(7.17,1.55755137546391,-0.00180848527831767));
#4469=VECTOR('',#4470,1.);
#4470=DIRECTION('',(-1.,0.,0.));
#4471=CARTESIAN_POINT('',(6.37,1.15614805981944,-0.00180848527831767));
#4472=VECTOR('',#4473,1.);
#4473=DIRECTION('',(0.,1.,0.));
#4474=CARTESIAN_POINT('',(7.17,1.55792888735167,-0.155404348825673));
#4475=CARTESIAN_POINT('',(7.17,1.55755137546391,-0.00180848527831767));
#4476=VECTOR('',#4477,1.);
#4477=DIRECTION('',(0.,0.00245781845149728,-0.999996979559668));
#4478=CARTESIAN_POINT('',(6.37,1.55792888735167,-0.155404348825673));
#4479=CARTESIAN_POINT('',(7.17,1.55792888735167,-0.155404348825673));
#4480=VECTOR('',#4481,1.);
#4481=DIRECTION('',(-1.,0.,0.));
#4482=CARTESIAN_POINT('',(6.37,1.55755137546391,-0.00180848527831767));
#4483=VECTOR('',#4484,1.);
#4484=DIRECTION('',(0.,0.00245781845149728,-0.999996979559668));
#4485=CARTESIAN_POINT('',(7.17,1.05792888735167,-0.155404348825673));
#4486=CARTESIAN_POINT('',(7.17,1.55792888735167,-0.155404348825673));
#4487=VECTOR('',#4488,1.);
#4488=DIRECTION('',(0.,-1.,0.));
#4489=CARTESIAN_POINT('',(6.37,1.05792888735167,-0.155404348825673));
#4490=CARTESIAN_POINT('',(7.17,1.05792888735167,-0.155404348825673));
#4491=VECTOR('',#4492,1.);
#4492=DIRECTION('',(-1.,0.,0.));
#4493=CARTESIAN_POINT('',(6.37,1.55792888735167,-0.155404348825673));
#4494=VECTOR('',#4495,1.);
#4495=DIRECTION('',(0.,-1.,0.));
#4496=CARTESIAN_POINT('',(7.17,0.557928887351666,0.344595651174327));
#4497=AXIS2_PLACEMENT_3D('',#4498,#4499,#4500);
#4498=CARTESIAN_POINT('',(7.17,1.05792888735167,0.344595651174327));
#4499=DIRECTION('',(-1.,0.,0.));
#4500=DIRECTION('',(0.,0.,-1.));
#4501=CARTESIAN_POINT('',(6.37,0.557928887351666,0.344595651174327));
#4502=CARTESIAN_POINT('',(7.17,0.557928887351666,0.344595651174327));
#4503=VECTOR('',#4504,1.);
#4504=DIRECTION('',(-1.,0.,0.));
#4505=AXIS2_PLACEMENT_3D('',#4506,#4507,#4508);
#4506=CARTESIAN_POINT('',(6.37,1.05792888735167,0.344595651174327));
#4507=DIRECTION('',(-1.,0.,0.));
#4508=DIRECTION('',(0.,0.,-1.));
#4509=CARTESIAN_POINT('',(7.17,0.557928887351666,0.866080727964068));
#4510=CARTESIAN_POINT('',(7.17,0.557928887351666,0.344595651174327));
#4511=VECTOR('',#4512,1.);
#4512=DIRECTION('',(0.,0.,1.));
#4513=CARTESIAN_POINT('',(6.37,0.557928887351666,0.866080727964068));
#4514=CARTESIAN_POINT('',(7.17,0.557928887351666,0.866080727964068));
#4515=VECTOR('',#4516,1.);
#4516=DIRECTION('',(-1.,0.,0.));
#4517=CARTESIAN_POINT('',(6.37,0.557928887351666,0.344595651174327));
#4518=VECTOR('',#4519,1.);
#4519=DIRECTION('',(0.,0.,1.));
#4520=CARTESIAN_POINT('',(7.17,0.0579288873516657,1.36608072796407));
#4521=AXIS2_PLACEMENT_3D('',#4522,#4523,#4524);
#4522=CARTESIAN_POINT('',(7.17,0.0579288873516657,0.866080727964068));
#4523=DIRECTION('',(1.,0.,0.));
#4524=DIRECTION('',(0.,1.,0.));
#4525=CARTESIAN_POINT('',(6.37,0.0579288873516657,1.36608072796407));
#4526=CARTESIAN_POINT('',(7.17,0.0579288873516656,1.36608072796407));
#4527=VECTOR('',#4528,1.);
#4528=DIRECTION('',(-1.,0.,0.));
#4529=AXIS2_PLACEMENT_3D('',#4530,#4531,#4532);
#4530=CARTESIAN_POINT('',(6.37,0.0579288873516657,0.866080727964068));
#4531=DIRECTION('',(1.,0.,0.));
#4532=DIRECTION('',(0.,1.,0.));
#4533=CARTESIAN_POINT('',(7.17,-0.495708766563149,1.36608072796407));
#4534=CARTESIAN_POINT('',(7.17,0.0579288873516657,1.36608072796407));
#4535=VECTOR('',#4536,1.);
#4536=DIRECTION('',(0.,-1.,0.));
#4537=CARTESIAN_POINT('',(6.37,-0.495708766563149,1.36608072796407));
#4538=CARTESIAN_POINT('',(7.17,-0.495708766563149,1.36608072796407));
#4539=VECTOR('',#4540,1.);
#4540=DIRECTION('',(-1.,0.,0.));
#4541=CARTESIAN_POINT('',(6.37,0.0579288873516657,1.36608072796407));
#4542=VECTOR('',#4543,1.);
#4543=DIRECTION('',(0.,-1.,0.));
#4544=CARTESIAN_POINT('',(7.17,-0.495708766563149,1.52697136787743));
#4545=CARTESIAN_POINT('',(7.17,-0.495708766563149,1.36608072796407));
#4546=VECTOR('',#4547,1.);
#4547=DIRECTION('',(0.,0.,1.));
#4548=CARTESIAN_POINT('',(6.37,-0.495708766563149,1.52697136787743));
#4549=CARTESIAN_POINT('',(7.17,-0.495708766563149,1.52697136787743));
#4550=VECTOR('',#4551,1.);
#4551=DIRECTION('',(-1.,0.,0.));
#4552=CARTESIAN_POINT('',(6.37,-0.495708766563149,1.36608072796407));
#4553=VECTOR('',#4554,1.);
#4554=DIRECTION('',(0.,0.,1.));
#4555=CARTESIAN_POINT('',(7.17,0.156148059819439,1.52697136787743));
#4556=CARTESIAN_POINT('',(7.17,-0.495708766563149,1.52697136787743));
#4557=VECTOR('',#4558,1.);
#4558=DIRECTION('',(0.,1.,0.));
#4559=CARTESIAN_POINT('',(6.37,0.156148059819439,1.52697136787743));
#4560=CARTESIAN_POINT('',(7.17,0.156148059819439,1.52697136787743));
#4561=VECTOR('',#4562,1.);
#4562=DIRECTION('',(-1.,0.,0.));
#4563=CARTESIAN_POINT('',(6.37,-0.495708766563149,1.52697136787743));
#4564=VECTOR('',#4565,1.);
#4565=DIRECTION('',(0.,1.,0.));
#4566=CARTESIAN_POINT('',(7.17,0.656148059819439,1.02697136787743));
#4567=AXIS2_PLACEMENT_3D('',#4568,#4569,#4570);
#4568=CARTESIAN_POINT('',(7.17,0.156148059819439,1.02697136787743));
#4569=DIRECTION('',(-1.,0.,0.));
#4570=DIRECTION('',(0.,-1.11022302462516E-16,1.));
#4571=CARTESIAN_POINT('',(6.37,0.656148059819439,1.02697136787743));
#4572=CARTESIAN_POINT('',(7.17,0.656148059819439,1.02697136787743));
#4573=VECTOR('',#4574,1.);
#4574=DIRECTION('',(-1.,0.,0.));
#4575=AXIS2_PLACEMENT_3D('',#4576,#4577,#4578);
#4576=CARTESIAN_POINT('',(6.37,0.156148059819439,1.02697136787743));
#4577=DIRECTION('',(-1.,0.,0.));
#4578=DIRECTION('',(0.,-1.11022302462516E-16,1.));
#4579=CARTESIAN_POINT('',(7.17,0.656148059819439,1.02697136787743));
#4580=VECTOR('',#4581,1.);
#4581=DIRECTION('',(0.,0.,-1.));
#4582=CARTESIAN_POINT('',(6.37,0.656148059819439,1.02697136787743));
#4583=VECTOR('',#4584,1.);
#4584=DIRECTION('',(0.,0.,-1.));
#4585=CARTESIAN_POINT('',(4.63,0.657957335503476,0.516746281526503));
#4586=CARTESIAN_POINT('',(4.63,1.15795733550348,0.0167462815265026));
#4587=AXIS2_PLACEMENT_3D('',#4588,#4589,#4590);
#4588=CARTESIAN_POINT('',(4.63,1.15795733550348,0.516746281526503));
#4589=DIRECTION('',(1.,0.,0.));
#4590=DIRECTION('',(0.,-1.,0.));
#4591=CARTESIAN_POINT('',(3.83,1.15795733550348,0.0167462815265026));
#4592=CARTESIAN_POINT('',(4.63,1.15795733550348,0.0167462815265026));
#4593=VECTOR('',#4594,1.);
#4594=DIRECTION('',(-1.,0.,0.));
#4595=CARTESIAN_POINT('',(3.83,0.657957335503476,0.516746281526503));
#4596=AXIS2_PLACEMENT_3D('',#4597,#4598,#4599);
#4597=CARTESIAN_POINT('',(3.83,1.15795733550348,0.516746281526503));
#4598=DIRECTION('',(1.,0.,0.));
#4599=DIRECTION('',(0.,-1.,0.));
#4600=CARTESIAN_POINT('',(4.63,0.657957335503476,0.516746281526503));
#4601=VECTOR('',#4602,1.);
#4602=DIRECTION('',(-1.,0.,0.));
#4603=CARTESIAN_POINT('',(4.63,1.55936065114795,0.0167462815265026));
#4604=CARTESIAN_POINT('',(4.63,1.15795733550348,0.0167462815265026));
#4605=VECTOR('',#4606,1.);
#4606=DIRECTION('',(0.,1.,0.));
#4607=CARTESIAN_POINT('',(3.83,1.55936065114795,0.0167462815265026));
#4608=CARTESIAN_POINT('',(4.63,1.55936065114795,0.0167462815265026));
#4609=VECTOR('',#4610,1.);
#4610=DIRECTION('',(-1.,0.,0.));
#4611=CARTESIAN_POINT('',(3.83,1.15795733550348,0.0167462815265026));
#4612=VECTOR('',#4613,1.);
#4613=DIRECTION('',(0.,1.,0.));
#4614=CARTESIAN_POINT('',(4.63,1.5597381630357,-0.136849582020853));
#4615=CARTESIAN_POINT('',(4.63,1.55936065114795,0.0167462815265026));
#4616=VECTOR('',#4617,1.);
#4617=DIRECTION('',(0.,0.00245781845149728,-0.999996979559668));
#4618=CARTESIAN_POINT('',(3.83,1.5597381630357,-0.136849582020853));
#4619=CARTESIAN_POINT('',(4.63,1.5597381630357,-0.136849582020853));
#4620=VECTOR('',#4621,1.);
#4621=DIRECTION('',(-1.,0.,0.));
#4622=CARTESIAN_POINT('',(3.83,1.55936065114795,0.0167462815265026));
#4623=VECTOR('',#4624,1.);
#4624=DIRECTION('',(0.,0.00245781845149728,-0.999996979559668));
#4625=CARTESIAN_POINT('',(4.63,1.0597381630357,-0.136849582020853));
#4626=CARTESIAN_POINT('',(4.63,1.5597381630357,-0.136849582020853));
#4627=VECTOR('',#4628,1.);
#4628=DIRECTION('',(0.,-1.,0.));
#4629=CARTESIAN_POINT('',(3.83,1.0597381630357,-0.136849582020853));
#4630=CARTESIAN_POINT('',(4.63,1.0597381630357,-0.136849582020853));
#4631=VECTOR('',#4632,1.);
#4632=DIRECTION('',(-1.,0.,0.));
#4633=CARTESIAN_POINT('',(3.83,1.5597381630357,-0.136849582020853));
#4634=VECTOR('',#4635,1.);
#4635=DIRECTION('',(0.,-1.,0.));
#4636=CARTESIAN_POINT('',(4.63,0.559738163035702,0.363150417979147));
#4637=AXIS2_PLACEMENT_3D('',#4638,#4639,#4640);
#4638=CARTESIAN_POINT('',(4.63,1.0597381630357,0.363150417979147));
#4639=DIRECTION('',(-1.,0.,0.));
#4640=DIRECTION('',(0.,0.,-1.));
#4641=CARTESIAN_POINT('',(3.83,0.559738163035702,0.363150417979147));
#4642=CARTESIAN_POINT('',(4.63,0.559738163035702,0.363150417979147));
#4643=VECTOR('',#4644,1.);
#4644=DIRECTION('',(-1.,0.,0.));
#4645=AXIS2_PLACEMENT_3D('',#4646,#4647,#4648);
#4646=CARTESIAN_POINT('',(3.83,1.0597381630357,0.363150417979147));
#4647=DIRECTION('',(-1.,0.,0.));
#4648=DIRECTION('',(0.,0.,-1.));
#4649=CARTESIAN_POINT('',(4.63,0.559738163035702,0.884635494768888));
#4650=CARTESIAN_POINT('',(4.63,0.559738163035702,0.363150417979147));
#4651=VECTOR('',#4652,1.);
#4652=DIRECTION('',(0.,0.,1.));
#4653=CARTESIAN_POINT('',(3.83,0.559738163035702,0.884635494768888));
#4654=CARTESIAN_POINT('',(4.63,0.559738163035702,0.884635494768888));
#4655=VECTOR('',#4656,1.);
#4656=DIRECTION('',(-1.,0.,0.));
#4657=CARTESIAN_POINT('',(3.83,0.559738163035702,0.363150417979147));
#4658=VECTOR('',#4659,1.);
#4659=DIRECTION('',(0.,0.,1.));
#4660=CARTESIAN_POINT('',(4.63,0.0597381630357022,1.38463549476889));
#4661=AXIS2_PLACEMENT_3D('',#4662,#4663,#4664);
#4662=CARTESIAN_POINT('',(4.63,0.0597381630357022,0.884635494768888));
#4663=DIRECTION('',(1.,0.,0.));
#4664=DIRECTION('',(0.,1.,0.));
#4665=CARTESIAN_POINT('',(3.83,0.0597381630357022,1.38463549476889));
#4666=CARTESIAN_POINT('',(4.63,0.0597381630357022,1.38463549476889));
#4667=VECTOR('',#4668,1.);
#4668=DIRECTION('',(-1.,0.,0.));
#4669=AXIS2_PLACEMENT_3D('',#4670,#4671,#4672);
#4670=CARTESIAN_POINT('',(3.83,0.0597381630357022,0.884635494768888));
#4671=DIRECTION('',(1.,0.,0.));
#4672=DIRECTION('',(0.,1.,0.));
#4673=CARTESIAN_POINT('',(4.63,-0.493899490879112,1.38463549476889));
#4674=CARTESIAN_POINT('',(4.63,0.0597381630357022,1.38463549476889));
#4675=VECTOR('',#4676,1.);
#4676=DIRECTION('',(0.,-1.,0.));
#4677=CARTESIAN_POINT('',(3.83,-0.493899490879112,1.38463549476889));
#4678=CARTESIAN_POINT('',(4.63,-0.493899490879112,1.38463549476889));
#4679=VECTOR('',#4680,1.);
#4680=DIRECTION('',(-1.,0.,0.));
#4681=CARTESIAN_POINT('',(3.83,0.0597381630357022,1.38463549476889));
#4682=VECTOR('',#4683,1.);
#4683=DIRECTION('',(0.,-1.,0.));
#4684=CARTESIAN_POINT('',(4.63,-0.493899490879112,1.54552613468225));
#4685=CARTESIAN_POINT('',(4.63,-0.493899490879112,1.38463549476889));
#4686=VECTOR('',#4687,1.);
#4687=DIRECTION('',(0.,0.,1.));
#4688=CARTESIAN_POINT('',(3.83,-0.493899490879112,1.54552613468225));
#4689=CARTESIAN_POINT('',(4.63,-0.493899490879112,1.54552613468225));
#4690=VECTOR('',#4691,1.);
#4691=DIRECTION('',(-1.,0.,0.));
#4692=CARTESIAN_POINT('',(3.83,-0.493899490879112,1.38463549476889));
#4693=VECTOR('',#4694,1.);
#4694=DIRECTION('',(0.,0.,1.));
#4695=CARTESIAN_POINT('',(4.63,0.157957335503476,1.54552613468225));
#4696=CARTESIAN_POINT('',(4.63,-0.493899490879112,1.54552613468225));
#4697=VECTOR('',#4698,1.);
#4698=DIRECTION('',(0.,1.,0.));
#4699=CARTESIAN_POINT('',(3.83,0.157957335503476,1.54552613468225));
#4700=CARTESIAN_POINT('',(4.63,0.157957335503476,1.54552613468225));
#4701=VECTOR('',#4702,1.);
#4702=DIRECTION('',(-1.,0.,0.));
#4703=CARTESIAN_POINT('',(3.83,-0.493899490879112,1.54552613468225));
#4704=VECTOR('',#4705,1.);
#4705=DIRECTION('',(0.,1.,0.));
#4706=CARTESIAN_POINT('',(4.63,0.657957335503476,1.04552613468225));
#4707=AXIS2_PLACEMENT_3D('',#4708,#4709,#4710);
#4708=CARTESIAN_POINT('',(4.63,0.157957335503476,1.04552613468225));
#4709=DIRECTION('',(-1.,0.,0.));
#4710=DIRECTION('',(0.,-1.11022302462516E-16,1.));
#4711=CARTESIAN_POINT('',(3.83,0.657957335503476,1.04552613468225));
#4712=CARTESIAN_POINT('',(4.63,0.657957335503476,1.04552613468225));
#4713=VECTOR('',#4714,1.);
#4714=DIRECTION('',(-1.,0.,0.));
#4715=AXIS2_PLACEMENT_3D('',#4716,#4717,#4718);
#4716=CARTESIAN_POINT('',(3.83,0.157957335503476,1.04552613468225));
#4717=DIRECTION('',(-1.,0.,0.));
#4718=DIRECTION('',(0.,-1.11022302462516E-16,1.));
#4719=CARTESIAN_POINT('',(4.63,0.657957335503476,1.04552613468225));
#4720=VECTOR('',#4721,1.);
#4721=DIRECTION('',(0.,0.,-1.));
#4722=CARTESIAN_POINT('',(3.83,0.657957335503476,1.04552613468225));
#4723=VECTOR('',#4724,1.);
#4724=DIRECTION('',(0.,0.,-1.));
#4725=CARTESIAN_POINT('',(4.63,-7.08758149519831,1.38132699849537));
#4726=CARTESIAN_POINT('',(4.63,-7.58758149519831,0.881326998495365));
#4727=AXIS2_PLACEMENT_3D('',#4728,#4729,#4730);
#4728=CARTESIAN_POINT('',(4.63,-7.08758149519831,0.881326998495365));
#4729=DIRECTION('',(1.,0.,0.));
#4730=DIRECTION('',(0.,0.,1.));
#4731=CARTESIAN_POINT('',(3.83,-7.58758149519831,0.881326998495365));
#4732=CARTESIAN_POINT('',(4.63,-7.58758149519831,0.881326998495365));
#4733=VECTOR('',#4734,1.);
#4734=DIRECTION('',(-1.,0.,0.));
#4735=CARTESIAN_POINT('',(3.83,-7.08758149519831,1.38132699849537));
#4736=AXIS2_PLACEMENT_3D('',#4737,#4738,#4739);
#4737=CARTESIAN_POINT('',(3.83,-7.08758149519831,0.881326998495365));
#4738=DIRECTION('',(1.,0.,0.));
#4739=DIRECTION('',(0.,0.,1.));
#4740=CARTESIAN_POINT('',(4.63,-7.08758149519831,1.38132699849537));
#4741=VECTOR('',#4742,1.);
#4742=DIRECTION('',(-1.,0.,0.));
#4743=CARTESIAN_POINT('',(4.63,-6.5339438412835,1.38132699849537));
#4744=CARTESIAN_POINT('',(4.63,-6.5339438412835,1.38132699849537));
#4745=VECTOR('',#4746,1.);
#4746=DIRECTION('',(0.,-1.,0.));
#4747=CARTESIAN_POINT('',(4.63,-6.5339438412835,1.54221763840872));
#4748=CARTESIAN_POINT('',(4.63,-6.5339438412835,1.54221763840872));
#4749=VECTOR('',#4750,1.);
#4750=DIRECTION('',(0.,0.,-1.));
#4751=CARTESIAN_POINT('',(4.63,-7.18580066766609,1.54221763840872));
#4752=CARTESIAN_POINT('',(4.63,-7.18580066766609,1.54221763840872));
#4753=VECTOR('',#4754,1.);
#4754=DIRECTION('',(0.,1.,0.));
#4755=CARTESIAN_POINT('',(4.63,-7.68580066766609,1.04221763840872));
#4756=AXIS2_PLACEMENT_3D('',#4757,#4758,#4759);
#4757=CARTESIAN_POINT('',(4.63,-7.18580066766609,1.04221763840872));
#4758=DIRECTION('',(-1.,0.,0.));
#4759=DIRECTION('',(0.,-1.,-4.44089209850063E-16));
#4760=CARTESIAN_POINT('',(4.63,-7.68580066766608,0.51343778525298));
#4761=CARTESIAN_POINT('',(4.63,-7.68580066766608,0.51343778525298));
#4762=VECTOR('',#4763,1.);
#4763=DIRECTION('',(0.,0.,1.));
#4764=CARTESIAN_POINT('',(4.63,-8.18580066766608,0.0134377852529799));
#4765=AXIS2_PLACEMENT_3D('',#4766,#4767,#4768);
#4766=CARTESIAN_POINT('',(4.63,-8.18580066766608,0.51343778525298));
#4767=DIRECTION('',(1.,0.,0.));
#4768=DIRECTION('',(0.,0.,-1.));
#4769=CARTESIAN_POINT('',(4.63,-8.58720398331056,0.01343778525298));
#4770=CARTESIAN_POINT('',(4.63,-8.58720398331056,0.01343778525298));
#4771=VECTOR('',#4772,1.);
#4772=DIRECTION('',(0.,1.,0.));
#4773=CARTESIAN_POINT('',(4.63,-8.58758149519831,-0.140158078294376));
#4774=CARTESIAN_POINT('',(4.63,-8.58758149519831,-0.140158078294376));
#4775=VECTOR('',#4776,1.);
#4776=DIRECTION('',(0.,0.00245781845149438,0.999996979559668));
#4777=CARTESIAN_POINT('',(4.63,-8.08758149519831,-0.140158078294375));
#4778=CARTESIAN_POINT('',(4.63,-8.08758149519831,-0.140158078294375));
#4779=VECTOR('',#4780,1.);
#4780=DIRECTION('',(0.,-1.,-2.22044604925031E-16));
#4781=CARTESIAN_POINT('',(4.63,-7.58758149519831,0.359841921705625));
#4782=AXIS2_PLACEMENT_3D('',#4783,#4784,#4785);
#4783=CARTESIAN_POINT('',(4.63,-8.08758149519831,0.359841921705625));
#4784=DIRECTION('',(-1.,0.,0.));
#4785=DIRECTION('',(0.,1.,2.22044604925031E-16));
#4786=CARTESIAN_POINT('',(4.63,-7.58758149519831,0.881326998495365));
#4787=VECTOR('',#4788,1.);
#4788=DIRECTION('',(0.,0.,-1.));
#4789=CARTESIAN_POINT('',(3.83,-7.58758149519831,0.359841921705625));
#4790=CARTESIAN_POINT('',(4.63,-7.58758149519831,0.359841921705625));
#4791=VECTOR('',#4792,1.);
#4792=DIRECTION('',(-1.,0.,0.));
#4793=CARTESIAN_POINT('',(3.83,-7.58758149519831,0.881326998495365));
#4794=VECTOR('',#4795,1.);
#4795=DIRECTION('',(0.,0.,-1.));
#4796=CARTESIAN_POINT('',(3.83,-8.08758149519831,-0.140158078294375));
#4797=AXIS2_PLACEMENT_3D('',#4798,#4799,#4800);
#4798=CARTESIAN_POINT('',(3.83,-8.08758149519831,0.359841921705625));
#4799=DIRECTION('',(-1.,0.,0.));
#4800=DIRECTION('',(0.,1.,2.22044604925031E-16));
#4801=CARTESIAN_POINT('',(3.83,-8.58758149519831,-0.140158078294376));
#4802=CARTESIAN_POINT('',(3.83,-8.08758149519831,-0.140158078294375));
#4803=VECTOR('',#4804,1.);
#4804=DIRECTION('',(0.,-1.,-2.22044604925031E-16));
#4805=CARTESIAN_POINT('',(3.83,-8.58720398331056,0.01343778525298));
#4806=CARTESIAN_POINT('',(3.83,-8.58758149519831,-0.140158078294376));
#4807=VECTOR('',#4808,1.);
#4808=DIRECTION('',(0.,0.00245781845149438,0.999996979559668));
#4809=CARTESIAN_POINT('',(3.83,-8.18580066766608,0.0134377852529799));
#4810=CARTESIAN_POINT('',(3.83,-8.58720398331056,0.01343778525298));
#4811=VECTOR('',#4812,1.);
#4812=DIRECTION('',(0.,1.,0.));
#4813=CARTESIAN_POINT('',(3.83,-7.68580066766608,0.51343778525298));
#4814=AXIS2_PLACEMENT_3D('',#4815,#4816,#4817);
#4815=CARTESIAN_POINT('',(3.83,-8.18580066766608,0.51343778525298));
#4816=DIRECTION('',(1.,0.,0.));
#4817=DIRECTION('',(0.,0.,-1.));
#4818=CARTESIAN_POINT('',(3.83,-7.68580066766609,1.04221763840872));
#4819=CARTESIAN_POINT('',(3.83,-7.68580066766608,0.51343778525298));
#4820=VECTOR('',#4821,1.);
#4821=DIRECTION('',(0.,0.,1.));
#4822=CARTESIAN_POINT('',(3.83,-7.18580066766609,1.54221763840872));
#4823=AXIS2_PLACEMENT_3D('',#4824,#4825,#4826);
#4824=CARTESIAN_POINT('',(3.83,-7.18580066766609,1.04221763840872));
#4825=DIRECTION('',(-1.,0.,0.));
#4826=DIRECTION('',(0.,-1.,-4.44089209850063E-16));
#4827=CARTESIAN_POINT('',(3.83,-6.5339438412835,1.54221763840872));
#4828=CARTESIAN_POINT('',(3.83,-7.18580066766609,1.54221763840872));
#4829=VECTOR('',#4830,1.);
#4830=DIRECTION('',(0.,1.,0.));
#4831=CARTESIAN_POINT('',(3.83,-6.5339438412835,1.38132699849537));
#4832=CARTESIAN_POINT('',(3.83,-6.5339438412835,1.54221763840872));
#4833=VECTOR('',#4834,1.);
#4834=DIRECTION('',(0.,0.,-1.));
#4835=CARTESIAN_POINT('',(3.83,-6.5339438412835,1.38132699849537));
#4836=VECTOR('',#4837,1.);
#4837=DIRECTION('',(0.,-1.,0.));
#4838=CARTESIAN_POINT('',(4.63,-6.5339438412835,1.38132699849537));
#4839=VECTOR('',#4840,1.);
#4840=DIRECTION('',(-1.,0.,0.));
#4841=CARTESIAN_POINT('',(4.63,-6.5339438412835,1.54221763840872));
#4842=VECTOR('',#4843,1.);
#4843=DIRECTION('',(-1.,0.,0.));
#4844=CARTESIAN_POINT('',(4.63,-7.18580066766609,1.54221763840872));
#4845=VECTOR('',#4846,1.);
#4846=DIRECTION('',(-1.,0.,0.));
#4847=CARTESIAN_POINT('',(4.63,-7.68580066766609,1.04221763840872));
#4848=VECTOR('',#4849,1.);
#4849=DIRECTION('',(-1.,0.,0.));
#4850=CARTESIAN_POINT('',(4.63,-7.68580066766608,0.51343778525298));
#4851=VECTOR('',#4852,1.);
#4852=DIRECTION('',(-1.,0.,0.));
#4853=CARTESIAN_POINT('',(4.63,-8.18580066766608,0.0134377852529799));
#4854=VECTOR('',#4855,1.);
#4855=DIRECTION('',(-1.,0.,0.));
#4856=CARTESIAN_POINT('',(4.63,-8.58720398331056,0.01343778525298));
#4857=VECTOR('',#4858,1.);
#4858=DIRECTION('',(-1.,0.,0.));
#4859=CARTESIAN_POINT('',(4.63,-8.58758149519831,-0.140158078294376));
#4860=VECTOR('',#4861,1.);
#4861=DIRECTION('',(-1.,0.,0.));
#4862=CARTESIAN_POINT('',(4.63,-8.08758149519831,-0.140158078294375));
#4863=VECTOR('',#4864,1.);
#4864=DIRECTION('',(-1.,0.,0.));
#4865=CARTESIAN_POINT('',(9.71,0.691410643929917,0.483591878593527));
#4866=CARTESIAN_POINT('',(9.71,1.19141064392992,-0.016408121406473));
#4867=AXIS2_PLACEMENT_3D('',#4868,#4869,#4870);
#4868=CARTESIAN_POINT('',(9.71,1.19141064392992,0.483591878593527));
#4869=DIRECTION('',(1.,0.,0.));
#4870=DIRECTION('',(0.,-1.,-1.11022302462516E-16));
#4871=CARTESIAN_POINT('',(8.91,1.19141064392992,-0.016408121406473));
#4872=CARTESIAN_POINT('',(9.71,1.19141064392992,-0.016408121406473));
#4873=VECTOR('',#4874,1.);
#4874=DIRECTION('',(-1.,0.,0.));
#4875=CARTESIAN_POINT('',(8.91,0.691410643929917,0.483591878593527));
#4876=AXIS2_PLACEMENT_3D('',#4877,#4878,#4879);
#4877=CARTESIAN_POINT('',(8.91,1.19141064392992,0.483591878593527));
#4878=DIRECTION('',(1.,0.,0.));
#4879=DIRECTION('',(0.,-1.,-1.11022302462516E-16));
#4880=CARTESIAN_POINT('',(9.71,0.691410643929917,0.483591878593527));
#4881=VECTOR('',#4882,1.);
#4882=DIRECTION('',(-1.,0.,0.));
#4883=CARTESIAN_POINT('',(9.71,1.59281395957439,-0.016408121406473));
#4884=CARTESIAN_POINT('',(9.71,1.19141064392992,-0.016408121406473));
#4885=VECTOR('',#4886,1.);
#4886=DIRECTION('',(0.,1.,0.));
#4887=CARTESIAN_POINT('',(8.91,1.59281395957439,-0.016408121406473));
#4888=CARTESIAN_POINT('',(9.71,1.59281395957439,-0.016408121406473));
#4889=VECTOR('',#4890,1.);
#4890=DIRECTION('',(-1.,0.,0.));
#4891=CARTESIAN_POINT('',(8.91,1.19141064392992,-0.016408121406473));
#4892=VECTOR('',#4893,1.);
#4893=DIRECTION('',(0.,1.,0.));
#4894=CARTESIAN_POINT('',(9.71,1.59319147146214,-0.170003984953828));
#4895=CARTESIAN_POINT('',(9.71,1.59281395957439,-0.016408121406473));
#4896=VECTOR('',#4897,1.);
#4897=DIRECTION('',(0.,0.00245781845149439,-0.999996979559668));
#4898=CARTESIAN_POINT('',(8.91,1.59319147146214,-0.170003984953828));
#4899=CARTESIAN_POINT('',(9.71,1.59319147146214,-0.170003984953828));
#4900=VECTOR('',#4901,1.);
#4901=DIRECTION('',(-1.,0.,0.));
#4902=CARTESIAN_POINT('',(8.91,1.59281395957439,-0.016408121406473));
#4903=VECTOR('',#4904,1.);
#4904=DIRECTION('',(0.,0.00245781845149439,-0.999996979559668));
#4905=CARTESIAN_POINT('',(9.71,1.09319147146214,-0.170003984953828));
#4906=CARTESIAN_POINT('',(9.71,1.59319147146214,-0.170003984953828));
#4907=VECTOR('',#4908,1.);
#4908=DIRECTION('',(0.,-1.,0.));
#4909=CARTESIAN_POINT('',(8.91,1.09319147146214,-0.170003984953828));
#4910=CARTESIAN_POINT('',(9.71,1.09319147146214,-0.170003984953828));
#4911=VECTOR('',#4912,1.);
#4912=DIRECTION('',(-1.,0.,0.));
#4913=CARTESIAN_POINT('',(8.91,1.59319147146214,-0.170003984953828));
#4914=VECTOR('',#4915,1.);
#4915=DIRECTION('',(0.,-1.,0.));
#4916=CARTESIAN_POINT('',(9.71,0.593191471462144,0.329996015046172));
#4917=AXIS2_PLACEMENT_3D('',#4918,#4919,#4920);
#4918=CARTESIAN_POINT('',(9.71,1.09319147146214,0.329996015046172));
#4919=DIRECTION('',(-1.,0.,0.));
#4920=DIRECTION('',(0.,0.,-1.));
#4921=CARTESIAN_POINT('',(8.91,0.593191471462144,0.329996015046172));
#4922=CARTESIAN_POINT('',(9.71,0.593191471462144,0.329996015046172));
#4923=VECTOR('',#4924,1.);
#4924=DIRECTION('',(-1.,0.,0.));
#4925=AXIS2_PLACEMENT_3D('',#4926,#4927,#4928);
#4926=CARTESIAN_POINT('',(8.91,1.09319147146214,0.329996015046172));
#4927=DIRECTION('',(-1.,0.,0.));
#4928=DIRECTION('',(0.,0.,-1.));
#4929=CARTESIAN_POINT('',(9.71,0.593191471462144,0.851481091835912));
#4930=CARTESIAN_POINT('',(9.71,0.593191471462144,0.329996015046172));
#4931=VECTOR('',#4932,1.);
#4932=DIRECTION('',(0.,0.,1.));
#4933=CARTESIAN_POINT('',(8.91,0.593191471462144,0.851481091835912));
#4934=CARTESIAN_POINT('',(9.71,0.593191471462144,0.851481091835912));
#4935=VECTOR('',#4936,1.);
#4936=DIRECTION('',(-1.,0.,0.));
#4937=CARTESIAN_POINT('',(8.91,0.593191471462144,0.329996015046172));
#4938=VECTOR('',#4939,1.);
#4939=DIRECTION('',(0.,0.,1.));
#4940=CARTESIAN_POINT('',(9.71,0.0931914714621436,1.35148109183591));
#4941=AXIS2_PLACEMENT_3D('',#4942,#4943,#4944);
#4942=CARTESIAN_POINT('',(9.71,0.0931914714621436,0.851481091835912));
#4943=DIRECTION('',(1.,0.,0.));
#4944=DIRECTION('',(0.,1.,0.));
#4945=CARTESIAN_POINT('',(8.91,0.0931914714621436,1.35148109183591));
#4946=CARTESIAN_POINT('',(9.71,0.0931914714621435,1.35148109183591));
#4947=VECTOR('',#4948,1.);
#4948=DIRECTION('',(-1.,0.,0.));
#4949=AXIS2_PLACEMENT_3D('',#4950,#4951,#4952);
#4950=CARTESIAN_POINT('',(8.91,0.0931914714621436,0.851481091835912));
#4951=DIRECTION('',(1.,0.,0.));
#4952=DIRECTION('',(0.,1.,0.));
#4953=CARTESIAN_POINT('',(9.71,-0.460446182452671,1.35148109183591));
#4954=CARTESIAN_POINT('',(9.71,0.0931914714621436,1.35148109183591));
#4955=VECTOR('',#4956,1.);
#4956=DIRECTION('',(0.,-1.,0.));
#4957=CARTESIAN_POINT('',(8.91,-0.460446182452671,1.35148109183591));
#4958=CARTESIAN_POINT('',(9.71,-0.460446182452671,1.35148109183591));
#4959=VECTOR('',#4960,1.);
#4960=DIRECTION('',(-1.,0.,0.));
#4961=CARTESIAN_POINT('',(8.91,0.0931914714621436,1.35148109183591));
#4962=VECTOR('',#4963,1.);
#4963=DIRECTION('',(0.,-1.,0.));
#4964=CARTESIAN_POINT('',(9.71,-0.460446182452671,1.51237173174927));
#4965=CARTESIAN_POINT('',(9.71,-0.460446182452671,1.35148109183591));
#4966=VECTOR('',#4967,1.);
#4967=DIRECTION('',(0.,0.,1.));
#4968=CARTESIAN_POINT('',(8.91,-0.460446182452671,1.51237173174927));
#4969=CARTESIAN_POINT('',(9.71,-0.460446182452671,1.51237173174927));
#4970=VECTOR('',#4971,1.);
#4971=DIRECTION('',(-1.,0.,0.));
#4972=CARTESIAN_POINT('',(8.91,-0.460446182452671,1.35148109183591));
#4973=VECTOR('',#4974,1.);
#4974=DIRECTION('',(0.,0.,1.));
#4975=CARTESIAN_POINT('',(9.71,0.191410643929917,1.51237173174927));
#4976=CARTESIAN_POINT('',(9.71,-0.460446182452671,1.51237173174927));
#4977=VECTOR('',#4978,1.);
#4978=DIRECTION('',(0.,1.,0.));
#4979=CARTESIAN_POINT('',(8.91,0.191410643929917,1.51237173174927));
#4980=CARTESIAN_POINT('',(9.71,0.191410643929917,1.51237173174927));
#4981=VECTOR('',#4982,1.);
#4982=DIRECTION('',(-1.,0.,0.));
#4983=CARTESIAN_POINT('',(8.91,-0.460446182452671,1.51237173174927));
#4984=VECTOR('',#4985,1.);
#4985=DIRECTION('',(0.,1.,0.));
#4986=CARTESIAN_POINT('',(9.71,0.691410643929917,1.01237173174927));
#4987=AXIS2_PLACEMENT_3D('',#4988,#4989,#4990);
#4988=CARTESIAN_POINT('',(9.71,0.191410643929917,1.01237173174927));
#4989=DIRECTION('',(-1.,0.,0.));
#4990=DIRECTION('',(0.,-1.11022302462516E-16,1.));
#4991=CARTESIAN_POINT('',(8.91,0.691410643929917,1.01237173174927));
#4992=CARTESIAN_POINT('',(9.71,0.691410643929917,1.01237173174927));
#4993=VECTOR('',#4994,1.);
#4994=DIRECTION('',(-1.,0.,0.));
#4995=AXIS2_PLACEMENT_3D('',#4996,#4997,#4998);
#4996=CARTESIAN_POINT('',(8.91,0.191410643929917,1.01237173174927));
#4997=DIRECTION('',(-1.,0.,0.));
#4998=DIRECTION('',(0.,-1.11022302462516E-16,1.));
#4999=CARTESIAN_POINT('',(9.71,0.691410643929917,1.01237173174927));
#5000=VECTOR('',#5001,1.);
#5001=DIRECTION('',(0.,0.,-1.));
#5002=CARTESIAN_POINT('',(8.91,0.691410643929917,1.01237173174927));
#5003=VECTOR('',#5004,1.);
#5004=DIRECTION('',(0.,0.,-1.));
#5005=CARTESIAN_POINT('',(9.71,-7.05412818677187,1.34817259556239));
#5006=CARTESIAN_POINT('',(9.71,-7.55412818677187,0.84817259556239));
#5007=AXIS2_PLACEMENT_3D('',#5008,#5009,#5010);
#5008=CARTESIAN_POINT('',(9.71,-7.05412818677187,0.84817259556239));
#5009=DIRECTION('',(1.,0.,0.));
#5010=DIRECTION('',(0.,0.,1.));
#5011=CARTESIAN_POINT('',(8.91,-7.55412818677187,0.84817259556239));
#5012=CARTESIAN_POINT('',(9.71,-7.55412818677187,0.84817259556239));
#5013=VECTOR('',#5014,1.);
#5014=DIRECTION('',(-1.,0.,0.));
#5015=CARTESIAN_POINT('',(8.91,-7.05412818677187,1.34817259556239));
#5016=AXIS2_PLACEMENT_3D('',#5017,#5018,#5019);
#5017=CARTESIAN_POINT('',(8.91,-7.05412818677187,0.84817259556239));
#5018=DIRECTION('',(1.,0.,0.));
#5019=DIRECTION('',(0.,0.,1.));
#5020=CARTESIAN_POINT('',(9.71,-7.05412818677187,1.34817259556239));
#5021=VECTOR('',#5022,1.);
#5022=DIRECTION('',(-1.,0.,0.));
#5023=CARTESIAN_POINT('',(9.71,-6.50049053285706,1.34817259556239));
#5024=CARTESIAN_POINT('',(9.71,-6.50049053285706,1.34817259556239));
#5025=VECTOR('',#5026,1.);
#5026=DIRECTION('',(0.,-1.,0.));
#5027=CARTESIAN_POINT('',(9.71,-6.50049053285706,1.50906323547575));
#5028=CARTESIAN_POINT('',(9.71,-6.50049053285706,1.50906323547575));
#5029=VECTOR('',#5030,1.);
#5030=DIRECTION('',(0.,0.,-1.));
#5031=CARTESIAN_POINT('',(9.71,-7.15234735923964,1.50906323547575));
#5032=CARTESIAN_POINT('',(9.71,-7.15234735923964,1.50906323547575));
#5033=VECTOR('',#5034,1.);
#5034=DIRECTION('',(0.,1.,0.));
#5035=CARTESIAN_POINT('',(9.71,-7.65234735923964,1.00906323547575));
#5036=AXIS2_PLACEMENT_3D('',#5037,#5038,#5039);
#5037=CARTESIAN_POINT('',(9.71,-7.15234735923964,1.00906323547575));
#5038=DIRECTION('',(-1.,0.,0.));
#5039=DIRECTION('',(0.,-1.,-4.44089209850063E-16));
#5040=CARTESIAN_POINT('',(9.71,-7.65234735923964,0.480283382320005));
#5041=CARTESIAN_POINT('',(9.71,-7.65234735923964,0.480283382320005));
#5042=VECTOR('',#5043,1.);
#5043=DIRECTION('',(0.,0.,1.));
#5044=CARTESIAN_POINT('',(9.71,-8.15234735923964,-0.0197166176799956));
#5045=AXIS2_PLACEMENT_3D('',#5046,#5047,#5048);
#5046=CARTESIAN_POINT('',(9.71,-8.15234735923964,0.480283382320005));
#5047=DIRECTION('',(1.,0.,0.));
#5048=DIRECTION('',(0.,0.,-1.));
#5049=CARTESIAN_POINT('',(9.71,-8.55375067488412,-0.0197166176799956));
#5050=CARTESIAN_POINT('',(9.71,-8.55375067488412,-0.0197166176799956));
#5051=VECTOR('',#5052,1.);
#5052=DIRECTION('',(0.,1.,0.));
#5053=CARTESIAN_POINT('',(9.71,-8.55412818677187,-0.173312481227351));
#5054=CARTESIAN_POINT('',(9.71,-8.55412818677187,-0.173312481227351));
#5055=VECTOR('',#5056,1.);
#5056=DIRECTION('',(0.,0.00245781845149438,0.999996979559668));
#5057=CARTESIAN_POINT('',(9.71,-8.05412818677187,-0.173312481227351));
#5058=CARTESIAN_POINT('',(9.71,-8.05412818677187,-0.173312481227351));
#5059=VECTOR('',#5060,1.);
#5060=DIRECTION('',(0.,-1.,-2.22044604925031E-16));
#5061=CARTESIAN_POINT('',(9.71,-7.55412818677187,0.326687518772649));
#5062=AXIS2_PLACEMENT_3D('',#5063,#5064,#5065);
#5063=CARTESIAN_POINT('',(9.71,-8.05412818677187,0.326687518772649));
#5064=DIRECTION('',(-1.,0.,0.));
#5065=DIRECTION('',(0.,1.,2.22044604925031E-16));
#5066=CARTESIAN_POINT('',(9.71,-7.55412818677187,0.84817259556239));
#5067=VECTOR('',#5068,1.);
#5068=DIRECTION('',(0.,0.,-1.));
#5069=CARTESIAN_POINT('',(8.91,-7.55412818677187,0.326687518772649));
#5070=CARTESIAN_POINT('',(9.71,-7.55412818677187,0.326687518772649));
#5071=VECTOR('',#5072,1.);
#5072=DIRECTION('',(-1.,0.,0.));
#5073=CARTESIAN_POINT('',(8.91,-7.55412818677187,0.84817259556239));
#5074=VECTOR('',#5075,1.);
#5075=DIRECTION('',(0.,0.,-1.));
#5076=CARTESIAN_POINT('',(8.91,-8.05412818677187,-0.173312481227351));
#5077=AXIS2_PLACEMENT_3D('',#5078,#5079,#5080);
#5078=CARTESIAN_POINT('',(8.91,-8.05412818677187,0.326687518772649));
#5079=DIRECTION('',(-1.,0.,0.));
#5080=DIRECTION('',(0.,1.,2.22044604925031E-16));
#5081=CARTESIAN_POINT('',(8.91,-8.55412818677187,-0.173312481227351));
#5082=CARTESIAN_POINT('',(8.91,-8.05412818677187,-0.173312481227351));
#5083=VECTOR('',#5084,1.);
#5084=DIRECTION('',(0.,-1.,-2.22044604925031E-16));
#5085=CARTESIAN_POINT('',(8.91,-8.55375067488412,-0.0197166176799956));
#5086=CARTESIAN_POINT('',(8.91,-8.55412818677187,-0.173312481227351));
#5087=VECTOR('',#5088,1.);
#5088=DIRECTION('',(0.,0.00245781845149438,0.999996979559668));
#5089=CARTESIAN_POINT('',(8.91,-8.15234735923964,-0.0197166176799956));
#5090=CARTESIAN_POINT('',(8.91,-8.55375067488412,-0.0197166176799956));
#5091=VECTOR('',#5092,1.);
#5092=DIRECTION('',(0.,1.,0.));
#5093=CARTESIAN_POINT('',(8.91,-7.65234735923964,0.480283382320005));
#5094=AXIS2_PLACEMENT_3D('',#5095,#5096,#5097);
#5095=CARTESIAN_POINT('',(8.91,-8.15234735923964,0.480283382320005));
#5096=DIRECTION('',(1.,0.,0.));
#5097=DIRECTION('',(0.,0.,-1.));
#5098=CARTESIAN_POINT('',(8.91,-7.65234735923964,1.00906323547575));
#5099=CARTESIAN_POINT('',(8.91,-7.65234735923964,0.480283382320005));
#5100=VECTOR('',#5101,1.);
#5101=DIRECTION('',(0.,0.,1.));
#5102=CARTESIAN_POINT('',(8.91,-7.15234735923964,1.50906323547575));
#5103=AXIS2_PLACEMENT_3D('',#5104,#5105,#5106);
#5104=CARTESIAN_POINT('',(8.91,-7.15234735923964,1.00906323547575));
#5105=DIRECTION('',(-1.,0.,0.));
#5106=DIRECTION('',(0.,-1.,-4.44089209850063E-16));
#5107=CARTESIAN_POINT('',(8.91,-6.50049053285706,1.50906323547575));
#5108=CARTESIAN_POINT('',(8.91,-7.15234735923964,1.50906323547575));
#5109=VECTOR('',#5110,1.);
#5110=DIRECTION('',(0.,1.,0.));
#5111=CARTESIAN_POINT('',(8.91,-6.50049053285706,1.34817259556239));
#5112=CARTESIAN_POINT('',(8.91,-6.50049053285706,1.50906323547575));
#5113=VECTOR('',#5114,1.);
#5114=DIRECTION('',(0.,0.,-1.));
#5115=CARTESIAN_POINT('',(8.91,-6.50049053285706,1.34817259556239));
#5116=VECTOR('',#5117,1.);
#5117=DIRECTION('',(0.,-1.,0.));
#5118=CARTESIAN_POINT('',(9.71,-6.50049053285706,1.34817259556239));
#5119=VECTOR('',#5120,1.);
#5120=DIRECTION('',(-1.,0.,0.));
#5121=CARTESIAN_POINT('',(9.71,-6.50049053285706,1.50906323547575));
#5122=VECTOR('',#5123,1.);
#5123=DIRECTION('',(-1.,0.,0.));
#5124=CARTESIAN_POINT('',(9.71,-7.15234735923964,1.50906323547575));
#5125=VECTOR('',#5126,1.);
#5126=DIRECTION('',(-1.,0.,0.));
#5127=CARTESIAN_POINT('',(9.71,-7.65234735923964,1.00906323547575));
#5128=VECTOR('',#5129,1.);
#5129=DIRECTION('',(-1.,0.,0.));
#5130=CARTESIAN_POINT('',(9.71,-7.65234735923964,0.480283382320005));
#5131=VECTOR('',#5132,1.);
#5132=DIRECTION('',(-1.,0.,0.));
#5133=CARTESIAN_POINT('',(9.71,-8.15234735923964,-0.0197166176799956));
#5134=VECTOR('',#5135,1.);
#5135=DIRECTION('',(-1.,0.,0.));
#5136=CARTESIAN_POINT('',(9.71,-8.55375067488412,-0.0197166176799956));
#5137=VECTOR('',#5138,1.);
#5138=DIRECTION('',(-1.,0.,0.));
#5139=CARTESIAN_POINT('',(9.71,-8.55412818677187,-0.173312481227351));
#5140=VECTOR('',#5141,1.);
#5141=DIRECTION('',(-1.,0.,0.));
#5142=CARTESIAN_POINT('',(9.71,-8.05412818677187,-0.173312481227351));
#5143=VECTOR('',#5144,1.);
#5144=DIRECTION('',(-1.,0.,0.));
#5145=CARTESIAN_POINT('',(0.,-7.,2.5));
#5146=CARTESIAN_POINT('',(11.,-7.,2.5));
#5147=CARTESIAN_POINT('',(0.,-7.,2.5));
#5148=VECTOR('',#5149,1.);
#5149=DIRECTION('',(1.,0.,0.));
#5150=CARTESIAN_POINT('',(0.,-7.,0.));
#5151=CARTESIAN_POINT('',(0.,-7.,0.));
#5152=VECTOR('',#5153,1.);
#5153=DIRECTION('',(0.,0.,1.));
#5154=CARTESIAN_POINT('',(11.,-7.,0.));
#5155=CARTESIAN_POINT('',(0.,-7.,0.));
#5156=VECTOR('',#5157,1.);
#5157=DIRECTION('',(1.,0.,0.));
#5158=CARTESIAN_POINT('',(11.,-7.,0.));
#5159=VECTOR('',#5160,1.);
#5160=DIRECTION('',(0.,0.,1.));
#5161=CARTESIAN_POINT('',(2.09,-7.,1.55138990396356));
#5162=CARTESIAN_POINT('',(1.29,-7.,1.55138990396356));
#5163=CARTESIAN_POINT('',(2.09,-7.,1.55138990396356));
#5164=VECTOR('',#5165,1.);
#5165=DIRECTION('',(-1.,0.,0.));
#5166=CARTESIAN_POINT('',(2.09,-7.,1.3904992640502));
#5167=CARTESIAN_POINT('',(2.09,-7.,1.55138990396356));
#5168=VECTOR('',#5169,1.);
#5169=DIRECTION('',(0.,0.,-1.));
#5170=CARTESIAN_POINT('',(1.29,-7.,1.3904992640502));
#5171=CARTESIAN_POINT('',(1.29,-7.,1.3904992640502));
#5172=VECTOR('',#5173,1.);
#5173=DIRECTION('',(1.,0.,0.));
#5174=CARTESIAN_POINT('',(1.29,-7.,1.55138990396356));
#5175=VECTOR('',#5176,1.);
#5176=DIRECTION('',(1.38009647450346E-15,0.,-1.));
#5177=CARTESIAN_POINT('',(11.,0.,2.5));
#5178=CARTESIAN_POINT('',(0.,-3.33066907387547E-16,2.5));
#5179=CARTESIAN_POINT('',(11.,0.,2.5));
#5180=VECTOR('',#5181,1.);
#5181=DIRECTION('',(-1.,0.,0.));
#5182=CARTESIAN_POINT('',(11.,0.,0.));
#5183=CARTESIAN_POINT('',(11.,0.,0.));
#5184=VECTOR('',#5185,1.);
#5185=DIRECTION('',(0.,0.,1.));
#5186=CARTESIAN_POINT('',(0.,0.,0.));
#5187=CARTESIAN_POINT('',(11.,0.,0.));
#5188=VECTOR('',#5189,1.);
#5189=DIRECTION('',(-1.,0.,0.));
#5190=CARTESIAN_POINT('',(0.,0.,0.));
#5191=VECTOR('',#5192,1.);
#5192=DIRECTION('',(0.,0.,1.));
#5193=CARTESIAN_POINT('',(2.09,0.,1.39380776032372));
#5194=CARTESIAN_POINT('',(1.29,0.,1.39380776032372));
#5195=CARTESIAN_POINT('',(2.09,0.,1.39380776032372));
#5196=VECTOR('',#5197,1.);
#5197=DIRECTION('',(-1.,0.,0.));
#5198=CARTESIAN_POINT('',(2.09,-1.38777878078145E-17,1.55469840023708));
#5199=CARTESIAN_POINT('',(2.09,0.,1.39380776032372));
#5200=VECTOR('',#5201,1.);
#5201=DIRECTION('',(0.,0.,1.));
#5202=CARTESIAN_POINT('',(1.29,-1.38777878078145E-17,1.55469840023708));
#5203=CARTESIAN_POINT('',(1.29,0.,1.55469840023708));
#5204=VECTOR('',#5205,1.);
#5205=DIRECTION('',(1.,0.,0.));
#5206=CARTESIAN_POINT('',(1.29,0.,1.39380776032372));
#5207=VECTOR('',#5208,1.);
#5208=DIRECTION('',(0.,0.,1.));
#5209=CARTESIAN_POINT('',(2.09,-7.19850102850683,1.55138990396356));
#5210=CARTESIAN_POINT('',(2.09,-7.19850102850683,1.55138990396356));
#5211=VECTOR('',#5212,1.);
#5212=DIRECTION('',(0.,1.,0.));
#5213=CARTESIAN_POINT('',(2.09,-7.69850102850683,1.05138990396356));
#5214=AXIS2_PLACEMENT_3D('',#5215,#5216,#5217);
#5215=CARTESIAN_POINT('',(2.09,-7.19850102850683,1.05138990396356));
#5216=DIRECTION('',(-1.,0.,0.));
#5217=DIRECTION('',(0.,-1.,-4.44089209850063E-16));
#5218=CARTESIAN_POINT('',(2.09,-7.69850102850683,0.522610050807815));
#5219=CARTESIAN_POINT('',(2.09,-7.69850102850683,0.522610050807815));
#5220=VECTOR('',#5221,1.);
#5221=DIRECTION('',(0.,0.,1.));
#5222=CARTESIAN_POINT('',(2.09,-8.19850102850683,0.0226100508078146));
#5223=AXIS2_PLACEMENT_3D('',#5224,#5225,#5226);
#5224=CARTESIAN_POINT('',(2.09,-8.19850102850683,0.522610050807815));
#5225=DIRECTION('',(1.,0.,0.));
#5226=DIRECTION('',(0.,0.,-1.));
#5227=CARTESIAN_POINT('',(2.09,-8.5999043441513,0.0226100508078147));
#5228=CARTESIAN_POINT('',(2.09,-8.5999043441513,0.0226100508078147));
#5229=VECTOR('',#5230,1.);
#5230=DIRECTION('',(0.,1.,0.));
#5231=CARTESIAN_POINT('',(2.09,-8.60028185603905,-0.130985812739541));
#5232=CARTESIAN_POINT('',(2.09,-8.60028185603905,-0.130985812739541));
#5233=VECTOR('',#5234,1.);
#5234=DIRECTION('',(0.,0.00245781845149438,0.999996979559668));
#5235=CARTESIAN_POINT('',(2.09,-8.10028185603905,-0.130985812739541));
#5236=CARTESIAN_POINT('',(2.09,-8.10028185603905,-0.130985812739541));
#5237=VECTOR('',#5238,1.);
#5238=DIRECTION('',(0.,-1.,-2.22044604925031E-16));
#5239=CARTESIAN_POINT('',(2.09,-7.60028185603905,0.369014187260459));
#5240=AXIS2_PLACEMENT_3D('',#5241,#5242,#5243);
#5241=CARTESIAN_POINT('',(2.09,-8.10028185603905,0.369014187260459));
#5242=DIRECTION('',(-1.,0.,0.));
#5243=DIRECTION('',(0.,1.,2.22044604925031E-16));
#5244=CARTESIAN_POINT('',(2.09,-7.60028185603905,0.8904992640502));
#5245=CARTESIAN_POINT('',(2.09,-7.60028185603905,0.8904992640502));
#5246=VECTOR('',#5247,1.);
#5247=DIRECTION('',(0.,0.,-1.));
#5248=CARTESIAN_POINT('',(2.09,-7.10028185603905,1.3904992640502));
#5249=AXIS2_PLACEMENT_3D('',#5250,#5251,#5252);
#5250=CARTESIAN_POINT('',(2.09,-7.10028185603905,0.8904992640502));
#5251=DIRECTION('',(1.,0.,0.));
#5252=DIRECTION('',(0.,0.,1.));
#5253=CARTESIAN_POINT('',(2.09,-7.,1.3904992640502));
#5254=VECTOR('',#5255,1.);
#5255=DIRECTION('',(0.,-1.,0.));
#5256=CARTESIAN_POINT('',(1.29,-7.10028185603905,1.3904992640502));
#5257=CARTESIAN_POINT('',(1.29,-7.,1.3904992640502));
#5258=VECTOR('',#5259,1.);
#5259=DIRECTION('',(0.,-1.,0.));
#5260=CARTESIAN_POINT('',(1.29,-7.60028185603905,0.8904992640502));
#5261=AXIS2_PLACEMENT_3D('',#5262,#5263,#5264);
#5262=CARTESIAN_POINT('',(1.29,-7.10028185603905,0.8904992640502));
#5263=DIRECTION('',(1.,0.,0.));
#5264=DIRECTION('',(0.,0.,1.));
#5265=CARTESIAN_POINT('',(1.29,-7.60028185603905,0.369014187260459));
#5266=CARTESIAN_POINT('',(1.29,-7.60028185603905,0.8904992640502));
#5267=VECTOR('',#5268,1.);
#5268=DIRECTION('',(0.,0.,-1.));
#5269=CARTESIAN_POINT('',(1.29,-8.10028185603905,-0.130985812739541));
#5270=AXIS2_PLACEMENT_3D('',#5271,#5272,#5273);
#5271=CARTESIAN_POINT('',(1.29,-8.10028185603905,0.369014187260459));
#5272=DIRECTION('',(-1.,0.,0.));
#5273=DIRECTION('',(0.,1.,2.22044604925031E-16));
#5274=CARTESIAN_POINT('',(1.29,-8.60028185603905,-0.130985812739541));
#5275=CARTESIAN_POINT('',(1.29,-8.10028185603905,-0.130985812739541));
#5276=VECTOR('',#5277,1.);
#5277=DIRECTION('',(0.,-1.,-2.22044604925031E-16));
#5278=CARTESIAN_POINT('',(1.29,-8.5999043441513,0.0226100508078147));
#5279=CARTESIAN_POINT('',(1.29,-8.60028185603905,-0.130985812739541));
#5280=VECTOR('',#5281,1.);
#5281=DIRECTION('',(0.,0.00245781845149438,0.999996979559668));
#5282=CARTESIAN_POINT('',(1.29,-8.19850102850683,0.0226100508078146));
#5283=CARTESIAN_POINT('',(1.29,-8.5999043441513,0.0226100508078147));
#5284=VECTOR('',#5285,1.);
#5285=DIRECTION('',(0.,1.,0.));
#5286=CARTESIAN_POINT('',(1.29,-7.69850102850683,0.522610050807815));
#5287=AXIS2_PLACEMENT_3D('',#5288,#5289,#5290);
#5288=CARTESIAN_POINT('',(1.29,-8.19850102850683,0.522610050807815));
#5289=DIRECTION('',(1.,0.,0.));
#5290=DIRECTION('',(0.,0.,-1.));
#5291=CARTESIAN_POINT('',(1.29,-7.69850102850683,1.05138990396356));
#5292=CARTESIAN_POINT('',(1.29,-7.69850102850683,0.522610050807815));
#5293=VECTOR('',#5294,1.);
#5294=DIRECTION('',(0.,0.,1.));
#5295=CARTESIAN_POINT('',(1.29,-7.19850102850683,1.55138990396356));
#5296=AXIS2_PLACEMENT_3D('',#5297,#5298,#5299);
#5297=CARTESIAN_POINT('',(1.29,-7.19850102850683,1.05138990396356));
#5298=DIRECTION('',(-1.,0.,0.));
#5299=DIRECTION('',(0.,-1.,-4.44089209850063E-16));
#5300=CARTESIAN_POINT('',(1.29,-7.19850102850683,1.55138990396356));
#5301=VECTOR('',#5302,1.);
#5302=DIRECTION('',(0.,1.,0.));
#5303=CARTESIAN_POINT('',(2.09,-7.10028185603905,1.3904992640502));
#5304=VECTOR('',#5305,1.);
#5305=DIRECTION('',(-1.,0.,0.));
#5306=CARTESIAN_POINT('',(2.09,-7.19850102850683,1.55138990396356));
#5307=VECTOR('',#5308,1.);
#5308=DIRECTION('',(-1.,0.,0.));
#5309=CARTESIAN_POINT('',(2.09,0.0470378021949616,1.39380776032372));
#5310=CARTESIAN_POINT('',(2.09,0.0470378021949616,1.39380776032372));
#5311=VECTOR('',#5312,1.);
#5312=DIRECTION('',(0.,-1.,0.));
#5313=CARTESIAN_POINT('',(2.09,0.547037802194962,0.893807760323723));
#5314=AXIS2_PLACEMENT_3D('',#5315,#5316,#5317);
#5315=CARTESIAN_POINT('',(2.09,0.0470378021949616,0.893807760323723));
#5316=DIRECTION('',(1.,0.,0.));
#5317=DIRECTION('',(0.,1.,0.));
#5318=CARTESIAN_POINT('',(2.09,0.547037802194962,0.372322683533982));
#5319=CARTESIAN_POINT('',(2.09,0.547037802194962,0.372322683533982));
#5320=VECTOR('',#5321,1.);
#5321=DIRECTION('',(0.,0.,1.));
#5322=CARTESIAN_POINT('',(2.09,1.04703780219496,-0.127677316466018));
#5323=AXIS2_PLACEMENT_3D('',#5324,#5325,#5326);
#5324=CARTESIAN_POINT('',(2.09,1.04703780219496,0.372322683533982));
#5325=DIRECTION('',(-1.,0.,0.));
#5326=DIRECTION('',(0.,0.,-1.));
#5327=CARTESIAN_POINT('',(2.09,1.54703780219496,-0.127677316466018));
#5328=CARTESIAN_POINT('',(2.09,1.54703780219496,-0.127677316466018));
#5329=VECTOR('',#5330,1.);
#5330=DIRECTION('',(0.,-1.,0.));
#5331=CARTESIAN_POINT('',(2.09,1.54666029030721,0.0259185470813373));
#5332=CARTESIAN_POINT('',(2.09,1.54666029030721,0.0259185470813373));
#5333=VECTOR('',#5334,1.);
#5334=DIRECTION('',(0.,0.00245781845150017,-0.999996979559668));
#5335=CARTESIAN_POINT('',(2.09,1.14525697466274,0.0259185470813373));
#5336=CARTESIAN_POINT('',(2.09,1.14525697466274,0.0259185470813373));
#5337=VECTOR('',#5338,1.);
#5338=DIRECTION('',(0.,1.,0.));
#5339=CARTESIAN_POINT('',(2.09,0.645256974662735,0.525918547081337));
#5340=AXIS2_PLACEMENT_3D('',#5341,#5342,#5343);
#5341=CARTESIAN_POINT('',(2.09,1.14525697466274,0.525918547081337));
#5342=DIRECTION('',(1.,0.,0.));
#5343=DIRECTION('',(0.,-1.,0.));
#5344=CARTESIAN_POINT('',(2.09,0.645256974662735,1.05469840023708));
#5345=CARTESIAN_POINT('',(2.09,0.645256974662735,1.05469840023708));
#5346=VECTOR('',#5347,1.);
#5347=DIRECTION('',(0.,0.,-1.));
#5348=CARTESIAN_POINT('',(2.09,0.145256974662735,1.55469840023708));
#5349=AXIS2_PLACEMENT_3D('',#5350,#5351,#5352);
#5350=CARTESIAN_POINT('',(2.09,0.145256974662735,1.05469840023708));
#5351=DIRECTION('',(-1.,0.,0.));
#5352=DIRECTION('',(0.,-1.11022302462516E-16,1.));
#5353=CARTESIAN_POINT('',(2.09,-1.38777878078145E-17,1.55469840023708));
#5354=VECTOR('',#5355,1.);
#5355=DIRECTION('',(0.,1.,0.));
#5356=CARTESIAN_POINT('',(1.29,0.145256974662735,1.55469840023708));
#5357=CARTESIAN_POINT('',(1.29,-1.38777878078145E-17,1.55469840023708));
#5358=VECTOR('',#5359,1.);
#5359=DIRECTION('',(0.,1.,0.));
#5360=CARTESIAN_POINT('',(1.29,0.645256974662735,1.05469840023708));
#5361=AXIS2_PLACEMENT_3D('',#5362,#5363,#5364);
#5362=CARTESIAN_POINT('',(1.29,0.145256974662735,1.05469840023708));
#5363=DIRECTION('',(-1.,0.,0.));
#5364=DIRECTION('',(0.,-1.11022302462516E-16,1.));
#5365=CARTESIAN_POINT('',(1.29,0.645256974662735,0.525918547081337));
#5366=CARTESIAN_POINT('',(1.29,0.645256974662735,1.05469840023708));
#5367=VECTOR('',#5368,1.);
#5368=DIRECTION('',(0.,0.,-1.));
#5369=CARTESIAN_POINT('',(1.29,1.14525697466274,0.0259185470813373));
#5370=AXIS2_PLACEMENT_3D('',#5371,#5372,#5373);
#5371=CARTESIAN_POINT('',(1.29,1.14525697466274,0.525918547081337));
#5372=DIRECTION('',(1.,0.,0.));
#5373=DIRECTION('',(0.,-1.,0.));
#5374=CARTESIAN_POINT('',(1.29,1.54666029030721,0.0259185470813373));
#5375=CARTESIAN_POINT('',(1.29,1.14525697466274,0.0259185470813373));
#5376=VECTOR('',#5377,1.);
#5377=DIRECTION('',(0.,1.,0.));
#5378=CARTESIAN_POINT('',(1.29,1.54703780219496,-0.127677316466018));
#5379=CARTESIAN_POINT('',(1.29,1.54666029030721,0.0259185470813373));
#5380=VECTOR('',#5381,1.);
#5381=DIRECTION('',(0.,0.00245781845150017,-0.999996979559668));
#5382=CARTESIAN_POINT('',(1.29,1.04703780219496,-0.127677316466018));
#5383=CARTESIAN_POINT('',(1.29,1.54703780219496,-0.127677316466018));
#5384=VECTOR('',#5385,1.);
#5385=DIRECTION('',(0.,-1.,0.));
#5386=CARTESIAN_POINT('',(1.29,0.547037802194962,0.372322683533982));
#5387=AXIS2_PLACEMENT_3D('',#5388,#5389,#5390);
#5388=CARTESIAN_POINT('',(1.29,1.04703780219496,0.372322683533982));
#5389=DIRECTION('',(-1.,0.,0.));
#5390=DIRECTION('',(0.,0.,-1.));
#5391=CARTESIAN_POINT('',(1.29,0.547037802194962,0.893807760323723));
#5392=CARTESIAN_POINT('',(1.29,0.547037802194962,0.372322683533982));
#5393=VECTOR('',#5394,1.);
#5394=DIRECTION('',(0.,0.,1.));
#5395=CARTESIAN_POINT('',(1.29,0.0470378021949616,1.39380776032372));
#5396=AXIS2_PLACEMENT_3D('',#5397,#5398,#5399);
#5397=CARTESIAN_POINT('',(1.29,0.0470378021949616,0.893807760323723));
#5398=DIRECTION('',(1.,0.,0.));
#5399=DIRECTION('',(0.,1.,0.));
#5400=CARTESIAN_POINT('',(1.29,0.0470378021949616,1.39380776032372));
#5401=VECTOR('',#5402,1.);
#5402=DIRECTION('',(0.,-1.,0.));
#5403=CARTESIAN_POINT('',(2.09,0.145256974662735,1.55469840023708));
#5404=VECTOR('',#5405,1.);
#5405=DIRECTION('',(-1.,0.,0.));
#5406=CARTESIAN_POINT('',(2.09,0.0470378021949615,1.39380776032372));
#5407=VECTOR('',#5408,1.);
#5408=DIRECTION('',(-1.,0.,0.));
#5409=CARTESIAN_POINT('',(1.8255437353462,-6.,3.5));
#5410=CARTESIAN_POINT('',(2.9744562646538,-6.,3.5));
#5411=CARTESIAN_POINT('',(1.8255437353462,-6.,3.5));
#5412=CARTESIAN_POINT('',(1.85455114456569,-6.00680423110368,3.5));
#5413=CARTESIAN_POINT('',(1.91096489872915,-6.01937858047944,3.49986233561051));
#5414=CARTESIAN_POINT('',(1.99396572813826,-6.03427848356099,3.4994383123988));
#5415=CARTESIAN_POINT('',(2.07086289268435,-6.04563133641504,3.49897460742637));
#5416=CARTESIAN_POINT('',(2.14923431064086,-6.05470613812431,3.49851349260845));
#5417=CARTESIAN_POINT('',(2.23352430108531,-6.06173861963657,3.49809786593332));
#5418=CARTESIAN_POINT('',(2.32035337056246,-6.06591867785024,3.49782587558647));
#5419=CARTESIAN_POINT('',(2.40635557837102,-6.06711779608236,3.49774486650749));
#5420=CARTESIAN_POINT('',(2.49094358479535,-6.06551650469911,3.49785276339242));
#5421=CARTESIAN_POINT('',(2.57644063669095,-6.06103841666202,3.4981411565306));
#5422=CARTESIAN_POINT('',(2.66440144819111,-6.05341728211621,3.49858638859467));
#5423=CARTESIAN_POINT('',(2.75001153419739,-6.04288116714554,3.49910414212544));
#5424=CARTESIAN_POINT('',(2.83041722179893,-6.03016186793205,3.49957460596982));
#5425=CARTESIAN_POINT('',(2.89554231472827,-6.0177100208792,3.49986787918326));
#5426=CARTESIAN_POINT('',(2.9426650765995,-6.00744537510893,3.49998306699091));
#5427=CARTESIAN_POINT('',(2.96565207924643,-6.00205766301627,3.5));
#5428=CARTESIAN_POINT('',(2.9744562646538,-6.,3.5));
#5429=CARTESIAN_POINT('',(1.,-6.,3.5));
#5430=CARTESIAN_POINT('',(1.,-6.,3.5));
#5431=VECTOR('',#5432,1.);
#5432=DIRECTION('',(1.,0.,0.));
#5433=CARTESIAN_POINT('',(0.,-7.,2.5));
#5434=CARTESIAN_POINT('',(0.,-7.,3.08578643762691));
#5435=CARTESIAN_POINT('',(0.414213562373095,-6.58578643762691,3.5));
#5436=CARTESIAN_POINT('',(1.,-6.,3.5));
#5437=CARTESIAN_POINT('',(10.,-6.,3.5));
#5438=CARTESIAN_POINT('',(11.,-7.,2.5));
#5439=CARTESIAN_POINT('',(11.,-7.,3.08578643762691));
#5440=CARTESIAN_POINT('',(10.5857864376269,-6.58578643762691,3.5));
#5441=CARTESIAN_POINT('',(10.,-6.,3.5));
#5442=CARTESIAN_POINT('',(2.9744562646538,-6.,3.5));
#5443=VECTOR('',#5444,1.);
#5444=DIRECTION('',(1.,1.26421306756887E-16,0.));
#5445=CARTESIAN_POINT('',(0.,-8.88178419700125E-16,2.5));
#5446=VECTOR('',#5447,1.);
#5447=DIRECTION('',(0.,-1.,0.));
#5448=CARTESIAN_POINT('',(0.,0.,0.));
#5449=VECTOR('',#5450,1.);
#5450=DIRECTION('',(0.,-1.,0.));
#5451=CARTESIAN_POINT('',(11.,-7.,0.));
#5452=VECTOR('',#5453,1.);
#5453=DIRECTION('',(0.,1.,0.));
#5454=CARTESIAN_POINT('',(11.,-7.,2.5));
#5455=VECTOR('',#5456,1.);
#5456=DIRECTION('',(0.,1.,0.));
#5457=CARTESIAN_POINT('',(9.1744562646538,-1.,3.5));
#5458=CARTESIAN_POINT('',(8.0255437353462,-1.,3.5));
#5459=CARTESIAN_POINT('',(9.1744562646538,-1.,3.5));
#5460=CARTESIAN_POINT('',(9.14544885542464,-0.993195768894052,3.5));
#5461=CARTESIAN_POINT('',(9.08903510124259,-0.980621419514543,3.49986233561042));
#5462=CARTESIAN_POINT('',(9.0060342718096,-0.965721516430213,3.49943831239851));
#5463=CARTESIAN_POINT('',(8.92913710724125,-0.954368663574981,3.49897460742592));
#5464=CARTESIAN_POINT('',(8.85076568926636,-0.94529386186626,3.49851349260793));
#5465=CARTESIAN_POINT('',(8.76647569881266,-0.93826138035677,3.4980978659329));
#5466=CARTESIAN_POINT('',(8.67964662936387,-0.93408132214801,3.49782587558635));
#5467=CARTESIAN_POINT('',(8.59364442162055,-0.932882203918646,3.49774486650756));
#5468=CARTESIAN_POINT('',(8.50905641525054,-0.934483495299697,3.49785276339234));
#5469=CARTESIAN_POINT('',(8.42355936333299,-0.938961583335377,3.49814115653045));
#5470=CARTESIAN_POINT('',(8.33559855187142,-0.946582717878059,3.49858638859436));
#5471=CARTESIAN_POINT('',(8.24998846590234,-0.957118832841999,3.4991041421248));
#5472=CARTESIAN_POINT('',(8.16958277832075,-0.96983813204613,3.49957460596921));
#5473=CARTESIAN_POINT('',(8.10445768520794,-0.982289979130946,3.49986787918366));
#5474=CARTESIAN_POINT('',(8.05733492328256,-0.992554624918594,3.49998306699114));
#5475=CARTESIAN_POINT('',(8.03434792064163,-0.997942337009895,3.5));
#5476=CARTESIAN_POINT('',(8.0255437353462,-1.,3.5));
#5477=CARTESIAN_POINT('',(10.,-1.,3.5));
#5478=CARTESIAN_POINT('',(10.,-1.,3.5));
#5479=VECTOR('',#5480,1.);
#5480=DIRECTION('',(-1.,0.,0.));
#5481=CARTESIAN_POINT('',(11.,0.,2.5));
#5482=CARTESIAN_POINT('',(11.,0.,3.08578643762691));
#5483=CARTESIAN_POINT('',(10.5857864376269,-0.414213562373095,3.5));
#5484=CARTESIAN_POINT('',(10.,-1.,3.5));
#5485=CARTESIAN_POINT('',(1.,-1.,3.5));
#5486=CARTESIAN_POINT('',(0.,0.,2.5));
#5487=CARTESIAN_POINT('',(0.,0.,3.08578643762691));
#5488=CARTESIAN_POINT('',(0.414213562373095,-0.414213562373095,3.5));
#5489=CARTESIAN_POINT('',(1.,-1.,3.5));
#5490=CARTESIAN_POINT('',(8.0255437353462,-1.,3.5));
#5491=VECTOR('',#5492,1.);
#5492=DIRECTION('',(-1.,0.,0.));
#5493=CARTESIAN_POINT('',(2.09,-7.69850102850683,1.05138990396356));
#5494=VECTOR('',#5495,1.);
#5495=DIRECTION('',(-1.,0.,0.));
#5496=CARTESIAN_POINT('',(2.09,-7.69850102850683,0.522610050807815));
#5497=VECTOR('',#5498,1.);
#5498=DIRECTION('',(-1.,0.,0.));
#5499=CARTESIAN_POINT('',(2.09,-8.19850102850683,0.0226100508078147));
#5500=VECTOR('',#5501,1.);
#5501=DIRECTION('',(-1.,0.,0.));
#5502=CARTESIAN_POINT('',(2.09,-8.5999043441513,0.0226100508078147));
#5503=VECTOR('',#5504,1.);
#5504=DIRECTION('',(-1.,0.,0.));
#5505=CARTESIAN_POINT('',(2.09,-8.60028185603905,-0.130985812739541));
#5506=VECTOR('',#5507,1.);
#5507=DIRECTION('',(-1.,0.,0.));
#5508=CARTESIAN_POINT('',(2.09,-8.10028185603905,-0.130985812739541));
#5509=VECTOR('',#5510,1.);
#5510=DIRECTION('',(-1.,0.,0.));
#5511=CARTESIAN_POINT('',(2.09,-7.60028185603905,0.369014187260459));
#5512=VECTOR('',#5513,1.);
#5513=DIRECTION('',(-1.,0.,0.));
#5514=CARTESIAN_POINT('',(2.09,-7.60028185603905,0.8904992640502));
#5515=VECTOR('',#5516,1.);
#5516=DIRECTION('',(-1.,0.,0.));
#5517=CARTESIAN_POINT('',(2.09,0.547037802194962,0.893807760323723));
#5518=VECTOR('',#5519,1.);
#5519=DIRECTION('',(-1.,0.,0.));
#5520=CARTESIAN_POINT('',(2.09,0.547037802194962,0.372322683533982));
#5521=VECTOR('',#5522,1.);
#5522=DIRECTION('',(-1.,0.,0.));
#5523=CARTESIAN_POINT('',(2.09,1.04703780219496,-0.127677316466018));
#5524=VECTOR('',#5525,1.);
#5525=DIRECTION('',(-1.,0.,0.));
#5526=CARTESIAN_POINT('',(2.09,1.54703780219496,-0.127677316466018));
#5527=VECTOR('',#5528,1.);
#5528=DIRECTION('',(-1.,0.,0.));
#5529=CARTESIAN_POINT('',(2.09,1.54666029030721,0.0259185470813373));
#5530=VECTOR('',#5531,1.);
#5531=DIRECTION('',(-1.,0.,0.));
#5532=CARTESIAN_POINT('',(2.09,1.14525697466274,0.0259185470813373));
#5533=VECTOR('',#5534,1.);
#5534=DIRECTION('',(-1.,0.,0.));
#5535=CARTESIAN_POINT('',(2.09,0.645256974662735,0.525918547081337));
#5536=VECTOR('',#5537,1.);
#5537=DIRECTION('',(-1.,0.,0.));
#5538=CARTESIAN_POINT('',(2.09,0.645256974662735,1.05469840023708));
#5539=VECTOR('',#5540,1.);
#5540=DIRECTION('',(-1.,0.,0.));
#5541=CARTESIAN_POINT('',(2.80549853975562,-5.52941176470588,4.));
#5542=AXIS2_PLACEMENT_3D('',#5543,#5544,#5545);
#5543=CARTESIAN_POINT('',(2.9744562646538,-6.,4.));
#5544=DIRECTION('',(0.941176470588236,0.337915449796352,0.));
#5545=DIRECTION('',(0.,0.,-1.));
#5546=CARTESIAN_POINT('',(1.99450146024438,-5.52941176470588,4.));
#5547=CARTESIAN_POINT('',(1.99450146024438,-5.52941176470588,4.));
#5548=CARTESIAN_POINT('',(2.01310016423601,-5.53608935346991,3.99997518595069));
#5549=CARTESIAN_POINT('',(2.04937394565644,-5.54812583093442,3.9998443572576));
#5550=CARTESIAN_POINT('',(2.10279691916042,-5.56300068847795,3.99926084089661));
#5551=CARTESIAN_POINT('',(2.15559231128177,-5.57526015152055,3.99864919432147));
#5552=CARTESIAN_POINT('',(2.21564329365257,-5.58639625971287,3.99781254904845));
#5553=CARTESIAN_POINT('',(2.29608377754712,-5.59668309810285,3.99703537645799));
#5554=CARTESIAN_POINT('',(2.39720040940244,-5.60179971645521,3.99648339088518));
#5555=CARTESIAN_POINT('',(2.51898869507137,-5.59640419258894,3.9970246978246));
#5556=CARTESIAN_POINT('',(2.63579190865185,-5.57858060582997,3.99847069300912));
#5557=CARTESIAN_POINT('',(2.73317876655556,-5.55379000453958,3.9997504665377));
#5558=CARTESIAN_POINT('',(2.78481080127252,-5.53683939031409,3.99996722349866));
#5559=CARTESIAN_POINT('',(2.80549853975562,-5.52941176470588,4.));
#5560=AXIS2_PLACEMENT_3D('',#5561,#5562,#5563);
#5561=CARTESIAN_POINT('',(1.8255437353462,-6.,4.));
#5562=DIRECTION('',(0.941176470588236,-0.337915449796352,0.));
#5563=DIRECTION('',(0.,0.,-1.));
#5564=CARTESIAN_POINT('',(1.,-5.3643650760993,3.5));
#5565=AXIS2_PLACEMENT_3D('',#5566,#5567,#5568);
#5566=CARTESIAN_POINT('',(2.4,-4.4,3.5));
#5567=DIRECTION('',(0.,0.,1.));
#5568=DIRECTION('',(-0.823529411764706,-0.567273574176056,0.));
#5569=CARTESIAN_POINT('',(1.,-5.3643650760993,3.5));
#5570=VECTOR('',#5571,1.);
#5571=DIRECTION('',(0.,-1.,0.));
#5572=CARTESIAN_POINT('',(1.,-3.4356349239007,3.5));
#5573=CARTESIAN_POINT('',(1.,-3.4356349239007,3.5));
#5574=CARTESIAN_POINT('',(0.966179764851593,-3.51137396269839,3.5));
#5575=CARTESIAN_POINT('',(0.911567718101952,-3.65059659589977,3.49686463510772));
#5576=CARTESIAN_POINT('',(0.861121176872609,-3.84044938727309,3.49052112872425));
#5577=CARTESIAN_POINT('',(0.833272795003536,-3.98498034692324,3.48606776843805));
#5578=CARTESIAN_POINT('',(0.818038907684696,-4.09277530078036,3.48332741045295));
#5579=CARTESIAN_POINT('',(0.808849260445895,-4.18265217348537,3.48156912016701));
#5580=CARTESIAN_POINT('',(0.803132145264386,-4.2652284109069,3.4804331811822));
#5581=CARTESIAN_POINT('',(0.799968212464744,-4.35065549930854,3.47978978045054));
#5582=CARTESIAN_POINT('',(0.799736498454506,-4.44697507931404,3.47974203343413));
#5583=CARTESIAN_POINT('',(0.8041155418613,-4.56190438407414,3.48063529436354));
#5584=CARTESIAN_POINT('',(0.816080473234315,-4.69834481128814,3.48298991621499));
#5585=CARTESIAN_POINT('',(0.838964158571127,-4.85227112521522,3.48709300678094));
#5586=CARTESIAN_POINT('',(0.87433045658817,-5.01393916578713,3.49236996375683));
#5587=CARTESIAN_POINT('',(0.918050835804616,-5.16042028099112,3.49700710022091));
#5588=CARTESIAN_POINT('',(0.961297857611214,-5.27708365295604,3.49951587769389));
#5589=CARTESIAN_POINT('',(0.988858141913109,-5.33935362037789,3.5));
#5590=CARTESIAN_POINT('',(1.,-5.3643650760993,3.5));
#5591=CARTESIAN_POINT('',(1.,-1.,3.5));
#5592=VECTOR('',#5593,1.);
#5593=DIRECTION('',(0.,-1.,0.));
#5594=CARTESIAN_POINT('',(10.,-3.56436507609929,3.5));
#5595=CARTESIAN_POINT('',(10.,-1.63563492390071,3.5));
#5596=CARTESIAN_POINT('',(10.,-3.56436507609929,3.5));
#5597=CARTESIAN_POINT('',(10.0225665763575,-3.51525133206911,3.49998864009431));
#5598=CARTESIAN_POINT('',(10.0536267427516,-3.43925505243413,3.49886475805321));
#5599=CARTESIAN_POINT('',(10.0895681049356,-3.33378387540337,3.49609094761804));
#5600=CARTESIAN_POINT('',(10.1174387842486,-3.24015599292128,3.49321834318296));
#5601=CARTESIAN_POINT('',(10.1445069308111,-3.13072974660957,3.48962772016628));
#5602=CARTESIAN_POINT('',(10.1644914291221,-3.02614956191413,3.48642032999868));
#5603=CARTESIAN_POINT('',(10.1774072353238,-2.94000147460224,3.48415182090879));
#5604=CARTESIAN_POINT('',(10.1839588583078,-2.88642565043034,3.48293861526662));
#5605=CARTESIAN_POINT('',(10.1881569068255,-2.84557989080934,3.48214026381217));
#5606=CARTESIAN_POINT('',(10.1907008557854,-2.81781756624104,3.48164920072053));
#5607=CARTESIAN_POINT('',(10.1929393130762,-2.7900366332737,3.48121145656512));
#5608=CARTESIAN_POINT('',(10.1948707444894,-2.76228233340513,3.48082948649598));
#5609=CARTESIAN_POINT('',(10.1962292737334,-2.73909219288945,3.48055825864356));
#5610=CARTESIAN_POINT('',(10.1971651596723,-2.72049736639056,3.48037036616691));
#5611=CARTESIAN_POINT('',(10.1977941372949,-2.70642995581111,3.48024364294074));
#5612=CARTESIAN_POINT('',(10.1983441985242,-2.69234810558832,3.48013247486655));
#5613=CARTESIAN_POINT('',(10.1988141369238,-2.67822091879684,3.4800372466923));
#5614=CARTESIAN_POINT('',(10.1992207228473,-2.663714353072,3.47995466616337));
#5615=CARTESIAN_POINT('',(10.1995192982397,-2.64883270697986,3.47989390781811));
#5616=CARTESIAN_POINT('',(10.199728126682,-2.63359996020811,3.47985135888023));
#5617=CARTESIAN_POINT('',(10.1998719695593,-2.61832317177219,3.47982202502501));
#5618=CARTESIAN_POINT('',(10.1999512787632,-2.60711571289808,3.47980584186744));
#5619=CARTESIAN_POINT('',(10.199993102292,-2.60100740805462,3.47979730508214));
#5620=CARTESIAN_POINT('',(10.2,-2.6,3.47979589711327));
#5621=CARTESIAN_POINT('',(10.1999953703086,-2.59585783384548,3.4797968407291));
#5622=CARTESIAN_POINT('',(10.199967742892,-2.58757355215344,3.47980247931503));
#5623=CARTESIAN_POINT('',(10.1998708588665,-2.57515692497405,3.47982224529899));
#5624=CARTESIAN_POINT('',(10.1997181929149,-2.56275971885184,3.47985337853708));
#5625=CARTESIAN_POINT('',(10.1995094069143,-2.55039163072186,3.47989591775135));
#5626=CARTESIAN_POINT('',(10.1992441427071,-2.53806209038225,3.47994989648118));
#5627=CARTESIAN_POINT('',(10.1989221083267,-2.52578152494222,3.48001532503694));
#5628=CARTESIAN_POINT('',(10.1985427559939,-2.51355663940365,3.48009225672313));
#5629=CARTESIAN_POINT('',(10.1980515708084,-2.4998788875872,3.48019165462364));
#5630=CARTESIAN_POINT('',(10.1974232516278,-2.48480056229343,3.4803184438936));
#5631=CARTESIAN_POINT('',(10.1966240984628,-2.46830214159536,3.4804790746945));
#5632=CARTESIAN_POINT('',(10.1957156462361,-2.45184622866534,3.48066085206239));
#5633=CARTESIAN_POINT('',(10.1946960844323,-2.43538151004587,3.48086382123008));
#5634=CARTESIAN_POINT('',(10.1931477124665,-2.41276684559751,3.48117029523104));
#5635=CARTESIAN_POINT('',(10.1908797550918,-2.38393869212629,3.48161499978652));
#5636=CARTESIAN_POINT('',(10.1876381163806,-2.34891821857467,3.48224036066937));
#5637=CARTESIAN_POINT('',(10.1839063718766,-2.31389214115623,3.48294653214555));
#5638=CARTESIAN_POINT('',(10.1796876115106,-2.27894637959097,3.48372720316832));
#5639=CARTESIAN_POINT('',(10.1730010758323,-2.22955215759061,3.48493315162252));
#5640=CARTESIAN_POINT('',(10.1628509607594,-2.165803488103,3.48668321823401));
#5641=CARTESIAN_POINT('',(10.1478580567085,-2.08813670766008,3.48905395972535));
#5642=CARTESIAN_POINT('',(10.1256612521726,-1.99078049887175,3.49219036559747));
#5643=CARTESIAN_POINT('',(10.1027713536177,-1.90880130496286,3.49483977821868));
#5644=CARTESIAN_POINT('',(10.0775426795683,-1.83066730588828,3.49703675334844));
#5645=CARTESIAN_POINT('',(10.0560675799875,-1.7693610319959,3.49855556757865));
#5646=CARTESIAN_POINT('',(10.028707732571,-1.70008669450438,3.49973357304009));
#5647=CARTESIAN_POINT('',(10.0085670848686,-1.65427602114076,3.500001571835));
#5648=CARTESIAN_POINT('',(10.,-1.63563492390071,3.5));
#5649=CARTESIAN_POINT('',(10.,-6.,3.5));
#5650=VECTOR('',#5651,1.);
#5651=DIRECTION('',(0.,1.,0.));
#5652=CARTESIAN_POINT('',(10.,-1.63563492390071,3.5));
#5653=VECTOR('',#5654,1.);
#5654=DIRECTION('',(0.,1.,0.));
#5655=AXIS2_PLACEMENT_3D('',#5656,#5657,#5658);
#5656=CARTESIAN_POINT('',(2.4,-4.4,3.5));
#5657=DIRECTION('',(0.,0.,1.));
#5658=DIRECTION('',(0.337915449796352,-0.941176470588236,0.));
#5659=AXIS2_PLACEMENT_3D('',#5660,#5661,#5662);
#5660=CARTESIAN_POINT('',(8.6,-2.6,3.5));
#5661=DIRECTION('',(0.,0.,1.));
#5662=DIRECTION('',(-0.337915449796353,0.941176470588236,0.));
#5663=CARTESIAN_POINT('',(8.19450146024438,-1.47058823529412,4.));
#5664=AXIS2_PLACEMENT_3D('',#5665,#5666,#5667);
#5665=CARTESIAN_POINT('',(8.0255437353462,-1.,4.));
#5666=DIRECTION('',(-0.941176470588236,-0.337915449796353,0.));
#5667=DIRECTION('',(0.,0.,-1.));
#5668=CARTESIAN_POINT('',(9.00549853975562,-1.47058823529412,4.));
#5669=CARTESIAN_POINT('',(9.00549853975562,-1.47058823529412,4.));
#5670=CARTESIAN_POINT('',(8.98689983576413,-1.46391064653015,3.99997518595069));
#5671=CARTESIAN_POINT('',(8.95062605434394,-1.4518741690657,3.99984435725761));
#5672=CARTESIAN_POINT('',(8.89720308084026,-1.43699931152222,3.99926084089662));
#5673=CARTESIAN_POINT('',(8.844407688719,-1.42473984847961,3.99864919432148));
#5674=CARTESIAN_POINT('',(8.78435670634828,-1.41360374028727,3.99781254904847));
#5675=CARTESIAN_POINT('',(8.70391622245358,-1.40331690189721,3.997035376458));
#5676=CARTESIAN_POINT('',(8.60279959059782,-1.39820028354477,3.99648339088518));
#5677=CARTESIAN_POINT('',(8.48101130492782,-1.4035958074111,3.99702469782461));
#5678=CARTESIAN_POINT('',(8.36420809134657,-1.42141939417032,3.99847069300914));
#5679=CARTESIAN_POINT('',(8.26682123344304,-1.44620999546085,3.99975046653771));
#5680=CARTESIAN_POINT('',(8.21518919872683,-1.46316060968614,3.99996722349866));
#5681=CARTESIAN_POINT('',(8.19450146024438,-1.47058823529412,4.));
#5682=AXIS2_PLACEMENT_3D('',#5683,#5684,#5685);
#5683=CARTESIAN_POINT('',(9.1744562646538,-1.,4.));
#5684=DIRECTION('',(-0.941176470588236,0.337915449796353,0.));
#5685=DIRECTION('',(0.,0.,-1.));
#5686=AXIS2_PLACEMENT_3D('',#5687,#5688,#5689);
#5687=CARTESIAN_POINT('',(8.6,-2.6,3.5));
#5688=DIRECTION('',(0.,0.,1.));
#5689=DIRECTION('',(0.823529411764706,0.567273574176055,0.));
#5690=CARTESIAN_POINT('',(1.41176470588235,-3.71927171098873,4.));
#5691=AXIS2_PLACEMENT_3D('',#5692,#5693,#5694);
#5692=CARTESIAN_POINT('',(1.,-3.43563492390071,4.));
#5693=DIRECTION('',(-0.567273574176056,-0.823529411764706,0.));
#5694=DIRECTION('',(0.,0.,-1.));
#5695=CARTESIAN_POINT('',(3.6,-4.4,4.));
#5696=AXIS2_PLACEMENT_3D('',#5697,#5698,#5699);
#5697=CARTESIAN_POINT('',(2.4,-4.4,4.));
#5698=DIRECTION('',(0.,0.,1.));
#5699=DIRECTION('',(1.,0.,0.));
#5700=AXIS2_PLACEMENT_3D('',#5701,#5702,#5703);
#5701=CARTESIAN_POINT('',(2.4,-4.4,4.));
#5702=DIRECTION('',(0.,0.,1.));
#5703=DIRECTION('',(0.337915449796352,-0.941176470588236,0.));
#5704=CARTESIAN_POINT('',(3.6,-4.4,7.2));
#5705=AXIS2_PLACEMENT_3D('',#5706,#5707,#5708);
#5706=CARTESIAN_POINT('',(2.4,-4.4,7.2));
#5707=DIRECTION('',(0.,0.,1.));
#5708=DIRECTION('',(1.,0.,0.));
#5709=CARTESIAN_POINT('',(1.41176470588235,-5.08072828901127,4.));
#5710=CARTESIAN_POINT('',(1.41176470588235,-3.71927171098873,4.));
#5711=CARTESIAN_POINT('',(1.37994471108306,-3.76546582753554,3.99959574274157));
#5712=CARTESIAN_POINT('',(1.32730022903462,-3.85483784732374,3.99643508125513));
#5713=CARTESIAN_POINT('',(1.27063111566004,-3.98713399971907,3.98706116049796));
#5714=CARTESIAN_POINT('',(1.23265447329556,-4.11263783009412,3.97862010223944));
#5715=CARTESIAN_POINT('',(1.20879190361624,-4.23727592826698,3.97226324411972));
#5716=CARTESIAN_POINT('',(1.1982534361671,-4.36439601462987,3.96920017194354));
#5717=CARTESIAN_POINT('',(1.20130913853036,-4.49265423978893,3.97010337206512));
#5718=CARTESIAN_POINT('',(1.21793792073185,-4.61967706579302,3.97479194384687));
#5719=CARTESIAN_POINT('',(1.24827654351051,-4.7450963300464,3.98235089448066));
#5720=CARTESIAN_POINT('',(1.29133860522945,-4.86500880307123,3.99081540195153));
#5721=CARTESIAN_POINT('',(1.34566558485505,-4.97738110593838,3.99798567146603));
#5722=CARTESIAN_POINT('',(1.38877264801996,-5.04734997429922,3.99966640422823));
#5723=CARTESIAN_POINT('',(1.41176470588235,-5.08072828901127,4.));
#5724=AXIS2_PLACEMENT_3D('',#5725,#5726,#5727);
#5725=CARTESIAN_POINT('',(2.4,-4.4,4.));
#5726=DIRECTION('',(0.,0.,1.));
#5727=DIRECTION('',(-0.823529411764706,-0.567273574176056,0.));
#5728=AXIS2_PLACEMENT_3D('',#5729,#5730,#5731);
#5729=CARTESIAN_POINT('',(1.,-5.3643650760993,4.));
#5730=DIRECTION('',(0.567273574176056,-0.823529411764706,0.));
#5731=DIRECTION('',(0.,0.,-1.));
#5732=CARTESIAN_POINT('',(9.58823529411765,-1.91927171098873,4.));
#5733=AXIS2_PLACEMENT_3D('',#5734,#5735,#5736);
#5734=CARTESIAN_POINT('',(10.,-1.63563492390071,4.));
#5735=DIRECTION('',(-0.567273574176055,0.823529411764706,0.));
#5736=DIRECTION('',(0.,0.,-1.));
#5737=CARTESIAN_POINT('',(9.8,-2.6,3.96969384566991));
#5738=CARTESIAN_POINT('',(9.8,-2.6,3.96969384566991));
#5739=CARTESIAN_POINT('',(9.8,-2.55081060550105,3.96989102731882));
#5740=CARTESIAN_POINT('',(9.79435833523782,-2.45889566085,3.97129188394942));
#5741=CARTESIAN_POINT('',(9.77195835418107,-2.33338710283015,3.97741539101723));
#5742=CARTESIAN_POINT('',(9.74235692768653,-2.22804433203235,3.98419742626077));
#5743=CARTESIAN_POINT('',(9.71002551327561,-2.14138376479306,3.99040706084013));
#5744=CARTESIAN_POINT('',(9.67697931319255,-2.06912848812895,3.99486688368938));
#5745=CARTESIAN_POINT('',(9.64606306896405,-2.01095236291458,3.99798019081904));
#5746=CARTESIAN_POINT('',(9.61668679784211,-1.9618269863261,3.9996717743277));
#5747=CARTESIAN_POINT('',(9.59755542100321,-1.93280204090545,3.99991052083193));
#5748=CARTESIAN_POINT('',(9.58823529411765,-1.91927171098873,4.));
#5749=CARTESIAN_POINT('',(9.58823529411765,-3.28072828901127,4.));
#5750=CARTESIAN_POINT('',(9.58823529411765,-3.28072828901127,4.));
#5751=CARTESIAN_POINT('',(9.61777423704248,-3.23784564931424,3.99962472237475));
#5752=CARTESIAN_POINT('',(9.66673410987388,-3.15569315612399,3.99695896606864));
#5753=CARTESIAN_POINT('',(9.71882235587925,-3.03894480868179,3.9889516240781));
#5754=CARTESIAN_POINT('',(9.75230242444954,-2.9392419199637,3.98207041729256));
#5755=CARTESIAN_POINT('',(9.7728711513726,-2.85751980229723,3.97703062004779));
#5756=CARTESIAN_POINT('',(9.78585253664893,-2.78745671579603,3.97371957659079));
#5757=CARTESIAN_POINT('',(9.79402305419729,-2.72466286435754,3.97140792304185));
#5758=CARTESIAN_POINT('',(9.79885205482894,-2.66348028962747,3.9699996462549));
#5759=CARTESIAN_POINT('',(9.8,-2.62175555525217,3.96975914807385));
#5760=CARTESIAN_POINT('',(9.8,-2.6,3.96969384566991));
#5761=AXIS2_PLACEMENT_3D('',#5762,#5763,#5764);
#5762=CARTESIAN_POINT('',(10.,-3.56436507609929,4.));
#5763=DIRECTION('',(0.567273574176055,0.823529411764707,0.));
#5764=DIRECTION('',(0.,0.,-1.));
#5765=AXIS2_PLACEMENT_3D('',#5766,#5767,#5768);
#5766=CARTESIAN_POINT('',(8.6,-2.6,4.));
#5767=DIRECTION('',(0.,0.,1.));
#5768=DIRECTION('',(-0.337915449796353,0.941176470588236,0.));
#5769=CARTESIAN_POINT('',(9.8,-2.6,7.2));
#5770=AXIS2_PLACEMENT_3D('',#5771,#5772,#5773);
#5771=CARTESIAN_POINT('',(8.6,-2.6,7.2));
#5772=DIRECTION('',(0.,0.,1.));
#5773=DIRECTION('',(1.,0.,0.));
#5774=AXIS2_PLACEMENT_3D('',#5775,#5776,#5777);
#5775=CARTESIAN_POINT('',(8.6,-2.6,4.));
#5776=DIRECTION('',(0.,0.,1.));
#5777=DIRECTION('',(0.823529411764706,0.567273574176055,0.));
#5778=CARTESIAN_POINT('',(3.965,-4.4,7.2));
#5779=AXIS2_PLACEMENT_3D('',#5780,#5781,#5782);
#5780=CARTESIAN_POINT('',(2.4,-4.4,7.2));
#5781=DIRECTION('',(0.,0.,1.));
#5782=DIRECTION('',(1.,0.,0.));
#5783=CARTESIAN_POINT('',(10.165,-2.6,7.2));
#5784=AXIS2_PLACEMENT_3D('',#5785,#5786,#5787);
#5785=CARTESIAN_POINT('',(8.6,-2.6,7.2));
#5786=DIRECTION('',(0.,0.,1.));
#5787=DIRECTION('',(1.,0.,0.));
#5788=CARTESIAN_POINT('',(3.54181524629968,-4.4,9.6));
#5789=AXIS2_PLACEMENT_3D('',#5790,#5791,#5792);
#5790=CARTESIAN_POINT('',(2.4,-4.4,9.6));
#5791=DIRECTION('',(0.,0.,1.));
#5792=DIRECTION('',(1.,0.,0.));
#5793=CARTESIAN_POINT('',(9.74181524629968,-2.6,9.6));
#5794=AXIS2_PLACEMENT_3D('',#5795,#5796,#5797);
#5795=CARTESIAN_POINT('',(8.6,-2.6,9.6));
#5796=DIRECTION('',(0.,0.,1.));
#5797=DIRECTION('',(1.,0.,0.));
#5798=CARTESIAN_POINT('',(2.85,-4.4,9.6));
#5799=AXIS2_PLACEMENT_3D('',#5800,#5801,#5802);
#5800=CARTESIAN_POINT('',(2.4,-4.4,9.6));
#5801=DIRECTION('',(0.,0.,1.));
#5802=DIRECTION('',(1.,0.,0.));
#5803=CARTESIAN_POINT('',(9.05,-2.6,9.6));
#5804=AXIS2_PLACEMENT_3D('',#5805,#5806,#5807);
#5805=CARTESIAN_POINT('',(8.6,-2.6,9.6));
#5806=DIRECTION('',(0.,0.,1.));
#5807=DIRECTION('',(1.,0.,0.));
#5808=CARTESIAN_POINT('',(2.85,-4.4,4.6));
#5809=AXIS2_PLACEMENT_3D('',#5810,#5811,#5812);
#5810=CARTESIAN_POINT('',(2.4,-4.4,4.6));
#5811=DIRECTION('',(0.,0.,1.));
#5812=DIRECTION('',(1.,0.,0.));
#5813=CARTESIAN_POINT('',(9.05,-2.6,4.6));
#5814=AXIS2_PLACEMENT_3D('',#5815,#5816,#5817);
#5815=CARTESIAN_POINT('',(8.6,-2.6,4.6));
#5816=DIRECTION('',(0.,0.,1.));
#5817=DIRECTION('',(1.,0.,0.));
ENDSEC;
END-ISO-10303-21;
